Timestamp,Full Name,Pronouns,Tufts Email Address,Class Year,Do you identify as a member of an underrepresented group in STEM?,Why do you want to join JumboCode? What do you hope to gain by joining the club?,"What's your experience with volunteering, working with non-profits, community engagement, and/or social good activism?",Will you be in person on campus this semester?,Do you expect to be in person on campus next semester?,What's your availability for a one-hour weekly team meeting?,Which of the following classes have you taken?,List any technologies & skills you're comfortable with:,What was your first introduction to computer science?,Tell us about a project you're proud of,"If you have any links to share with us (e.g. GitHub/Personal Website), please share them here:","Please rank your project preferences (1 being your first choice, and 8 being your last choice) [Damien's Place]","Please rank your project preferences (1 being your first choice, and 8 being your last choice) [Hearty Meals for All]","Please rank your project preferences (1 being your first choice, and 8 being your last choice) [Massachusetts River Alliance]","Please rank your project preferences (1 being your first choice, and 8 being your last choice) [African Bridge Network]","Please rank your project preferences (1 being your first choice, and 8 being your last choice) [Somerville Media Center]","Please rank your project preferences (1 being your first choice, and 8 being your last choice) [Just a Start]","Please rank your project preferences (1 being your first choice, and 8 being your last choice) [Teen Empowerment]","Please rank your project preferences (1 being your first choice, and 8 being your last choice) [Mystic Learning Center]",Please elaborate on your preferences here:,Have you been a Developer for JumboCode before?,"If you answered YES to the previously question: would you be interested in being considered for our DevOps team, rather than a current project?",What aspect of developing do you enjoy the most?,Is there anyone (in JumboCode or another applicant) you would feel uncomfortable working with for any reason? Feel free to elaborate on the situation as much or as little as you wish.,"Would you be interested in participating in a JumboCode mentorship program as a mentee? More details to come, so selecting ""Yes"" is not a hard commitment.",Is there anything else you want to add/want us to know?
9/16/2026 20:27:31,Bennett Lee,He/Him,blee27@tufts.edu,2029,No,Experience in real-world projects and working within a team.,I volunteered as a youth baseball coach a few years ago,Yes,Yes,"Any day after 7pm, all day Saturday.","CS 11: Intro to Computer Science, CS 15: Data Structures, CS 160: Algorithms","C/C++, HTML/CSS",High school computer science class.,"At my internship this past summer I coded a network of Google Sheets, connected to each other using the App Script functionality. I had to learn how to use it on the fly, and my manager kept changing her mind about things, which often complicated the coding process. It connected 25+ Google Sheets. In the same internship I built a simple HTML app which pulled from the main master spreadsheet and could generate a Word Document based on the most recent information in one click. ",,1,2,5,4,8,3,6,7,"I did a volunteer event for a food bank recently and I witness the amount of people it served. Food is something everyone is entitled to, which is why I’d love to help Damian’s Place.",No,,,,No,
9/16/2026 20:29:20,Cole Belcher,He/Him,cole.belcher@tufts.edu,2030,No,I have a lot of experience coding and want to go more hands on. This club drew me towards choosing Tufts as I think it’s a great opportunity to get experiencing with web development and it’s providing a service to organizations that deserve it.,"I was a TA for my high schools intro to cs class, and I spent a semester designing a curriculum and teaching a programming class at a middle school based around sketch.",Yes,Yes,"I am available every day after 3, except on wednesdays and fridays.",CS 11: Intro to Computer Science,"C/C++, Python, Java","My intro to programming was Scratch about ten years ago, but my first experience with a traditional language was c++ in high school.","I build a physics study tool for my senior project last spring. I chose to do so as I found the class very difficult, and wished that there was an easier way to study for it. I worked with my teacher on the problems and equations and I used python and the pagans extension to generate visuals and animations for problem sets. These problems had randomized values so that the problems can be practiced repeatedly. The main challenge was using a terminal for the first time plus dealing with web development, as this was my first website. The link is posted below.",Physics project: thayerlabs.netlify.app   Silly game I made: scratch.mit.edu/projects/1188721583/,7,3,2,4,5,1,8,6,"It’s hard to choose really, but I tried to pick organizations that would provide me with very unique experiences. For example, the Mass Rover Alliance mentioned using geographic data, which sounds exciting as I have never used anything like that while programming.",No,,,,Unclear,
9/16/2026 20:43:39,Julian Jandris,He/Him,julian.jandris@tufts.edu,2030,No,"I have limited experience programing and working on service projects in high school, but I really hope to learn more. I'm considering a double major with mechanical and electrical major so the more exposure I can get to every aspect of that the better. I've always loved working on my own projects, microcontroller based things, drones, and even some of my own firmware for my modded Gamecube. I hope by joining JumboCode I can devote my time to a meaningful project while learning every step of the way. ","In high school I ran a club that organized volunteer runs to nearby animal shelters. Twice a month we'd send groups of 20 or people, myself included, to one of two shelters, either a cat shelter called Barbs Precious Rescue or a dog rescue called Bordertails. Over the 3 years I led the club I spent a lot of time organizing fundraisers, communicating and scheduling with shelters, and volunteering my own time-- which is was basically just playing with cats. It was one of the most fulfilling things I did in high school and it filled my camera roll with cats so I'd call it a success. ",Yes,Yes,"I have availability most nights other Tuesdays, i'm free weekends, and i'm basically free all day on Fridays. ",,"C/C++, Git/GitHub",I taught myself most of what I know watching the CS50 lecture videos on Youtube. That is to say pretty little.  ,Over the summer I did a lot of work with microcontrollers and embedded systems. That's basically just saying I would have an idea of some kind of device and then i'd go build it. I coded most of everything in Arduino IDE which is basically C++. I'd also assemble all my projects and design enclosures with CAD. This basically all to say i'm more of a hardware person. ,I have a build video on my youtube channel so feel free to like and subscribe. https://www.youtube.com/@impactfulsnake.   also here's my github with resources from some of my builds: https://github.com/julianjandris,6,5,1,3,2,8,7,4,My preferences mostly lie in whatever group I would be able to have the most impact within. I'm not sure where'd i'd be the most useful so i'd wish for the decision to be made by the groups I apply to. ,No,,,,Yes,
9/16/2026 20:44:27,Langlen Khuraijam,she/her,langlen.khuraijam@tufts.edu,2030,Yes,"I'd love to join the JumboCode to work with local non-profit organizations and gain real world experience. Being able to work on projects that have an immediate impact on the community around you is something that I was always passionate about in high school, but never got to see enough of. I hope to gain long-term friendships and connections with the developers I work with. Being part of a team that is full of diverse technical assets is something that I would love to be a part of so I can learn from peers instead of just professors or people online. I've only ever really worked on backend projects and done some competitive coding (ACSL, MACSO, CALICO) in high school, so at JumboCode I'd love to learn more about UI/UX and design! In addition, I'd be so excited to be a part of the JumboCode social community! Being from around Boston (Lexington MA!) I've been around many restaurants (I ALSO love beli maxxing) and would totally love to get to know more local spots and show off some of my niche picks! I really just want to be surrounded by people that love food and coding.","I was the head of my high school's student faculty senate, where we coordinated food drive deliveries twice a year. In senate we were also very in touch with our town's local government where I would attend meetings about budgeting and state legislature. I also worked as a volunteer water safety instructor for kids aged 3-12 in my town pool for two summers in high school. For all of high school I worked as a coding instructor at CodeNinjas, so I have experience working with kids and designing lesson plans. I volunteered to do lessons for girl scouts so they could earn their app development and cybersecurity badges. ",Yes,Yes,I am available every evening except for Fridays and Saturdays from 6-9pm.,"CS 10: Programming Fundamentals, I took apcsa so i skipped cs10","C/C++, HTML/CSS, JavaScript/TypeScript, Git/GitHub, Python, Machine Learning, Data Visualization, Natural Language Processing","I started around middle school doing programming classes outside of school, and competed for ACSL. ","I am really proud of the project I did modeling Senate factions in the United States Senate in Wolfram. I wanted to visualize the political polarization over time in the US Senate, as well as visualizing smaller factions within the two main political parties. I imported public voting data on each senator and drew connections between all the senators that had similar voting patterns. I then was able to import their respective committees and listed their most common political interests as their group ""name"". It required a lot of data cleaning, but I am super happy with how it turned out and I love that it blended my interests in political science and computer science!


",https://github.com/langkh,6,5,3,1,4,2,8,7,"I would love to be a part of African Bridge Network, as a kid of naturalized citizens I saw my parents going through the immigration process starting as H1Bs and now working in stem fields, and lot of my family in America are also trying to look for work and apply for green cards and OPTs. I would love to help other people especially in the Massachusetts area out through this project!",No,,,,No,https://www.linkedin.com/in/langlen-khuraijam-97ba9831b/
9/16/2026 20:48:44,Luisa Garciarramos,She/her,luisa.garciarramos@tufts.edu,2028,Yes,I want more practical coding experience. I also want motivation (helping a non profit) to code that is not just a grade for a class.,I regularly volunteer at home at a senior home! I am also a Tufts Laidlaw Scholar so we do leadership work with non profits.,Yes,Yes,I am available every day of the week after 6 except for Tuesdays. And saturdays I am available mostly all day. I am also very flexible as many of my commitments can be adjusted.,"CS 10: Programming Fundamentals, CS 11: Intro to Computer Science, CS 15: Data Structures","C/C++, ArcGis",My introduction was CS 10 my freshman Spring. ,I was happy to finish my CS 10 final assignment because I never thought I would like programming and I ended up really enjoying it and enrolling in more CS classes!,,1,5,7,2,6,8,4,3,Picked based on non profit interest but open to any!,No,,,,No,
9/16/2026 21:15:45,Grant Kerstan,He/him,grant.kerstan@tufts.edu,2029,No,"I want to gain more coding experience, learn more about CS professionally, and have fun while supporting the local community!",In high school I was a stem tutor and since freshman year I’ve been in the Thirst Project. This is a LCS club at tufts where we raise money to fund the building of ethically sourced wells in South Sudan. I am currently the treasurer of this organization.,Yes,Yes,"Generally: Mon, wed starting at 4:30 and tues staring at 6 but overall I’m pretty flexible outside of these times too","CS 11: Intro to Computer Science, Discrete math and linear algebra","C/C++, JavaScript/TypeScript, Git/GitHub, Python",I’ve been coding since I was a freshman in high school and been taking classes in it since then,"I built a mobile app with react native which is like letterboxd but for tv shows. Users can discover new shows, add them to a watch list, rate shows they’ve watched, etc. A challenge I faced was learning how to use APIs, but now that I’ve done it, I feel more experienced. Also, while not all, much of it was vibe coded. Here is a demo link if you’re interested (sorry if it doesn’t fit your screen) https://tviewer.netlify.app/",https://github.com/Grant-Kerstan,5,8,1,7,2,6,4,3,"The Massachusetts river alliance really spoke to me. I like the idea of helping to have cleaner rivers in the area, and the presenters seemed like lots of fun. Overall though, I’m happy to join any group.",No,,,Nope,Yes,I’m very passionate about computer science and would love to join the club!
9/16/2026 21:59:04,Ethan Li,He/him,ethan.li@tufts.edu,2028,No,"The idea of working with a full team sounds very enticing to me as my previous work experiences have not been with a full team (PM+lead+design). Most importantly, I would love to contribute to the community through engineering and development. Additionally, getting to make new friends, going out for meals, and having bonding nights is always a plus. I have lots of good restaurant reccs and cooking skills to contribute to the group (i make very good pasta). I am big on Minecraft, geoguessr, smash bros, gaming nights, etc.","In high school, I was part of a team that raised over $2000 for a summer camp helping children with learning disabilities though a bottle drive (Camp Meadowood). Additionally, I was and still am very big into cooking (especially for other people); one of my volunteer work was centered around cooking and serving food for a shelter home that seeks to help recovering drug addicts. ",Yes,Yes,"I am available to meet Wednesday, Thursday, and Friday after 6 pm. Weekends are fully free. ","CS 11: Intro to Computer Science, CS 15: Data Structures, CS 40: Machine Structures and Programming, CS 160: Algorithms","C/C++, HTML/CSS, JavaScript/TypeScript, React, Git/GitHub, SQL, Python, Machine Learning, Data Visualization, Natural Language Processing",My first intro to CS was during summer of Sophomore high school year where I took a C++ class and a computer science principles class at the community college.,"One of my favorite projects was during my sophomore year when I worked on a Python task automation script. The script is essentially a wrapper for a mathematical algorithm that automated the parameter search process. Typically, finding the parameter for a task involves a version of educated guess and check, which is incredibly slow (especially when using the computing cluster). This project was my first introduction to Python automation and I really enjoyed working on the project since this same automation code would be used for my (and many others’) current research work. There were several challenges in this project. The most notable challenge was the issue of our processes being preempted from the computing cluster, which essentially throws away any parameter searching that was done up til then. The fix was to add a separate checking mechanism, which would automatically resubmit the script if the job ever got kicked off the computer.",https://github.com/ethanli682,3,6,7,2,4,1,5,8,"I believe AI has great potential to help (not just brainrot content) with major societal issues such as the growing inequality and difficulties for many groups of people. Especially in large cities like Boston, the primary issues holding people back are housing and employment. Given the current economic situation, both are extraordinarily difficult to come by. Having completed an AI fellowship last summer, I would like to apply the skills I learned to a project that has a positive impact for society.",No,,,I am comfortable working with anyone!,Yes,
9/16/2026 22:18:51,Dimian Luo,He/Him,dimian.luo@tufts.edu,2029,No,"I want to join JumboCode because I want to make an impact in the world, and especially the community surrounding me. JumboCode is an amazing opportunity for me to positively impact the community by giving back to the non-profits that have been consistently providing for the Boston people. I hope to make new friends here at JumboCode, I want to further engage in the Tufts community and find more unique experiences. I also hope to gain relevant experience working inside a team and working with organizations. Back home in New York I play for a 9-man volleyball team. I want to give back to the community that has raised me and taken me in in the same ways that JumboCode seeks to better the Boston/Medford/Somerville community.","My experience with volunteering, working with non-profits, and community engagement stems a lot from my passion for the volleyball community. Volleyball as a sport and a community has given a lot to shape who I am now and I take every opportunity to use what I have given to support others. For example, I participated in an event called ""Dig Pink"" where volleyball athletes dedicate a day in October to fundraise for Breast Cancer Awareness. Beyond that I have helped hold fundraising tournaments for malnourished children. This semester I will be coaching for Boston United as an assistant coach as well. I see computer science, Tufts, and the Boston community in the same way. I hope to be able to give back to the community that has helped me in my career.",Yes,Yes,"Mondays after 4:30pm, Wednesdays after 4:30pm, Thursdays after 6pm (may change depending on acceptance into Tufts Mens Volleyball), Fridays after 7pm, Saturday, Sunday","CS 11: Intro to Computer Science, CS 15: Data Structures","C/C++, HTML/CSS, JavaScript/TypeScript, Git/GitHub, Python","My first introduction to computer science was a mandatory class in middle school. The class was held in a corner classroom at the end of the hallway on the second floor. I remember learning through Scratch using coding blocks to solve puzzles. My first introduction to real coding was in high school where I took CS 1, convinced that I wanted to become a game developer. ","Before I had left for college I had decided to attend a Hackathon/Game Jam with a couple friends. We thought the experience would be both fun and beneficial for our careers and we entered with no expectations. To label it as a stressful experience would've been a severe understatement, in just 12 hours we had somehow created a poorly made game from scratch. It wasn't the playability of the game or the features that we added that made me the proudest. I've definitely worked on more successful projects and definitely without the stress factor. However for just 3 high school students with no experience programming in a team setting to have even created functioning code was what I was the most proud of. It showed that we had adapted to overcome the challenge. 12 hours of work resulted in a rhythm game made using pygame and our sheer willpower. I think the biggest challenge outside of having been thrown into a team setting for the first time was definitely reading through all the documentation and experimenting with how pygame actually worked. The best way to describe the situation would be three cavemen slowly figuring out how to craft tools just given sticks and stones. ",,5,1,3,2,8,6,4,7,"Hearty Meals for All: As a huge foodie, I believe that the easiest way to brighten up someone's day is with a delicious meal. I think that Hearty Meals for All reflects my beliefs and is similar to the non-profit I had hosted a fundraising tournament for. I can see myself being the most passionate working for something that I truly believe.

African Bridge Network: A huge reason I want to work with African Bridge Network is because my own family has been affected by their immigrant status. My sister, sister-in-law, and brother-in-law have all been affected by their immigrant status. It took double the amount of work for them to compete with U.S. citizens. I believe that immigrants should get an equal opportunity and African Bridge Network can help make an impact in that area.

Massachusetts River Alliance: One of my more recent passions has been hiking. I feel like I have always cared for the environment in small ways and enjoyed the big world out there but joining Massachusetts River Alliance will give me a real chance to make an impact. I think that outside of waterfalls, rivers are the most super bodies of water and it would be awesome to be able to help maintain them. I also think that some of the technology that this group will be working on is kind of cool, I want to see how they use the geographical data.

Teen Empowerment: I believe that everyone can be a difference-maker regardless of age, race, gender, wealth, etc. Much like I wanted to make a difference in my community in high school, Teen Empowerment encourages that in the current youth. It is incredibly important to develop these leadership skills in the youth as they will be the leaders of the future. Side-note: I love poker.",No,,,,Yes,
9/16/2026 22:26:07,Jack Stuehler,He/Him,jack.stuehler@tufts.edu,2029,No,"JumboCode would give me the opportunity to apply my academic background in computer science toward a meaningful social mission while simultaneously developing practical, career-oriented skills. 

This past summer I was able to share my passion for CS with students K-12 through my teaching jobs, and JumboCode would be a new and different way to use CS to benefit others by building a tangible project.

I’m also excited by the idea of working as a developer in a collaborative group. I’ve explored software development independently through personal projects, but I haven’t had much experience contributing to a larger project or building software for a real client. The idea of working with and learning from people who have this interest in using technology for social good is super valuable to me.","I currently teach Python and Scratch remotely to students K-12 through a company called Create & Learn, and this past summer, I also worked at SMASH Academy, teaching Python and introductory AI to high school students from communities underrepresented in STEM.

Outside of CS, I volunteered for three years with a program in my hometown called Friends Connect, mentoring neurodivergent children ages 5–11 and helping them build friendships. During my senior year of high school, I launched an independent fundraising initiative where I strung lacrosse sticks in exchange for donations, personally raising over $1,000 for the Pediatric Cancer Research Foundation. I also spent four summers teaching swim lessons at my local pool.",Yes,Yes,"Mondays 6-8pm, Tuesdays 7-11pm, Wednesdays 9-12am, Thursdays 3-8pm, Fridays 3-7pm, and mostly free on Saturdays & Sundays any time. I can definitely attend the all-club meeting too. ","CS 11: Intro to Computer Science, CS 15: Data Structures, Discrete Math, Linear Algebra, AP Computer Science A","C/C++, HTML/CSS, Git/GitHub, SQL, Python, Java. Also I'm familiar with Typescript but I wouldn't say I'm proficient.","AP Computer Science A, which I took my senior year of high school. Really sparked my interest and made me want to become a CS major.","This summer, I built Compiled (https://jackstuehler.com/compiled), a website for comparing colleges based on academic and career outcomes for specific majors. I was frustrated by how difficult it was to compare this information across schools, so I used data from the Department of Education’s College Scorecard to build a tool that lets users compare schools in a table or visualize them on an interactive scatterplot.

I built Compiled using Next.js, TypeScript, and MySQL, using AI tools throughout development to help me learn unfamiliar technologies while applying what I already knew. One of the biggest challenges was working with the College Scorecard data itself. The raw datasets were large and messy, so I had to figure out how to filter and restructure them into a database containing the information I actually needed. I also spent a lot of time thinking about which features would be most useful to a user. One of the features I’m most proud of is the interactive scatterplot, which has configurable axes and drag-to-zoom. 

I also spent time optimizing the site after deployment, eventually achieving Lighthouse performance scores of 98/100 on mobile and 100/100 on desktop. This was important to me because I had been frustrated by how slow other college data websites could be when trying to compare schools.",Personal Website: https://jackstuehler.com GitHub: https://github.com/jackstuehler LinkedIn: https://linkedin.com/in/jstuehler,5,4,7,2,1,3,8,6,"The Somerville Media Center project immediately stood out to me during the GIM presentation because it provides a solution to a problem that I can’t imagine trying to solve at this scale before without AI. It seems like a case where AI can make something possible that otherwise wouldn’t be, and I also like the idea of working on something centered around preserving history and community. The team also seemed really cool.

African Bridge Network also stood out because I like the idea of using SWE to make career development and professional opportunities more accessible. The mission also connects to my interest in helping others develop new skills and opportunities, with my experience teaching CS and swim lessons. I'm also a huge fan of Khan Academy and I'm excited by the idea of working on a similar project.

Just A Start also stood out because I’m interested in learning about concepts like RAG and vector search, and I'm interested in the opportunity to learn how AI can be built into a full-stack application while contributing to a mission focused on housing and career development.

Overall, all of the projects sounded really interesting. I’d be excited to work on any of the teams.",No,,,No,Yes,
9/17/2026 10:19:10,Elchin Alishov,He/Him,elchin.alishov@tufts.edu,2029,No,I hope to gain more hands on experience working in the tech industry.,I was a part of jumbo code last year. I have extensive experience volunteering for events like COP29 cybersecurity and F1 communications managment. ,Yes,Yes,I am pretty flexible.,"CS 11: Intro to Computer Science, CS 15: Data Structures","C/C++, HTML/CSS, JavaScript/TypeScript, React, Tailwind, Git/GitHub, SQL, Node.js/Express, Python, Machine Learning, Data Visualization, Natural Language Processing","My first intro was during high school. I joined a extracurricular course on coding. We mainly wrote small scripts in python, but that sparked my interest for CS.","I built a autonomous memecoin trading bot. It worked by doing market analytics on every new memecoin created, then trading it based on certain parameters. I never got to finish it fully, but the potential to make it work is still there.",,2,6,1,4,8,3,5,7,"I would love to be part of Massachusetts River Alliance, because I have very similar experience from working at the ministry of ecology in Azerbaijan. My work consisted of creating a database to store information about bodies of water in distant regions. I hope to bring valuable insight and learn a lot from this opportunity.",Yes,Yes,"Deployment, managing databases and security. Also doing analysis on data. ",,,
9/17/2026 10:53:43,Mickey Liao,He/Him,cliao05@tufts.edu,2029,No,I want to join JumboCode because I want to learn new and refine my programming skills while giving back to the community. ,I have volunteered for church cleanings and events organized by it if it counts. I have also done mentoring in high school. ,Yes,Yes,Preferably Saturday Sunday since I am free all day mostly,"CS 11: Intro to Computer Science, CS 15: Data Structures, CS 20: Web Programming","C/C++, HTML/CSS, JavaScript/TypeScript, Git/GitHub, SQL",APCSA in Highschool. ,"I was pretty proud of the final project we did in CS20. We designed a website for book clubs to manage nominations and choosing books by integrating an API, we also used databases to create and store login information. Most of the stuff was coded in PHP so it's server sided. There was definitely challenges, especially because we are working with a new API, but we powered through it.  ",,2,1,5,4,8,6,7,3,"In general, I am very passionate about food security because I have been homeless at some point of my life, and definitely used help from food pantries and stuff like that. I really want to give back to the community so I put Hearty Meals for All and Damiens Place in first and second. I also emphasize with the mission of Mystic learning center since and African Bridge Network because I came from a low income immigrant family. The rest are placed like that just because I don't like AI / geolocation that much. ",No,,,,Yes,
9/17/2026 11:13:36,Spencer Martin,He/him,smarti23@tufts.edu,2030,No,I want to join JumboCode because it is such a cool club. I really like that it's not just another preprofessional club where you just do stuff for the sake of it looking good on a resume. Actually getting involved in the community and putting the skills that we are learning here directly back into the people around us is a super awesome thing to be spending my time with. I hope to gain more actual hands on experience with what it's like to actually create something and apply my skills as opposed to the hypothetical creations of class.,"I volunteered a lot at a church during high school, helping them with technical production aspects of their services, including a painful amount of computer network connection reconfiguration. I've also done various small one day service projects with my HS, as well as with my family.",Yes,Yes,"I'm not 100% sure, but I should, in general be available Mo, We, Fr after 3 as well as Saturday/Sunday mornings and evenings",CS 10: Programming Fundamentals,"JavaScript/TypeScript, Git/GitHub, Python",Coding in Scratch in 6th grade was probably my first foray into coding followed shortly by python.,"A project that I worked on that I'm proud of is from a high school club that I was in called Science Olympiad. There were a ton of science related events, but one of them was an event about creating a robot that you had to be able to program its route on the fly during competition. I spent an ungodly amount of hours fine tuning my driving algorithm using the data from the sensors with PID error correction so that it could drive quite far and stop within a centimeter or two from the target consistently. It didn't end up working because the organizers botched the event at the competition, but that's another story.",,7,1,2,5,3,4,8,6,"I was really endeared by the top three that I put, Hearty Meals for All, River Alliance, and the Somerville Media Center because of their missions and also because the problems they need solved seem like they would be fun to solve.",No,,,No,Yes,
9/17/2026 11:28:37,Alex Li,he/him,alex.li663974@tufts.edu,2027,No,Hope to become a better programmer and befriend nice students.,"Ta for algorithms, research intern at MIT creating robots for local schools, volunteer at local coding summer camp.",Yes,Yes,All days past 6pm,"CS 11: Intro to Computer Science, CS 15: Data Structures, CS 40: Machine Structures and Programming, CS 115: Database Systems, CS 116: Introduction to Security, CS 121: Software Engineering, CS 135: Intro to Machine Learning, CS 160: Algorithms","C/C++, HTML/CSS, JavaScript/TypeScript, React, Tailwind, Git/GitHub, SQL, Node.js/Express, Python, Machine Learning, Data Visualization, Natural Language Processing",Making animals move around in scratch when I was seven.,This past summer I created a cool network monitor at Aws which monitored network connections for all aws edge services. I built it in rust and a challenge was coding it.,I have none,1,4,3,5,8,6,7,2,Cool projects,Yes,Maybe,n/a,no,No,Thanks
9/17/2026 11:59:42,Noah Dengler,He/Him,noah.dengler@tufts.edu,2029,No,"I hope to gain valuable client-facing experience creating an app/project that is designed to serve another person/community. I hope to gain insight into managing a client's demands within a certain scope/timeframe. I also hope to gain a community of people to get to know, and to expand my network and personal connections.","I am currently serving as a Course Assistant, with full TA responsibilities (legally I am a course assistant because I am an undergrad) for CS150 Natural Language Processing taught by Dr. Mitropolsky.",Yes,Yes,"Monday, Wednesday, Thursday, Friday 10:30am-1pm, Monday Wednesday 3:30pm-5pm.",CS 11: Intro to Computer Science,"C/C++, Git/GitHub, Python, ArcGis, Machine Learning, Data Visualization, Natural Language Processing","I took an after-school Java class in middle school. We wrote very simple programs, at first simple calculator/game programs, but then we got to start doing fun stuff in a very old version of Minecraft, like changing the game rules and spawning in structures, which I found to be very fun.","The project I am most proud of is a Tetris-playing agent. The architecture behind the project is a transformer, tokenizing each row and column individually, with an extra column token for meta information (score, next piece, etc). The model is trained using PPO, and I did something I think is interesting for the reward shaping. Obviously we give the model a reward for scoring, and a punishment for topping out/trying to make illegal moves (the logits are defined on a placement level rather than a frame level, as training each individual input is impractical. This does however create the problem that the model tries to output impossible logits sometimes, eg trying to place a piece that is blocked by a previous piece. So we just give the model a flat cost for trying to place the pieces somewhere it cant). But one specific direction I explored was the aggression of the model. 

Previous models had arbitrary aggression settings, which just amounted to scaling the reward for points and reducing the reward for topout, but I wanted to make this relationship explicit. I wanted a model that could be fine-tuned to topout a specific percentage of the time before level 29 (the ""killscreen""). To do this, I used a Lagrange multiplier. If we attach a cost head to the transformer base, then we can have the model make predictions about the %cost, essentially risk, of each placement causing the model to top out. We can then constrain the model to limit the sum of these cost evaluations to below whatever we want (we can do this because the episodes are capped at level 29, so the sums are finite) and voila, we have a model that plays as aggressively as possible while topping out c% of the time. Topping out means losing if that wasn't clear before. 

The development of this project was super challenging but fun, and I learned a ton about reinforcement learning along the way. I would say the main challenge was trying to distill current best Tetris agents into my model. The bulk of the time spent training a model to play Tetris is spent at the beginning, where the model is just trying to figure out how to place the pieces and score. Because we only reward for scoring, the rewards are extremely sparse at the beginning of training, making this stage of training very tedious. 

To combat this, I tried several methods of distillation, and the failure of each of these methods taught me a LOT about RL as a whole, especially policy distributions. Usually what would happen is I would get a model that agreed with the top engines around 95-99% of the time, which I thought was great and then would start RL finetuning. The problem was, the model would quickly diverge from the distribution of states it was trained on, these states being the rollouts from the teacher model, and would have no idea what to do in these unfamiliar states and would top out at extremely low scores. This is fine on its own, but the problem was then the model had to learn how to deal with these situations, and then its distilled policy would get overwritten, essentially starting from scratch. Eventually I consulted the RL literature and found a technique called DAgger, where the teacher and student alternate placements during rollouts, with the teacher making less and less of the moves as the stages of DAgger increased. This resulted in a much better distillation process and faster training overall.",GitHub: https://github.com/noahdeng7 SUPAMINES Tetris agent demo: https://www.youtube.com/watch?v=OyqwL-DsvYQ,8,7,4,5,1,2,3,6,"I think my experience is most suited for the Somerville Media Center project. Having extensive experience working with data pipelines on the Tufts compute cluster, I have experience managing huge data under storage/compute limitations. I also have extensive ML experience, including published research and personal projects, so I am confident that I have the skills to build whatever models that this project needs. ",No,,,,Yes,"I hope that my lack of coursework is not a problem in the consideration of my application. I truly do have lots of experience with ML and programming as a whole. I worked in the Liu Lab here at Tufts for about a year now, and have been working at the National Center for Supercomputing Applications for 5 months on a research project. I am happy to provide proof of any of this work. I believe I am a valuable asset to any team and I hope you will consider my application."
9/17/2026 12:51:23,Caroline Baker,she/her,caroline.baker@tufts.edu,2029,Yes,"I am a computer science major and am interested in coding but I have never felt like I have been able to apply what I've learned in class to actual projects that can help real people and solve real problems. JumboCode seems like a place where I can find community, build my skillset, and create interesting programs that serve purposes in the real world. ","I love getting engaged with my community! Throughout high school I was part of National Charity League where I earned the gold-level Presidential Service Award twice. Me and my mom volunteered at local senior living homes, animal shelters, and businesses as well as with larger organizations like Meals-on-Wheels. I also participated in the Appalachia Service Project for three years where I traveled to rural homes across Appalachia in the summer to work on home repairs for people who couldn't afford to hire services themselves. In my senior year of high school I worked with the non-profit organization the Anti-Defamation League to organize and speak at assemblies in my school district about creating a more inclusive school environment. Overall, I enjoy working with people, learning new things, and helping out where I can!",Yes,Yes,"I am available Monday, Friday, and the weekend, and in the evenings besides Tuesdays and Wednesdays. ","CS 11: Intro to Computer Science, CS 15: Data Structures","C/C++, JavaScript/TypeScript, Git/GitHub, Python","My first introduction was probably using Scratch as a little kid to create basic programs, but what really got me into CS was my highschool AP CSA course.","I attended Tuft's Pre-College Coding Academy a few summers ago where I worked with people I had never met to create a functioning game using pygame and created a website interface for users. We decided to implement the New York Times minigame Spelling Bee. The coding for the game was simple, we knew how to use data structures and loops to run the game fully in our terminals, but none of us had ever used HTML or django before. It was full of trial and error. It took a lot of YouTube tutorials, stack overflow questions, and testing, but in the end we had a working website, with buttons of each letter to click, a list of the words the user found, and messages that displayed when the pangram was found.",,1,4,8,2,5,3,6,7,"While I would love to be a part of any of these projects, I ranked them in terms of my developing interests and the causes I care about personally. I want to be as helpful as possible to people so assisting places like food pantries, organizations that help immigrants find work, and overall establishing equity among people is something that really aligns with my values. Skill-wise, I think my top choices are do-able. I am a fast learner, especially when I have a true interest in what I'm doing, and I would love to work on platform development.",No,,,Nope!,Yes,
9/17/2026 12:52:27,Colin Ho,He/him,cho08@tufts.edu,2027,Prefer not to answer,"I want to return to JumboCode to keep using my engineering skills for real community impact. Building the diaper bank map last year showed me how rewarding it is to ship tech for local non-profits. This year, I'm eager to tackle new technical challenges on the backend and AI side, keep sharpening my full-stack skills, and give back by mentoring newer developers in the club.","In high school, I founded a tech tutoring organization for senior citizens, teaching them how to navigate modern devices. At Tufts, I built an interactive map for Beantown Baby Diaper Bank through JumboCode, visualizing over a million diapers delivered across Greater Boston. Together with my work in client-facing marketing internships, these experiences have taught me how to listen to community needs, communicate clearly, and apply tech for real social good.",Yes,Yes,I have some free time from Monday-Thursday and lots of availability Friday-Sunday.,"CS 15: Data Structures, CS 40: Machine Structures and Programming, CS 160: Algorithms, CS120: Network Security, CS61: Discrete Mathematics","C/C++, HTML/CSS, JavaScript/TypeScript, React, Tailwind, Swift, Git/GitHub, SQL, Node.js/Express, Python, Machine Learning, Data Visualization, Natural Language Processing",I went to a summer program in elementary school where they taught us how to code Minecraft mods.,"I built Keepsake Booth, a synchronized virtual photo booth designed for long-distance couples. I used React, TypeScript, and Vite for the frontend host it on Vercel, and use WebRTC via PeerJS to establish low-latency, peer-to-peer audio/video streaming and room synchronization. To create interactive features, I integrated Google's MediaPipe on-device ML models to process 33 body landmarks and 21 hand landmarks in real time, allowing users to apply custom background masks, AR props, and composite photos directly in the browser. The main challenge was handling real-time ML processing alongside video streaming without causing frame drops or sync lag. Running pose segmentation and hand tracking client-side required optimizing canvas rendering and isolating landmark detection logic so that countdowns, layout changes, and image compositing stayed completely in sync over the WebRTC data channel.",https://github.com/Colin243,4,3,6,1,7,2,8,5,"I am primarily interested in joining African Bridge Network as my top choice, followed by Just A Start.

African Bridge Network is my top preference because it allows me to directly apply my full-stack background in TypeScript, React, and building user interfaces to construct their candidate tracking portal. Having previously developed interactive dashboards for non-profits in JumboCode, I am excited to design end-to-end features that help fellows track their course progress and career development.

Alternatively, Just A Start is a great fit for my backend and Python background, where I could contribute to building their AI-powered search platform. Both projects strongly align with my goal of delivering high-impact, production-ready software for community partners while expanding my technical skills.",Yes,Maybe,"What I enjoy most is taking a raw idea from a white board or design doc and bringing it to life as a cool, functional product through code. There's nothing quite like the process of solving the puzzle of how to build something from scratch—whether that's figuring out peer-to-peer data streaming or parsing complex data for interactive maps—and seeing it turn into a real, working application that people actually use.",,,
9/17/2026 17:58:23,Evan Lynch,he/him,evan.lynch@tufts.edu,2029,No,"I want to learn about the tech stack, systems, and design that go into the making of real software as well as furthering my experience with working on a project in a team. I have always loved building various side projects for fun using AI but I feel I'm trusting AI too much on things like security and backend design, and I want to be capable at some point of building the backend mostly on my own or at least understanding everything that's going on.","I volunteered at my hometown food pantry for 2 years, and I was a co-head of the community service section of my high school's student government where I helped organize and be a part of events helping various people and organizations in my community.",Yes,Yes,I am available after 6pm most days.,"CS 11: Intro to Computer Science, CS 15: Data Structures","C/C++, HTML/CSS, Git/GitHub",CS classes in high school,"I've been working on a fitness social media app with a friend since July. It uses React Native/Expo and is built for both iOS and Android. My friend and I are not experienced full-stack developers, and we mainly used AI assistance to build it, which we found lacks a lot when it comes to frontend design and testing but is helpful for building backend logic we don't know about yet. Out of our 200+ commits to GitHub so far, probably about 70% were targeted towards fixing bugs and slowly building out UI since AI's frontend ""ideas"" mostly appeared sloppy or unprofessional.

Although bug fixing is time-consuming, our hardest challenges were navigating the tech stack and the abundance of services as inexperienced developers, especially with the complexity of a social media platform where users are constantly sharing and sending. This included making sure Supabase migrations worked correctly, connecting RevenueCat to handle payments, getting everything configured for the Google Play and Apple App Store, running security checks, and handling moderation through reporting systems, AI filtering APIs, and a moderation dashboard, which is currently a work in progress.

Although we are building with AI, I feel that I'm learning a lot from having to plan and communicate more executive decisions, such as overall architecture, user experience, connecting services, deciding which features are necessary and which are nice to have but not necessary for an MVP, and focusing on the design aspect. I'm glad I'm getting exposure to systems design and UI/UX, but from JumboCode I really hope to further my knowledge on the coding side of things especially when it comes to backend code, so I feel more confident in understanding an entire app instead of just trusting that AI can build a secure, functioning backend for my future projects.",Top secret screenshots of my current project: https://drive.google.com/drive/folders/1KWylMAY9o-jdkH-g2Tv2ER0GVFguJRBl?usp=sharing,5,2,3,4,8,1,6,7,"I liked how Just a Start incorporates aspects of finance and AI and I liked the idea of building a client-friendly data dashboard for Hearty Meals for All. I also felt like the teams for Just a Start and Hearty Meals for All were the best social matches for me. The rest of the projects I don't mind and I don't have strong preferences between them, Just a Start and Hearty Meals for All were just the highlights to me.",No,,,,No,
9/17/2026 19:58:06,James Molloy,He/Him,james.molloy@tufts.edu,2028,No,"I am looking to apply what I have learned so far in my CS classes to a more real world application. I am very confident in a lot of the theory from completing a lot of the CS courses at Tufts, however, I lack experience with real world applications. If I were able to join JumboCode, I would want to gain experience that would make me more prepared for a career in tech. Additionally, I would want to gain the experience of working with an entire team on a project that makes a real impact. In the future, I plan on pursuing software engineering or data analytics, and I think the experience of working at JumboCode would prepare me more for this. 

Another thing to note is that I am not as confident with my frontend skills as my backend skills. I have heard from others that JumboCode utilizes React, TypeScript, and more. I am very confident in my ability to code lower-level programs, but I have only built a few applications in HTML/CSS regarding frontend. I would love to be able to improve on my frontend skills.

One final thing to note is that I am very interested in ML/AI. I am taking Machine Learning, Probability, and Statistical Pattern Recognition this semester. Additionally, I have already taken Linear, and I potentially may be doing math research with a Tufts professor on a problem relating to ML. I would love the opportunity to apply my knowledge to a real project through JumboCode.","I volunteered as a basketball scorekeeper throughout all of my years of high school. Additionally, I did FOCUS my freshman year, and this involved a lot of community service. ",Yes,Yes,Throughout the week (Mon - Thurs) I am available after 6pm. On weekends(Fri - Sun) I am available before 8 pm.,"CS 10: Programming Fundamentals, CS 11: Intro to Computer Science, CS 15: Data Structures, CS 40: Machine Structures and Programming, Math 65 (Math Major equivalent of CS61)","C/C++, HTML/CSS, Git/GitHub, Python, Machine Learning, Data Visualization","I have been programming since freshman year of high school, and I took a very introductory level class.","After my freshman year of college I made a HTML/CSS website for my personal training company. It excited me because, although it was not that rigorous, it allowed me to build an application for something that I cared about, and it improved the condition of my business. The project showed me how I can use programming to improve my everyday life, and for that reason, it is special to me. The main challenges were formatting for smaller devices like  phones.

The most challenging projects I have completed were definitely in CS40. Arith was very challenging; regarding the difficulty of a project, this is definitely the project I am most proud of. If you haven't taken CS40, Arith is basically an image compressor/decompressor that uses lossy compression. It is also built in C. The main challenges me and my partner came across were (1) debugging and (2) modularity. Debugging took ages because the code base for the project is very large (our project had 1500 lines of code). We had one specific bug within the bit-packing interface; this bug took 3 hours of print statements, testing, and brainstorming to find. Additionally, our code was very bad regarding modularity, and it took about 3 hours to make our code readable and modular (had to create multiple classes that we did not initially plan for).",https://github.com/jamesMolloyLuvsCoding,7,6,2,5,3,1,8,4,"#1 - Why ""Just a Start"": I am very interested in this opportunity mainly because of the application of machine learning present. I am currently taking ML (CS 135) and Statistical Pattern Recognition (CS 136). I also am looking into doing Math Research on a Machine-Learning related topic with a Professor at Tufts at some point during this academic year. Additionally, I am currently taking Probability, and I took LinAlg last semester. I have taken a lot of the Math and CS courses related to the theory and application of ML. ""Just a Start"" clearly has a strong real world application for all I have learned, so I would love to work on this project. I think (1) it is a great fit for me and my skills, and (2) it is a great way to apply my knowledge to a real world project. One final thing to note is that my personal beliefs align very much so with the mission of the non-profit. I am not a fan of the wealth inequality in the country right now; I would love to contribute to a nonprofit that works to change this. This is yet another reason I would love to work on this.

 
#2 - Why ""Massachusetts River Alliance"": My application to this is less about my abilities to program and more about my connection to the cause. I live in Massachusetts, and there are 3 - 4 relatively large rivers in my hometown. I have swum and lived around these rivers for years, and I have grown to love them. I would love to apply my knowledge of programming to a cause that directly affects the place I grew up, and benefits it greatly. Additionally, I am excited about the ability to touch up on my skills in frontend development, like React and Typescript. I have used React minimally, and I have barely used TypeScript. However, I am eager to learn how to better use these technologies. I would love to work on this project!

#3 - Why ""Somerville Media Center"": I am interested in this opportunity because of the application to AI/ML through the search algorithm. I am currently taking ML (CS 135) and Statistical Pattern Recognition (CS 136). I also am looking into doing Math Research on a Machine-Learning related topic with a Professor at Tufts at some point during this academic year. Additionally, I am currently taking Probability, and I took LinAlg last semester. I have taken a lot of the Math and CS courses related to the theory and application of ML. Implementing what I have learned in all my courses to an actual project would be crucial for my development as a programmer. I think I am a great fit for the role because of all I have learned theoretically through Math/CS/ML classes. One other thing to note is that my hometown also has a Media Center similar to this one, and it recorded many of my high school memories. Its presence is still very prominent in my home. I would love to have the opportunity to give back to a community media center similar to the one I had; it would be like a full circle moment. I would love to work on this project.",No,,,No.,No,No.
9/17/2026 21:02:00,Wumou Xie,Simon,Wumou.xie@tufts.edu,2029,No,"I want to join JumboCode because I enjoy building tools that make someone’s daily life easier. While developing a monitoring interface for elderly people with incontinence, I conducted user research across five nursing homes and eleven households. That experience made accessibility concrete for me: caregivers with different levels of technical familiarity needed to understand and use the interface easily.
JumboCode’s year-long partnerships with nonprofits appeal to me because they offer the chance to understand an organization’s needs and stay involved as a solution takes shape. I would bring my programming experience and attention to accessibility while learning to develop and maintain web applications collaboratively. I especially want to improve at translating client needs into features, reviewing code, and responding to feedback. I also hope to find a community of teammates who enjoy learning together and care about the people using what they build.","Together with my high school classmates, I developed a smart monitoring device for older adults with incontinence. My contributions included conducting user research across five nursing homes and eleven households and developing an accessible web interface that integrated real-time Bluetooth sensor data and alerts. We refined the device and interface through feedback from older adults and caregivers, paying attention to users with limited mobility, vision, or technical familiarity. The project supported more than 50 older adults and taught me how listening to users can shape technology that makes everyday care easier.(https://www.iotwearing.com/)
As an organizer for the Boston IBD Empowerment Run Team, I recruited 44 participants and helped organize inclusive running activities for people with inflammatory bowel disease. I also designed adaptive games to support participation and well-being. This experience encouraged me to consider how activities could accommodate different needs and help people feel welcome.
I also served as a FIFA World Cup volunteer at Gillette Stadium, welcoming visitors, providing directions and event information, and assisting with fan activities. Working alongside event staff and fellow volunteers strengthened my communication and teamwork skills.
Across these experiences, I learned to approach community involvement by understanding people’s needs and following through on practical responsibilities. I would bring that same approach to JumboCode, working with teammates and nonprofit partners to build accessible, useful software.",Yes,Yes,I’m available on Friday for all day.,"CS 10: Programming Fundamentals, CS 11: Intro to Computer Science","HTML/CSS, Git/GitHub, Machine Learning, Natural Language Processing","I was first introduced to computer science through AP Computer Science A in high school. Learning Java gave me a foundation in programming and taught me how to break problems into smaller, manageable steps. From there, I continued exploring programming through mathematical modeling and projects with practical applications.","
I’m proud of Tufts Review, a campus guide and review website I built with a senior Computer Science student at Tufts. As a new student, I struggled to find information about courses, food, and campus activities. Reddit discussions were often outdated, and Instagram posts were scattered. That frustration motivated us to create one searchable platform.
We built the website using React and Next.js, with Supabase for the database and authentication. Students can browse campus resources, search for specific professors or courses, and contribute reviews.
One challenge was making the growing directory both trustworthy and easy to navigate. We researched official university sources department by department, separated factual information from student opinions, and added department filters and paginated loading.
What excited me most was turning a problem I personally experienced into something useful for others. The project taught me that building a good product requires more than working code: the information needs to be reliable, and finding it should feel straightforward.
Website: https://tuftsreview.org","In addition to working on TuftsReview, I’m currently building my own cross-border e-commerce platform, with the goal of earning income to help cover my living expenses. The site is still a work in progress:https://blue-orchard.net/",7,4,3,6,5,1,8,2,"I am looking for a team with a balanced workload, where I can find joy and passion in coding by helping others, rather than getting burned out by overwhelming tasks.",No,,,NA,Yes,NA
9/17/2026 22:00:03,Laila Kersh,She/Her,laila.kersh@tufts.edu,2029,Yes,"One of my biggest struggles in computer science has been application. In a world where AI is so heavily integrated into tech, it's easy to learn concepts in class and never actually build with them. JumboCode offers the kind of hands-on, real-stakes project I want by giving me the chance to write software for organizations that serve real community needs. I also appreciate the club being guided by Tufts students who understand what it's like to be a CS student still figuring out how classroom knowledge becomes a working product.

Additionally, I find the prospect of JumboCode exciting because it gives me a way to actually build a connection to the Medford/Somerville/Boston area, rather than just attending school here. As a student, it's easy to stay inside the Tufts bubble without ever engaging with the community around it. JumboCode is a concrete way to change that. I’d be able to use the skills I'm building in the classroom to support organizations actually working in this area, and to start building the kind of civic connection I want to establish. 

What I hope to walk away with isn't just a stronger application or portfolio, but a clearer sense of what it actually looks like to build technology responsibly for people beyond the classroom and a new community of programmers at Tufts!
","A relevant experience I have with community engagement in tech is my work with Girls Who Code, where I served as secretary. Every year, our club hosted a free event for public school students across the Chicago area to explore different STEM fields, with stations covering cybersecurity, AI, biology, robotics, and mechanical engineering. We also ran outreach events at other schools, teaching younger students how to build with Makey Makeys and circuit boards.

This work mattered to me because I didn't get into computer science until sophomore year of high school, and I've always wished I'd started earlier. Helping younger students find their way into STEM and CS early, especially as the industry becomes more central to everyday life, felt like a way to give other students the head start I didn't have. It also was a catalyst for my civic engagement in technology because it opened my eyes to its inaccessibility and how impactful exposure can be. ",Yes,Yes,I'm available on Monday and Wednesday evenings! I am also able to attend the all-club meeting on Sundays. ,"CS 11: Intro to Computer Science, CS 15: Data Structures","C/C++, HTML/CSS, Git/GitHub, Python, AWS","My first experience with computer science was my sophomore year of high school when I participated in a data science program at University of Chicago. Every Saturday for about 2 months we would meet at the Data Institute on campus and go over case studies, work with Jupyter notebook, and analyze data using python with other high schoolers and UChicago students.   This was a cool experience because I was able to dip my toes into CS and see if I enjoyed the subject matter. It was also great being supported by UChicago staff and other students who wanted to learn more about the subject as we were able to get acquainted together. ","A project I'm proud of is the one I worked on during my internship this past summer at Amazon Payments, Amazon's fintech organization, where I built a full-stack fintech application. When the project was first proposed to me, I was intimidated because I had no prior experience in finance or anything related to it. However, my mentor and coworkers were incredibly supportive throughout my onboarding and ramp-up process, which made the steep learning curve much more manageable.

My final product was the event handler for a new buy-now-pay-later service that Amazon plans to launch in their store. The project pushed me to quickly learn AWS services I hadn't used before, navigate Amazon's internal tooling, understand financial terminology and calculation methods, and test my code end-to-end. By the end of the 12 weeks, I delivered a fully functional project and was able to successfully demo it to my team. 
",,3,2,7,1,4,6,8,5,"I’ll use this space to elaborate on my top 3 choices:

(1) I chose the African Bridge Network as my first choice because the work this organization is doing feels very relevant and personal to me. I’m from Chicago which is one of the country’s major safe haven cities, so we have seen a great deal of influxes in immigration over the years, especially since Donald Trump’s presidency. One controversial period was during the time there were major political issues in Venezuela resulting in a lot of people seeking asylum in Chicago (and other places throughout the country). As a result, the city government used resources to help hundreds of thousands of Venezuelan families find housing, education, employment, and safety. While many Chicagoans saw this as unfair, I believe this program gave those people the opportunity to build a better life for themselves. The ABN follows the same path, helping immigrants who are also seeking better lives for themselves get the resources they need. There is so much discourse around immigration and the workforce, and I believe helping these people in their job search and doing things aligned with their talents will benefit the Boston area and the greater economy. It will also be a step in getting America back on track to welcoming immigrants with open arms and helping them integrate, and I’d be happy to do my part in developing the software for certification. 

(2) I was particularly drawn to the Hearty Meals for All project because of the fintech aspect, as well as the general mission of the organization as a whole! Food insecurity is a big issue in my hometown and there are many programs that try to assist with solving this, but they also experience similar issues with poor platforming and data management. I understand the impact this organization is having on the community because as a college student, a homemade meal shared with others can really make a difference. I also have experience working in fintech for a larger corporation and I would love to use this knowledge on a smaller scale to help assist with inaccessibility to homemade meals. I feel this project would also give me the opportunity to expand my knowledge on data management, payment processing, full-stack programming, and application development.  I am drawn to Damien’s Place for very similar reasons as I feel like the clients have similar missions and project descriptions, but the accessibility and creating a simplified user experience is a skill I find to be relevant and something I want to develop myself. 
",No,,,Nope,Yes,
9/17/2026 22:05:15,William Balz,he him,william.balz@tufts.edu,2029,No,"For context, I study Electrical Engineering and Biomedical Engineering, but I'm also quite into the software and programming aspect of things. I've always valued giving back to my community (which I will outline in the next question), and have been looking for more of a direct sense of purpose in the programming/software projects I take on. Most recently, I worked at VulcanForms this summer, a manufacturing company that developed novel Laser Powder Bed Fusion metal 3d printing technology. One of my projects was focused on data management. As a manufacturing company, they have lots of different parts circulating around many different phases of production. My independent task was to build a system, based in Ignition, to be able to communicate with all the different PLCs in the factory using MQTT to create an organized database with a bunch of visualization features. It also had to be seamlessly adaptable to onboarding of new machines: i.e. it automatically realizes when a new system has come online, and starts pulling its data and filtering it into the database without any back-end modifications. There were also a lot of random technical kinks I had to work out, as well as granular process optimizations. A question I had to address, for example: ""What's the fastest way to filter out erroneous duplicate part entries?"" Well, duplicates usually come in somewhat quick succession, because, if they appear, they were probably entered by a human during their review of one lot (a ""lot"" is a group of parts that come out of one printer together). For that reason, an LRU cache for O(1) lookup with a hash map worked the best. Within Ignition, the program relied mostly on Jython and SQL. With JumboCode, I want to apply these skills in a different and more personal domain that is the nonprofits you guys work with. 

Another memorable experience was when I founded Collage AI (collage-ai.com), an edtech startup. When I interned at the VC firm Morningside, one of my summer projects with the other two interns was to, essentially, come up with a good way for educators to implement AI in their classrooms to improve student learning outcomes with novel pedagogical techniques baked in. We decided to acquire Studywise.io as a starting point, so my job was less about coding and more about UI/UX, once the time came to actually implement the vision. I became frienemies with Figma and designed Collage's MVP with my team. By the time I went to college in the fall, we'd hired full time leadership, and my role become more of an advisory position, helping to make sure everything ran smoothly. In addition to weekly meetings where we would discuss the vision and its execution, I did plenty of product testing, where I uncovered countless usability idiosyncrasies which I imagine would come in handy when hopefully contributing to new software at JumboCode.

I would say more, but this is getting pretty long-winded. In short, I'd love to have a more direct relationship to the organizations and people benefitting from the software I help build--as well as improve my skills--which JC is all about!","I started getting into volunteer work in early middle school. It started with my local farm, Land's Sake, where I would help out on the weekends with their range of agricultural tasks. I continued with them through high school, while also getting involved in other organized student groups. 

As part of the student government, every year we would organize events in support of Camp Sunshine and Camp No Limits. Each event would involve hundreds of participants from the entire town, as well as about 50 student volunteers we recruited from our high school. We also worked extensively on a more directly personal level with local organizations like the Waltham Boys and Girls Club, running drives and volunteering events to support children in need. 

In addition to formal organizations, I also got very into tutoring throughout high school. Some of it was paid and much of it was volunteer work, particularly for kids struggling in freshman physics, though I also tutored geometry/algebra II/precalc/calc/multivari/linear algebra/ap physics c and some others. I typically worked 5-10 hours a week tutoring. 

Lastly, I just became an RA this year. It's been very interesting, entertaining, and fulfilling thus far. I've kind of been a resource all my life for people to go to with their struggles, be they academic, emotional, or otherwise, and being an RA allows me to continue in that purposeful role. ",Yes,Yes,"In the spirit of computer scientist organization:

Sunday:
If we're doing Sunday, we might as well tack it on right before or right after the big meeting. Otherwise morning/afternoon best

Monday:
0900-1000 
1900-2200 

Tuesday:
0900-1200
1930-2200

Wednesday:
0900-1000
2100-2200 (ES4 lab, I'm sure it won't always go until 9). 

Thursday: 
0900-1200
1930-2200

Friday: 
0900-1200

Saturday:
0900-1500","CS 11: Intro to Computer Science, cs50, apcsa, 6.1200J","C/C++, HTML/CSS, JavaScript/TypeScript, Git/GitHub, SQL, Node.js/Express, Python, Data Visualization, Natural Language Processing, node js i have used occasionally and am by no means an expert. natural language processing i have also just dipped my toes in.",I started with a computer science summer camp when I was in 4th grade.,"I kind of went into detail on my VulcanForms data project in the first section, but here I might as well talk about my sushi go bot. I've also built several websites (with plenty of vibe coding involved), but these are obviously less, like, algorithmic. 

It was right after the sushi go project from CS11, and I was bored in my dorm before the end of finals period, so I thought I should try to play sushi go optimally. I basically just added a bot player that uses some basic information set monte carlo tree search to play sushi go, decently. It runs simulations for every turn. The bot keeps track of which cards have appeared in the round, so it can have more realistic simulations. Each node of the tree is basically the next card picked in the sequence (selects randomly based on untried cards in current hand). As each node is built, a simulated game (using a simple greedy algorithm) plays out from that card pick, the final score is calculated for that node, and its visit count increases by 1. When choosing which node to explore next, the bot balances exploration and exploitation using the UCB1 algorithm, and continues as normal. The bot plays 15000 simulations per turn, adding new nodes with randomly selected untried cards when possible, or just reevaluating the score of each path with greedy simulations (and randomized cards in play when it hasn't seen them all yet). In terms of actually picking a card for that turn, it chooses the most visited node's card. Hopefully that kind of made sense. I had to reexplain this to myself like 10 times just now. 

In terms of methods and challenges: I made this just in C++. I wanted to actually make it myself, so at the beginning I only talked to Claude about planning it. Later, I gave it more authority to fix some weird bugs--like for example I was having problems separating the simulated games from the actual game with Cards being passed by reference, so Claude advised me to create a separate object called CardKey that would essentially copy a card but still allow me to pass it around by reference. ",willbalz.github.io,1,3,7,2,5,6,8,4,"I'm particularly interested in the data/onboarding/scheduling/etc. system in the Damien's Place project. I think it would follow nicely from data organization/visualization/acquisition skills I used at my job this summer, and the idea of making a very usable app to manage hundreds of volunteers excites me. Plus, I imagine there'd be cool opportunities to design algorithms for assigning volunteers' shifts based on availability, who's most likely to show up, and other intriguing parameters that we could track, explicitly or implicitly. 

ABN is similar in that a candidate portal sounds like a significant project that would also be super interesting to optimize. I've seen a million candidate portals and like the idea of trying to make one that is perfectly seamless and impossible to screw up using. 

Hearty Meals also seems interesting in the data aspect of things. Might be a little messy trying to gather everything at first, but I think I could add value in terms of how to manage/visualize/analyze it, as well as with some ideas regarding optimal processes on the backend--like the little tricks I mentioned in my VulcanForms spiel at the beginning.",No,,,No,Yes,I think that's all. Hopefully I didn't yap too much. Thank you for your consideration! 
9/18/2026 0:54:01,Ronjan Husain Mian,She/Her,ronjan_husain.mian@tufts.edu,2028,Yes,"I want to join JumboCode because it would give me the opportunity to use my software engineering and backend skills to support organizations doing meaningful work. Most of my experience has been through coursework, research, and personal projects, so I am excited to work with a team on a real product shaped by a nonprofit’s needs. I hope to strengthen my technical and collaborative skills while learning how to build software that is both useful and accessible to the communities it serves.","I have contributed to Sugar Labs, a nonprofit open-source organization that develops educational software for children. I added a new feature and helped update parts of its codebase, which taught me how to contribute to an existing project designed for a broader community. I have also worked as a Software Researcher with the Fletcher School’s IDEA Lab, where I helped research and design technical solutions for its users. Through group projects and coursework, I have also regularly supported classmates by explaining technical concepts, debugging code, and helping teams move forward.",Yes,Yes,"I am available on Sundays and most other days of the week, except Wednesdays. I can be flexible about the specific meeting time.","CS 10: Programming Fundamentals, CS 11: Intro to Computer Science, CS 15: Data Structures, CS 20: Web Programming, CS 40: Machine Structures and Programming, CS 135: Intro to Machine Learning","C/C++, HTML/CSS, JavaScript/TypeScript, Git/GitHub, SQL, Python, Machine Learning, Data Visualization, Natural Language Processing",Summer before starting freshman year. Started learning c++ basics.,"One project I am especially proud of is a cost-optimized LLM query router. I built it to reduce the cost of using paid language models by classifying each prompt based on its complexity and routing simpler requests to a free, locally hosted model while reserving GPT-4o for more difficult requests. I also added context compression before paid API calls to reduce token usage. The system reduced total inference costs by over 70% while retaining about 92% of the baseline accuracy.

The main challenge was finding the right balance between cost and response quality. An overly aggressive router saved more money but sometimes sent difficult prompts to the smaller model, while a conservative router reduced the potential savings. I tested different classification approaches and thresholds, analyzed where routing errors occurred, and adjusted the system based on those results. This project excited me because it combined machine learning, software engineering, and practical product tradeoffs.",https://github.com/ronjanhusainmian,7,6,4,8,1,3,5,2,"Somerville Media Center is my first choice because I am especially interested in the project’s use of AI to generate transcripts and metadata for a large video archive, making decades of community media searchable and easier to access. It would allow me to apply my experience with AI and data pipelines to a real product with a clear, practical purpose. Overall, I am flexible and would be excited to contribute to any team where I can take on meaningful technical work, collaborate closely with others, and build something that will be used beyond the classroom.",No,,,,,
9/18/2026 10:34:31,Michele Bilko,she/her,michele.bilko@tufts.edu,Masters Student (non-Tufts undergrad),Yes,I want experience working on a team and actually developing something rather than doing small one off projects like I have been. I think it’ll be good experience for my future employment and will help me acclimate to that sort of work in a more relaxed atmosphere.,I’ve been working on the website for my friend’s zine that she’s launching. I also used to run a club in high school that taught elementary and middle schoolers how to code. I’ve worked at a non profit before as an intern (if you count a university as a nonprofit haha). Non-cs related volunteering for me includes volunteering at food not bombs and a new group my friends started called Boston Bike Nation where we provide help for people with bikes trying to learn how to work on them.,Yes,Yes,Varies week by week but I can usually find time between classes or in the mornings. Anything before 12 would be ideal for me most days but also depends on what my work schedule looks like. ,"CS 10: Programming Fundamentals, CS 11: Intro to Computer Science, CS 15: Data Structures, CS 20: Web Programming, CS 40: Machine Structures and Programming, CS 105: Programming Languages, CS 115: Database Systems, CS 121: Software Engineering, CS 160: Algorithms, CS 170: Computation Theory, I took the equivalent of these at my undergrad if that counts?","HTML/CSS, JavaScript/TypeScript, React, Git/GitHub, SQL, Node.js/Express, Python, Java",I went to a hackathon when I was 10 and learned how to make a website with HTML and CSS and then I just started making a lot of really ugly websites from there haha.,In my undergrad for my directed study I implemented the pseudocode from two different research papers we were closely reading on conductance in graph networks and it was really challenging but fun to translate the algorithms into actual implementation. I also worked on an image inpainting project for one of my classes where we trained a deep learning model to infill errors from a scan line corrector failure on a satellite called Landsat-7. I didn’t work as closely on the deep learning aspect and was moreso in charge of creating the data and running comparisons with other models but it was still a really interesting project and the first group project like that that Ive been a part of. Learning how to talk about our ideas in a way that makes sense to the whole group was a very valuable skill to learn through that.,michele-bilko.github.io,5,4,2,7,3,1,8,6,"I think the tech stack for Just a Start is interesting and uses different technologies I’ve been looking to get more involved with. I’m also quite interested in GIS related work and although the river alliance is quite different I think environmental projects are always super interesting. I’ve interned at a media center in the past so the Somerville media center is also a really interesting one. The others are all pretty equally appealing to me, and I think any project would be interesting to work on! I think it’s less of a 1-8 and more of my top 3 choices (which are all pretty equally appealing) and the other choices (which are still interesting!)",No,,,,maybe?,
9/18/2026 19:01:38,David Kang,He/him,dkang04@tufts.edu,2028,Prefer not to answer,"I want to join JumboCode because it combines collaboration, community service, and meaningful problem-solving. I hope to meet people who care about social impact, grow as a teammate and communicator, and learn how to work thoughtfully with nonprofits to address their needs.","I volunteered at my local library and senior center as a technology coach, helping older adults learn to use computers and digital tools. I also helped facilitate daily activities at the senior center. These experiences taught me patience, empathy, clear communication, and the importance of listening to the people I am serving.",Yes,Yes,Anytime except Friday nights and Sunday noon.,"CS 11: Intro to Computer Science, CS 15: Data Structures, CS 40: Machine Structures and Programming","C/C++, Git/GitHub, Python",Block-based coding on Scratch when I was young.,"I’m especially proud of BroMarket (https://bro-market.vercel.app), a web app I recently built to play with friends. It combines the competition of fantasy football with prediction-market mechanics, creating a more social and engaging alternative. I designed and developed the app from the ground up, with a focus on making it intuitive and fun. One challenge was turning a complex idea into a simple experience that my friends could easily understand and enjoy. Working through that process taught me to seek feedback, adapt my ideas, and build with the user in mind.",https://dkang7.github.io/,4,2,3,8,7,1,6,5,"Just A Start is my first choice because I’m interested in making community resources easier to access and helping organizations preserve valuable knowledge. I ranked Hearty Meals for All second because its volunteer-driven mission connects closely with my own community service experience. Massachusetts Rivers Alliance stood out because I like the idea of engaging volunteers in environmental work, while Damien’s Place connects directly to my experience helping older adults feel comfortable with technology. I also find the remaining projects meaningful and would be excited to contribute to any of them while learning more about the communities they serve.",No,,,,Yes,
9/18/2026 19:28:03,David Thele,He/Him,david.thele@tufts.edu,2030,No,"I hope to join Jumbocode for 3 main reasons:

1. To help and give back to local communities 
2. Pursue my love for coding in a group of people that also enjoy programming
3. Continue to expand my programming toolbelt and learn new skills and new software

Elaboration:
I find building software that people actually use to be very rewarding. It instills a sense of fulfillment and pride when you see your hard work going towards something that makes other people’s lives easier. 
I love figuring out new problems and experimenting with code or software that I have not explored yet. I also enjoy working with people who also share a love for coding, and I hope to experience more team based projects that are similar to what I might experience in a job. 
Finally, I am always seeking to expand the tools that I am capable of using. Looking at the tech stacks in the slides, all of the groups have at least a few things that I have not used or even heard of, so I am excited to learn about them. ","Mountain bike coach: I volunteered as a coach for a non-profit mountain biking club in my local town back home. I worked to guide other kids on weekly rides through our local trails, provide guidance and feedback on biking skills, and work within summer camp programs in local schools. (did the weekly rides during the school year for 1 year, did the summer camp programs for 3 summers)

Summer Camp Assistant Teacher/Teacher: Worked as an assistant teacher at a elementary/middle school for a summer camp. Learned how to work with and teach young kids. The main teacher spontaneously quite after 3 days, so I transitioned from assistant teacher to sole teacher in the role for the rest of the time. (1 summer)

Wilderness School Non-profit work: Worked at a wilderness school in the Sierra Nevada mountains that focused on providing outdoor opportunities for people who many not have opportunities to get out into nature or explore the wilderness. Hosted several groups over the summer, including Brotherhood of elders (a network focusing on ""empowering black boys and men to achieve their full potential"" centered in Oakland), Outward Bound Adventures (another non-profit focusing on providing outdoor education to BIPOC communities), and a YETI program (youth engaged in transformational inquiry; this program seeks to encouraging kids 10-14 to pursue ""discovery through the lens of curiosity, attention, and wonder"", skills taught by John Muir Laws. (2 summers)",Yes,Yes,"Mondays: Free after 11:45 AM
Tuesdays: 12:00 PM – 1:15 PM, 2:45 PM – 4:15 PM, and 6:00 PM – 8:30 PM
Wednesdays: 11:45 AM – 4:30 PM, and 5:30 PM – 6:45 PM
Thursdays: 12:00 PM – 1:15 PM, and after 7:00 PM
Fridays: 11:30 AM – 1:15 PM, and free after 2:30 PM
Weekends: Free all day Saturday and Sunday (including before/after the Sunday 7:00–8:15 PM all-club meeting)",,"JavaScript/TypeScript, Git/GitHub, SQL, Python, Machine Learning, Data Visualization, Natural Language Processing, I have used html, css, react, and node.js, but wouldn’t consider myself comfortable with them.",comp sci class sophomore year of high school,"The project that I’m most proud of is a personal project that I started during my first comp sci class and have been working on ever sense. We were working in Java, and we had just learned how to render things on the screen. I was interested in learning about how computers render things in 3 dimensions, not just the 2 dimensions that we were doing in class. 

I embarked on a project to make my own 3d renderer completely from scratch (no libraries outside the ones baked into java, and once AI released I vowed not to use AI to write code for this specific project because it was meant as a self exploration project.) I did research on all the math and physics needed for the project, and worked on it on and off for the next 2 years. 

I got it to the point where I could upload and render custom 3d obj files with textures, colors, and lighting (so you were able to upload 3d models from a CAD software or a 3d modeling software like Blendr and render them and move around and explore the models). I started with perspective projection, but also experimented with orthographic projection, as well as basic lighting, ray tracing, UV mapping for textures, and many optimization techniques for getting things to render at a reasonable framerate (30-60fps) on a cpu (didn’t have a gpu or anything to render things on). 

It may not sound incredibly impressive, but I am extremely proud of it because it was an entirely self taught journey that allowed me to explore my love for math, physics, and coding. It showed me that I am capable of a lot more than I initially thought if I just apply myself.

The two biggest challenges I faced were layering and optimization:

The first problem that occured was layering. I tried for several months to figure out a way to sort the triangles in an order such that when they were rendered, they didn’t overlap with each other or render behind one another. I tried every method I could, but all of them seemed to have some sort of edge case that would break the rendering. The one method that I was avoiding, even though it was the one that was considered the best method to use, was pixel-by-pixel rendering. I was avoiding this, because I knew it meant I would have to step up my optimization game significantly. 
This moves us to the second problem, optimization. Once I switched to pixel-by-pixel rendering, my layering issues were entirely resolved, but the framerate had significantly dropped. I needed to find a way to determine which triangle should be rendered for every single pixel (>1 million pixels), which was an extremely expensive task, especially considering it couldn’t really be paralleled onto a gpu because I was programming just for a cpu. From here, I spent the next several months working to improve every tiny piece of my code to make it run as fast as possible, and eventually I got it back up to the desired 30-60fps.  ","This was a website that me and my friend made for our school. Our school holds an annual set of horse races that all freshman participate in, and they had asked for a complete website redesign since the old one stopped serving their needs. My friend and I embarked on this task, and we spent our senior year making this website for them. Feel free to explore it here: https://gymkhana.thacher.org/",7,2,6,8,3,1,4,5,"I feel that I would be most qualified for Just a Start, which is why I put it as my top choice. I already have at least a little, if not a lot of, experience with python, typescript, react, postgresql, RAG, vector search, LLM’s, and docker, which is almost the entire tech stack listed for Just A Start. From there, I just ranked projects based on my interest to them. ",No,,,,Yes,
9/18/2026 19:45:36,Maksim Mandel,He/him,maksim.mandel@tufts.edu,2030,No,"Throughout high school, I was always participating or leading groups dedicated to civic service, and I would like to continue this in college. I led ""The Sharing Project"", which grew and donated produce to local food pantries. I also raised over $5,000 for the Parkinson's Foundation and The Sharing Project through fundraising concerts, and played gigs at nearby nursing homes. With JumboCode, I hope to coalesce my love for STEM and civic service, bolstering the community of Medford while learning coding and technical skills that will be crucial to my future as an electrical engineer. ","I have worked as a leader for The Sharing Project, and Ambassador for the Parkinson's Foundation, and I have sung in free a cappella events, played gigs at nursing homes, and fundraised with my band for the Parkinson's Foundation and The Sharing Project. Additionally, I volunteered at the Dover Boxing Club, a non-profit that offers boxing training to individuals in northern Jersey.",Yes,Yes,"Monday: after 4:15pm. Tuesday: after 4:15pm, Wednesday: 4:15-6pm, after 7pm, Thursday: after 4pm,  Friday: all day, Saturday: all day, Sunday: not free 11am-1pm",,"C/C++, JavaScript/TypeScript, Git/GitHub, MatLab","In high school, I began to teach myself Unreal Engine 5. I also took AP CSP, where I learned basic Java, and I am now self-teaching C++ and MatLab.","One project I am very proud of is my C++ virtual amplifier. I love playing guitar, and after learning some basic C++, was wondering if I could code a virtual amplifier to give my guitar distortion and reverb. In this process, I created 4 files for multiple use cases. The first is a .exe file, which directly adds the effects to a signal from an audio interface into. The second is a .vst3 file, which can be placed inside of a digital audio workstation to give any audio track the effects. The third is a .nam file, which can be uploaded to any digital guitar pedal (ex. Strich Pipe Tones) to be used at concerts. The final file is a .cpp, so anyone can change the effects to their liking. One major challenge I found was trying to convert the .vst3 into a .nam file. To do so, I needed to use the Neural Amp Modeler, which determines what the effects are to put onto the .nam. I had to mess a lot with the actual .cpp file, changing the tone so that it converted properly onto the .nam, and figuring out which audio files Neural Amp Modeler wanted me to input in. However, by the end, I successfully created the .nam and put the effects onto my pedal.","https://github.com/RealCraft1?tab=repositories , www.linkedin.com/in/maksimmandel ",3,2,8,7,1,4,6,5,"I have a background in the musical arts, and would love to work towards preserving them with the Somerville Media Center. Additionally, I have a history in supporting food pantries, and would like to continue supporting through Hearty Meals for All.",No,,,,Yes,
9/19/2026 14:15:59,Justin Ngan,He/him,justin.ngan@tufts.edu,2029,No,"I want to join JumboCode because I had a very valuable experience last year and would like to continue to develop my software skills. As a freshman last year, I felt that the opportunity to work on a team with experienced programmers and developers encouraged me to become a better coder and team member. By joining the club again this year, I can work more towards learning how to work on a team of developers. ","In the past I have helped out at various community-service events near my home, like hosting an e-waste drive to spread awareness about proper e-waste disposal and working in a robotics summer camp to teach kids about robotics and STEM subjects. ",Yes,Yes,"Any weekday past 9pm, as well as 7pm onwards on Wednesdays and Fridays, and mid day on weekends.",CS 11: Intro to Computer Science,"C/C++, JavaScript/TypeScript, React, Tailwind, Git/GitHub, SQL","I started coding on scratch after doing a summer camp where game design was one of the programs. Ever since then I have been interested in coding, taking a class in high school.","A project I am proud of was during High school, where I was on an FTC team and was a programmer. I programmed the robot to have automated trajectories and self-correction capabilities using RoadRunner, a robotics mapping library. It worked by using an odometry sensor to track the robot's position on the field and communicate with the wheel motors to direct them on how to move. Training the robot to calculate trajectories involved running tests and observing linear regression models. I didn't fully understand regression models at the time, so one of the challenges was searching through files and determining which variables were part of the robot's movements and sensor detections. But through reading some online docs and watching youtube video, I was able to figure out what values were needed to make the robot have smooth movement. I also used RoadRunner to automate the robot's auxiliary parts like claws and extensions and was able to run the program to score points during competitions. ",https://github.com/jngan01,6,3,8,4,5,1,2,7,"I placed Just a Start as my first choice because the project and organization reminds me of my mom who currently is working in finance focused on affordable housing. The career training and youth education that I read about on their website is also very cool. As someone going into DS, I'm very interested in learning how Ai-powered searches work. I also like to bake and the team-bonding ideas sound fun. For Teen Empowerment I am also interested in the API integration. I have been learning SQL recently and would like to learn more about it through projects.",Yes,No,N/A,,Yes,"Nothing I can think of at the moment, thank you!"
9/19/2026 16:26:48,Joey Mussalli,he/him,joseph.mussalli@tufts.edu,2029,No,"I want to join JumboCode for two reasons. The first is that I want to meet more people who enjoy building and working on projects outside of class. Most of my CS friendships come from class, and JumboCode seems like a great place to expand my network and form strong relationships with other students in the department. 
The second is exposure to the tools and methods that get used in industry. Class projects are good for teaching concepts, but I want to learn more about what industry-level projects look like and how they are managed. ","During high school I taught at KTBYTE, a computer science academy, and volunteered with gbSTEM, a nonprofit.

At KTBYTE I taught Java to middle schoolers for a year before they asked me to help start and mentor their VEX Robotics team, which I did for two years. gbSTEM runs free online STEM classes for K-8 students around Boston, and I taught various CS classes and developed curriculum there for two years.",Yes,Yes,Any weekday 6-9. ,CS 15: Data Structures,"C/C++, HTML/CSS, JavaScript/TypeScript, React, Git/GitHub, Python, Machine Learning, Data Visualization, Natural Language Processing",I started coding by taking classes through KTBYTE when I was around 13. After taking a few intro classes I got really into coding and starting coding on my own for fun. ,"I did VEX robotics in high school. My junior year game had robots scoring acorn shaped elements into goals and climbing a 24 inch pole at the end of the match. I was a builder, programmer, and driver for my team, and we rebuilt the robot three times that season.

The advantage we had over other teams was that we adapted our robot to be able to navigate under a 6 inch bar that covered a large part of the field. If your robot didn't fit under it, you were heavily restricted on where you could move. Since it was so difficult to build a competitive robot that short most teams didn't attempt to design for it. My team built the intake to fold flat so we could drive underneath the bar, get into the opponent's goal, and pull their scored elements back out. 

For the autonomous period I wrote position tracking in C++. We used tracking wheels for odometry with PID. For the climb we pulled power off the drivetrain with a pneumatic power take off mechanism to run a winch, so we didn't have to dedicate a separate motor for it.","Github: https://github.com/joeymussalli, Personal site: https://joeymussalliportfolio.netlify.app/",7,4,5,1,8,2,3,6,I weighed my technical interests with the vibes I got from each group during their presentations. I would be happy with any of my top 2-3 choices. ,No,,,No,Yes,
9/19/2026 19:19:41,Karla Armoush,she/her,Karla.Armoush@tufts.edu,2027,Yes,"I want to join JumboCode because it's where my technical skills stop being abstract and start being useful to someone. Most of what I've built so far has lived in a problem set or a personal repo. The idea of writing code that an organization actually depends on, for a cause that matters, is what drew me here. I want the things I learn to address real problems and leave something better behind, and JumboCode is one of the few places on campus where that's the whole point.
The other reason is the people. I came into CS11 with no programming background at all, and what surprised me wasn't the material, it was how much I loved being around the community that formed around it. I went to office hours constantly, often without a specific question, just because I liked being in a room where people were working through the same problems together. I learned as much from hearing how TAs approached a bug, or what their own experience in the class had been, as I did from the assignments. Getting to know them as people was its own reward.
That feeling was reinforced when I attended Harvard's WECode conference and got to speak with people like Telle Whitney, co-founder of the Grace Hopper Celebration. Hearing how she thinks about building space for others in this field made me want to be in rooms like that more often.
What I hope to gain is exactly that: a team of people who care about the same things, a project I'm proud to point to, and friendships that outlast the semester.","Most of my community work has centered on the same question: who gets left out of a system, and what can be built to bring them in.
At UWC Atlantic, I helped build and ship AILEM, a language-learning app for refugees, to the App Store. I hadn't written a line of code at that point — my part was the problem itself: who the users were, what they actually needed, and how to get the thing into their hands. It was my first experience of building something that reaches a person who needs it, and it's a large part of why I came to college wanting to learn to code at all. Around the same time I served as Peace Council Co-Chair and ran a UWC-affiliated nonprofit fundraiser that raised over $8,000.
I've since spent three consecutive cycles on the UWC Syria National Committee, most recently as Alumni Engagement Manager and Social Media Messages Manager — work that meant staying in contact with Syrian students navigating applications, scholarships, and the practical side of leaving home for school abroad.
At Tufts, I led the peer advising team at the International Center, managing five advisors and owning our budget, supporting students through the specific friction of being international here. I currently hold twice-weekly office hours for roughly 250 students across foundational Python, C++, and Career Success courses. Having come into CS11 with no programming background, I know exactly what it's like to be the person in that room who isn't sure they belong, and I try to be the advisor I would have wanted.
Right now the project closest to me is BEADU — a nonprofit jewelry business I founded, where every piece is made by hand and proceeds go toward funding education for Syrian students. It started as something small and tactile, a way to turn hours at a table with a tray of beads into tuition for someone back home. Running it has meant learning the parts of impact work that aren't the mission statement: sourcing, pricing, building a brand people actually want to buy from, and setting up a channel to route the money where it's meant to go. It's taught me that good intentions only travel as far as the system you build to carry them — which is, I think, exactly the lesson JumboCode is built around.",Yes,Yes,Monday–Saturday after 6pm; Sunday after 2pm.,"CS 11: Intro to Computer Science, CS 20: Web Programming, CS 135: Intro to Machine Learning, CS 160: Algorithms, CS 170: Computation Theory, I TA CS10 and CS5 (Career Success for CS Students). I took CS86 OOP for GUIs and am taking 105 and Human Computer Interaction at the moment.","C/C++, HTML/CSS, JavaScript/TypeScript, Git/GitHub, SQL, Python, Machine Learning, Data Visualization, Natural Language Processing","CS11! I had no real coding experience before that — the occasional curiosity search, but I'd never actually written a program. I came to Tufts planning to major in Cognitive & Brain Sciences only, and CS wasn't on my radar at all until I found out it was a requirement. My reaction was basically ""oh, not too bad — I enjoy math, so CS should be similar."" (I know people who love math and hate CS, so this definitely isn't universal, but in my case it worked out.) I ended up really enjoying the problem-solving side of it, stuck with it, and now I'm double-majoring.","



The project I'm proudest of came out of my internship this past summer at Dassault Systèmes, working across QE, R&D, and data science. The problem I was handed was that nobody could answer a simple question: what parts of the product aren't being tested? The coverage data existed, but it was scattered across separate systems in formats that didn't talk to each other, so leadership was making decisions about where to put testing effort largely on instinct.
I built a tool that consolidated those fragmented sources into one place and rendered the result as an interactive network diagram, components as nodes, their relationships as edges, coverage gaps visible as soon as you looked at it. The technical work was the data layer: reconciling sources that named the same component three different ways, deciding what counted as a gap, and getting it to a state where the numbers were trustworthy enough for someone to act on.
The harder challenge wasn't the code. It was that the answer depended on people in four different functions who each had a piece of the picture and each defined ""coverage"" slightly differently. I spent a lot of the internship in conversations — with QE engineers, R&D, data science, and PMs — working out what they actually needed to see rather than what I assumed they did. The visualization went through several versions because the first one answered my question and not theirs. That taught me that the useful part of a tool is almost never the part that was hard to build.
Right now I'm building something in that same spirit: ""Jumbo Wasn't From Here Either,"" a resource tool for international students navigating early careers Students build a profile — year in school, country of origin (travel restrictions matter more than people realize), the industry they want to explore — and the tool surfaces what's actually available to them, including a tab for Tufts students looking for on-campus work. I'm keeping it free while I build credibility with it. The challenge here is the same one I ran into at Dassault from the other direction: the information mostly exists, it's just scattered and hard to act on, and the real work is talking to the people who need it before deciding what to build.",www.linkedin.com/in/karla-armoush,7,5,8,1,6,3,4,2,"African Bridge Network is my first choice without hesitation. I'm on the pre-law track, planning to practice immigration and employee rights law, and this project sits exactly at that intersection: skilled immigrants who already have the qualifications, losing time and opportunity to certification processes nobody has mapped for them. I've spent a lot of my life and my work around people navigating systems that weren't designed with them in mind, and I'd bring that context to the requirements conversations, not just the code. Building the tool that makes a mentee's progress and outstanding requirements visible in one place is a version of the work I want to do for a career.
Mystic Learning Center and Just A Start are my next two because both are essentially social work problems with a technical layer on top, and access for people who are disadvantaged is what draws me to this kind of work in the first place. Mystic's paper-based enrollment asks low-income families to fill out the same information repeatedly to reach subsidized childcare they're already entitled to, the barrier isn't eligibility, it's paperwork, which is the most fixable kind of barrier there is. Just A Start is the same problem seen from the staff side: a decade of trusted community relationships scattered across inboxes and personal contacts, so a client's referral depends on which staff member happens to be in the room. Making that knowledge searchable means help reaches people more consistently, and consistency is usually what's missing.
Teen Empowerment is fourth, and it's the project where my technical background lines up most directly. Last summer I built a tool that consolidated fragmented test data from several systems into a single interactive visualization so leadership could actually see where the gaps were, the same shape of problem as pulling IMPOWR data into dashboards and North Star metrics. I'd also be curious about the AI-assisted theme coding, particularly the part where staff stay in control of interpreting the output. That framing matters to me: the tool should sharpen what people already know about their own programs, not replace their reading of it. Youth organizing is a little further from my own background than the three above it, which is the only reason it isn't higher. 
The bottom four are all causes I care about, and I'd be happy to spend the year building for any of them, the order just reflects where I think I'd contribute most.",No,,,N/A,No,"I applied to JumboCode as a sophomore and didn't get in, and I've kept an eye on it ever since. This is my last year at Tufts, and I'd love the chance to finally contribute before I graduate."
9/20/2026 20:18:00,Andrea Cabochan,she/her,andrea_lorraine.cabochan@tufts.edu,2027,Yes,"I’m excited to join JumboCode because it offers the perfect blend of community engagement and technical growth. I’m excited to contribute to my local community. Being part of a group that’s focused on using technology for social good deeply resonates with my passion for making a tangible impact. I’m eager to connect with like-minded individuals who are equally driven to create solutions that benefit others, and I see JumboCode as a place where I can contribute to projects that truly make a difference.
I’m particularly interested in web development and full-stack development, and I’m looking forward to applying my current skills to meaningful causes that help real people. At the same time, I’m excited to expand my knowledge, learn from the talented peers around me, and work on projects that challenge me to grow. ","I have experience working with nonprofits and community-focused organizations through both technology and leadership roles. I previously worked with JumboCode to build a scheduling platform for LGBTQ Senior Housing, and I served as a Product Manager and Lead Web Designer on a website redesign for the Good Samaritan Shelter, helping make information about 50+ community services more accessible. At Tufts, I’m also involved in organizations like The Asian Student Coalition where I help support community programming and outreach. These experiences have made me especially interested in using my technical and design skills on projects that have a direct, meaningful impact on the communities they serve.",Yes,Yes,"sunday 3-9, monday 8-10, tuesday 4-6, friday 6-10, saturday 5-10","CS 11: Intro to Computer Science, CS 15: Data Structures, CS 40: Machine Structures and Programming, CS 105: Programming Languages, CS 121: Software Engineering, CS 160: Algorithms","C/C++, HTML/CSS, JavaScript/TypeScript, React, Tailwind, Swift, Git/GitHub, SQL, Node.js/Express, Python, Machine Learning, Data Visualization, Natural Language Processing","My first introduction to computer science was through my high school senior thesis project, where I built a pixel platformer game using Java. This project was a unique opportunity to incorporate Filipino culture into the gaming space. I spearheaded the development of core game mechanics, such as monster AI, movement, attacks, and tile implementation. I also faced and overcame several challenges, including optimizing game performance and balancing gameplay elements to create an engaging experience.","One project I’m especially proud of was my internship project at Chewy, where I worked on an MCP tool that connected internal AI agents to order lifecycle data. A big part of my work was building and testing the system to make sure it could reliably retrieve the correct information while handling failures safely.

I created tests for different parts of the tool, including API responses, authentication, error cases, and safeguards around sensitive customer information. One of the biggest challenges was accounting for situations where external services failed or returned unexpected data, so I had to think beyond whether the code worked in the ideal case and consider how it would behave in production.

I really enjoyed this project because it taught me how important testing and reliability are when building software that other people depend on. It was also exciting knowing that the tool was designed to support thousands of customer-care agents, so even small improvements could have a meaningful impact.",https://acabochan.github.io/my-portfolio/,7,4,8,1,3,2,5,6,"African Bridge Network is my top choice because I’m especially interested in projects where technology can make an existing community service easier to access and manage. I like that this project combines user-facing features, such as mentee profiles and progress tracking, with more technical systems like role-based accounts, dashboards, and mentor assignments. I also have experience building tools for nonprofits, including a scheduling platform for LGBTQ Senior Housing and a service-focused website for Good Samaritan Shelter, so this feels closely connected to the kind of work I’ve enjoyed in the past. I’d be excited to contribute both my technical and design experience while building something that staff, volunteers, and mentees would actually use.",Yes,Yes,"I enjoy adding new features and working on UI/frontend development the most. I like taking something that already works and figuring out how to make it look better, feel more intuitive, and work more smoothly for the user. It’s especially rewarding when I can combine the creative side of design with the technical side of development and actually see the improvements I’m making come to life.",,No,
9/20/2026 22:03:53,Marc Isaac Aman,He/Him,marc.aman@tufts.edu,2030,Yes,"I want to join JumboCode because I relate heavily to its mission of helping nonprofit organizations. Coming from Indonesia, there are a lot of organizations that often lack the funds to acquire the necessary technological help for their goals. I have seen how access to technology can make a meaningful difference, and I want to use my skills in programming  to help organizations that may not otherwise have those resources. I also like that JumboCode allows students to work directly with nonprofits and create solutions that address real problems while gaining real-world problem solving skills. Through Jumbocode, I hope to improve my technical and teamwork skills while developing technology that leaves a meaningful impact on our community. ","I have been involved in community service through several organizations throughout high school. I co-founded Digital Dreams, an initiative that provides digital literacy education and refurbished computers to orphaned students in Indonesia. Through Plugged-IN, a service organization focused on technology education, I was the service officer teaching coding and computer skills to our school's community partners. I also co-founded Serenity Pertama, a nonprofit school supporting children facing financial instability, where I helped renovate classrooms and improve their learning environment. These experiences have allowed me to work directly with different communities and showed me how I can use my skills to create meaningful impact.",Yes,Yes,"I am available to meet every Monday after 10am, Thursdays after 6.50pm and Fridays after 1pm. My Saturdays are also available.",,"HTML/CSS, Git/GitHub, Python","I was first introduced to computer science at 6th grade, taking after school classes learning python.","A project that I really enjoyed working on was Trackstar. Trackstar is a Python-based DJ controller that uses webcam hand-tracking to control and mix songs in real time through an integrated DJ interface. This was a really exciting project to work on since it was the first project I worked on together with a friend, and we had a lot of friends who knew how to DJ and could actually use our program.

We built the program in Python and connected the hand-tracking output to functions that controlled different parts of the DJ software. One technical challenge we faced was managing the state of our hand-tracking inputs. Because the webcam processed frames continuously, a single hand gesture could trigger the same function multiple times before the gesture changed. This caused commands to execute repeatedly when they were only supposed to execute once. We solved this by implementing state checks that compared the current detected gesture with the previous frame before executing a command.",https://github.com/JustinTjitra/trackstar,5,6,4,3,7,1,2,8,"My decisions were based primarily on my personal interests and the areas I am most excited to learn more about. For example, I have a strong interest in economics, which is why I placed Just A Start first. I also considered how closely each organization aligned with my interests and the skills I hope to develop.",No,,,,Yes,
9/20/2026 23:16:38,Marcus Gallardo,he/him,Marcus.Gallardo@tufts.edu,2030,No,"I've always been a strong believer in using my technical skills to solve real-world problems and help others. By joining the club, I hope to gain more experience working in a collaborative setting on a meaningful project, and I want to learn from those with more experience and knowledge than me.","In the past, I led a volunteer, student-run development team in high school for three years that focused on delivering tech solutions to problems identified by students in the school community. We built and maintained things ranging from a multi-purpose schedule app, club tracking and registration systems, event attendance systems, and student attendance systems, and we had plans to build a shuttle tracking system. I also have experience representing a minority group on campus as the leader of the Filipino Student Association in high school.",Yes,Yes,"I am available after 11:45 am on Mondays, between 11:45 am and 3 pm on Tuesdays, after 5 pm on Wednesdays, between 9 am and 3 pm on Thursdays, and after 11:45 am on Fridays. On Saturday, I'm available in the afternoon, and my Sunday availability is at least 8 to 11 am and 5 to 10 pm.","CS 10: Programming Fundamentals, As a first-year, I skipped CS 10 and will be taking CS 11 next semester.","Swift, Git/GitHub, Python, Machine Learning",I began teaching myself how to make games in Scratch in 6th grade.,"I'm proud of my work contributing to the Campus App, an iOS and macOS app built by a development team I led that served to meet my high school's needs for schedule tracking, club information, sports information, and much more. The app is closed source, but the source code for the 2024 version is available at https://github.com/R-Malik/cps-campus-2024.",https://github.com/Marcus-Gallardo,6,7,3,1,5,2,4,8,"I am more interested in building on my current experience with backend work and tools in that part of the tech stack, so I mainly ranked based off of which projects appeared to have interesting backend tasks.",No,,,"Nope! I don't really know anyone as a first year, so I want to meet as many people as I can.",Yes,Thank you!
9/21/2026 14:05:35,Ysabella Vargas,she/her,ysabella.vargas@tufts.edu,2027,Yes,I want to join because I want further develop my software engineering skills in a team setting. I was a developer last year and I had such a great time with my team and learning how to work in a developer team setting. I hope to gain more practical coding skills but also learn more about how to work well in a team and possibly more of a management role. ,"I was a developer last year for artists for Humanity, and I have been a TA for Game design CS23 for 4 semesters. I also did a few projects with Groundworks Lawrence through my internship this summer where I helped re-soil plants, pick weeds, pollenate with plants and more for the community garden in Lawrence. ",Yes,Yes,"Monday + Wed: 12-1:30 pm and 4:15 to 9pm, Tuesday + Thursday: 12-1:30pm + 3-7pm, Friday 12:15 - 7pm, Saturday N/A","CS 10: Programming Fundamentals, CS 11: Intro to Computer Science, CS 15: Data Structures, CS 40: Machine Structures and Programming, CS 105: Programming Languages, CS 160: Algorithms","C/C++, HTML/CSS, Swift, Git/GitHub, Node.js/Express, Python, Machine Learning",I started with AP CS in my senior year of highschool!,"This summer, I developed a local LLM for the medical device company I interned for so that the software engineers and developers in the company have a tailored AI agent to their database to help speed up sprints and tasks for their new device coming out. I researched, studied and built the local LLM from the company hardware testing different harnesses and models to ensure the best functionality for the devs. ",https://ysabella-portfolio.vercel.app/,6,3,8,1,4,7,5,2,Everything sounds great but I prefer helping immigrants and helping with a project that related to that.,Yes,Yes,My favorite part of developing is the problem solving and the gratification of getting the problem right and fixed! I also really enjoy developing new innovative things to push the limits of my personal developer skills and learn through practicing and trial and error.,No!,No,Nope!
9/21/2026 15:33:20,Thee Thakong,He/Him,theetat.thakong@tufts.edu,2029,No,"I joined JumboCode last year and it turned out to be one of the best decisions I made. I met great people, had a ton of fun, and most importantly learned so much from everyone around me. Shout out CWK! Being part of it made me realize how big the world actually is. I got introduced to so many things I'd never even heard of before. I was pretty overwhelmed at first, but having people around me who were willing to help made it feel manageable. This year, I'm hoping to keep learning and growing with JumboCode.","During my summers in high school I volunteered at the Medford Farmers Market and at Soccer Nights Cambridge as an assistant coach. Last year was my first time building software for a nonprofit, when I worked with JumboCode on a project for CommonWealth Kitchen. It ended up being a really fulfilling experience.",Yes,Yes,"Monday & Wednesday: 12pm-9pm
Tuesday & Thursday: 4pm-9pm
Friday: 2pm-9pm
Saturday & Sunday: all day","CS 11: Intro to Computer Science, CS 15: Data Structures","C/C++, HTML/CSS, JavaScript/TypeScript, Tailwind, Git/GitHub, Python","My first introduction to computer science was stumbling onto the Minecraft Hour of Code on Code.org. I remember having so much fun with it, so I still look back on it fondly.","I'm most proud of TuneBug, a music learning web app I built that's kind of like Duolingo for music. You work through lessons on ear training, pitch, reading, and rhythm, and it can pick up your voice through the mic to check if you're singing the right note. I built it with Next.js and TypeScript, Prisma and PostgreSQL, and Tone.js for the audio, working through a lot of it with Claude Code.
A bug I remember is when the dashboard kept crashing in production even though all my tests were passing. Turned out my tests only ran against a separate test database, so a change I'd made never actually got applied to the real one, and the tests had no idea.",https://theetatthakong.com/,3,2,7,4,6,1,5,8,"My top choice is Just a Start. I worked with their tech lead Massimo last year and would really love to work with him again. The project itself sounds interesting too, since it uses AI-assisted search and some Salesforce integration, which are things I want to get more hands-on with. And working with a bigger nonprofit feels like a great learning experience. ",Yes,No,N/A,-,Yes,-
9/21/2026 18:37:33,Matthias Kuo,He/him,matthias.kuo@tufts.edu,2029,No,"Three things drew me to tech. My goal is to recruit for a Big Tech or FDE role at a frontier lab for my junior summer.

1. There's more to life than investment banking and consulting.
2. Working at a tech startup in San Francisco this summer was an amazing experience. However, coming from a finance background and surrounded by engineers, I had no idea what was going on most of the time. On the go-to-market team, it was also frustrating to have to go to engineers and wait for them to debug. My life and my customers will be a lot more satisfying if I gain the technical ability to go into the codebase and debug according to customer needs.
3. I love the SF startup vibe, but I also want to see what working at a larger company looks like. While there are many options, Big Tech is specifically where I want to go.

I've always known I want to be an entrepreneur at some point of my career given my family's background. And this summer further confirmed that. While 80% of the work can be done by AI, or I could hire engineers. I personally wanted to understand what entails within the output Claude is giving me. This is where I think that sets most people apart. Everyone can tell Claude what to do, but 95% is not using it to it's full capability. In a world where everyone's ""Claude Coding"", a community where everyone is hand coding projects actually excites me, I am eager to build a program from scratch, one that will not only give me real project experiences, but also force me to stay away from AI.

But beyond the sum of its parts, Jumbo Code's values speak to me. When I asked for advice about recruiting for SWE roles, Jumbo Code always came up. I'm applying mainly because of the people I've met and Jumbo Code's commitment to mentorship - whether it was my friend Natalie excitedly recapping her Sunday evening meetings, Jennifer's eagerness to mentor me when I first stepped on campus, or the energy in the room at the GIM. Jumbo Code's members strike me as genuine people who are passionate about helping others succeed. That's the kind of community I want to grow in and contribute to.","I have always been impressed by the ability of nonprofit organizations to tackle issues that the government can not address with limited resources. Rather that is providing shelter for the homeless, public education reform, or developing green jobs. They established a mission-driven community that benefits the public.

During senior year in high school, I had the opportunity to found an amateur soccer club dedicated to players with mild mental health challenges with my best friend. I resonated with the challenges nonprofits face in making a meaningful impact. As high school students with no prior experience, it was not easy to convince players to give us a try. My partner and I learned to coordinate weekly practices, communicate consistently with the team, and assign different roles (referring duties and coaching responsibilities). Those tasks gave me the skills to be a responsible leader.",Yes,Yes,"Monday - After 4:30 PM
Tuesday - After 3 PM
Wednesday - 3-6 PM
Thursday - After 3 PM
Friday - Any time",CS 10: Programming Fundamentals,"Git/GitHub, Python",APCSP in my junior year in high school,"My first ever hand-coded project was the final project for CS10: an ""evil hangman"" where the program never picks a word but instead holds a list of words and reacts depending on user input. Whenever the user makes a guess, it secretly looks for a different word within the list and outputs an error message. It only accepts a letter when it's out of options.

The most exciting part of the whole project was realizing that the program doesn't need an answer to proceed. However, this was also the hardest part: making the lie undetectable. I remember my first version just grabbed any word without the user's letter, which broke immediately. The board would show ""-I---"", then the program would swap to a word like ""KIWI"" where the board would update to ""-I-I"", and suddenly that would be incorrect. It took a lot of back and forth to come up with a way to ensure that the player couldn't prove I was lying.

It was not a super significant program, but it was a great opportunity to put what I learned throughout the semester into a mini project, and to think from the user's perspective rather than just about what my code did.",www.linkedin.com/in/mattmkuo,8,6,4,7,3,1,2,5,"Given that I don't have much technical experience, I was looking for projects that not only interest me but also teams where I could be useful from week one. My top three choices are the three AI projects on the list. Compared to other projects where developers are improving the system (cleaner forms, better scheduling, etc.), these three stood out to me given the opportunity to build something different. Teen Empowerment's staff can't hand-code years of qualitative feedback, and it would be ridiculous for staff at Somerville Media Center to go through each of the 4,000 videos to tag them. Just A Start requires a centralized platform that is available to everyone, something I recognize and resonate with as the president of a pre-professional club. Another reason that drew me to these projects is the open-endedness and creativity involved within them. There is no set playbook for building these systems, which is why it excites me.",No,,,n/a,Yes,n/a
9/21/2026 18:59:14,Abby Aguilar ,she/her,abby.aguilar@tufts.edu,2030,Yes,"I really enjoy coding and and anything computer science related! I'd love to learn more about implementing an actual large scale project, something I haven't had the opportunity to experience before, and its amazing that JumboCode also works towards a good cause. ","I volunteered at various non-profits, Building One Community where I helped organize food drives and distribute food/care packages, Reach Prep where I volunteered to help set up and organize their formal events and office duties, and I tutored which was a paid position but aside from that on my own time I would help the parents send emails/read communications from schools and help them set up programs for kids to practice work on (khan academy, IXL, etc.). ",Yes,Yes,"I am available at any time past 7 on Mondays, Wednesdays, and Thusdays. Also anytime past 4 on Tuesdays and Thursdays. Also anytime on Friday and weekends. ",,"SQL, Python, I have experience with Java, Python, and SQL. I wouldn't call myself comfortable with them 100%. ","Since sophmore year in high school i've taken AP CSP, AP CSA, Data Structures, and Artificial Intelligence Seminar. Over the summer I created a program to calculate the elliptical orbit of a near earth asteroid using python.","For my Artificial Intelligence class I had to build a program using AI. Since I was a senior I had more freedom to pick what I wanted to make. At the time Spotify had recently released their ""mix"" feature which broke down the elements of a song and basically allowed you to become your own DJ. Something that bothered me was that the BPM and key of the songs that were being mixed never matched, so the transition ended up sounding weird and out of place. You were also unable to easily reorganize the playlist to make it match. I decided to make a sorting algorithm that used the BPM and key to reorganize the playlist using spotify's API, spotipy. A problem I ran into while building the program was a lot of spotipy's code was deprecated, so I found an API that used the song's ID (which I got using spotipy) to get it's BPM and key. Unfortunately the API I used only allowed me to get 5 songs elements per day before it made me pay a monthly fee. To work my way around that I learned how to cache the result of the song analysis as a JSON file and would save 5 a day for a week. Then I finally ran the rest of the code and it output a new playlist completely reorganized, with matching/compatible BPM and/or key which allowed the ""mix"" feature to create a smoother transition. I wouldn't call myself an expert programmer, this project was definitely a learning experience. The goal of this project was more or so to learn to set up a project, becoming familiar with virtual environments, library installation/usage, using API's and authentication (spotipy), and debugging. I used AI for the majority of my project (as instructed by my teacher) and I focused on understanding the mechanics behind it and learning more advanced implementations of programming. For example, AI helped me develop the sorting algorithm part of my code. I was able to learn about the greedy algorithm, why it works with my project, and how its implemented. Instead of just using AI I really tried to understand what was going on behind the code and how it worked. ",,1,4,7,6,8,3,2,5,"I've worked with a similar organization to Damien's Place, and I'd love to contribute to their cause! I also have some basic experience with a similar project. I created a basic webpage for my data structures class where I used MySQL to try and simulate a log in page for spotify where you can create a new profile and go through the steps to store basic info, encrypted card info, plans, playlists, etc. and you were also able to retrieve the data. It wasn't super complex, but I'd love to learn more about how its done at a larger scale! ",No,,,,,
9/21/2026 19:01:41,Jeremiah Longino,He/Him,jlongi01@tufts.edu,2027,Yes,"I want to once again join Jumbocode to bolster both my soft and hard skills as it pertains to industry. I also loved building a service that a nonprofit organization would use, as it is more applicable to industry but also because you can see clear benefits for that organization to function and grow.","I have experience with volunteering for my high school's FBLA but also was a participant in Jumbocode last year for Boston Community Pediatrics. With that our team spent time volunteering for their Christmas toy and essential supplies drive in December. I am also a participant of the Cybersecurity Clinic this year, where I am performing cybersecurity consultation services pro bono for another non profit organization in the area (proprietary so can not say which one it is (I think...)).",Yes,Yes,"Very, very, very free","CS 11: Intro to Computer Science, CS 15: Data Structures, CS 20: Web Programming, CS 40: Machine Structures and Programming, CS 105: Programming Languages, CS 116: Introduction to Security, CS 160: Algorithms, CS 170: Computation Theory","C/C++, HTML/CSS, JavaScript/TypeScript, React, Tailwind, Git/GitHub, SQL, Node.js/Express, Python","My first introduction to computer science was in high school, I did a research internship at Georgia Tech and it was both not my first choice in projects nor had I even thought about coding before that point. I worked on bioinformatics research in terms of finding novel genes related to IBD, Crohn's disease, and ulcerative colitis. I was able to learn Rstudio in terms of making graphs and showing which genes expressed higher than the known collection of genes and even made an Rshiny webapp to encapsulate all of my progress. ","I would say the project I was most proud of was my latest project at Expedia. I was pretty much just handed a general outline of the project that I had to do, but over the course of 10 weeks was able to create a very strong foundation. My project was an automated validation pipeline from a work ticket to a GitHub pull request then from a pull request to pre-prod validation. I remember when I first started, that I could not understand a single thing that my team was talking about in our daily stand-ups. But around week 7 - 8, I sort of got a hang of everything that was said and what were some of the ""parking lots"" or ""blockers"" for my team. I was able to take an essentially vague project and create entire automated pipelines for validation for any pull request with its own dedicated pre-prod pipeline. I was able to create a Claude skill that can be applied to any team with safety guardrails built in, while also checking the code every couple of days to uphold best practices for both the company and for the project itself.",https://sites.google.com/view/jeremiahlongino/resume_1,1,2,5,3,4,8,6,7,"I believe that my first three choices are both great for my desire to expand my industry relevant skills as well as with my goal of supporting non profits whose causes resonates with me. Coming from a low income neighborhood in a food desert, the idea of food insecurity doesn't have a name but you can clearly see its effects. There are higher amounts of chronic heart and kidney diseases in neighborhoods like mine due to both less education related to a balanced meal as well as the cost of buying certain groceries or how far away those resources are. I can also relate to connecting certain resources for workplace and career advancement as well since that same neighborhood constantly has issues with community engagement. Not that all of them are undocumented, but the idea of a less educated and marginalized group not being given the same access to these types of information and development resonates with me as well. Along with this comes the idea of the tech stack and project scope, as the other side for me is diversifying my skillset, which the Somerville Media Center would help with in this new AI and machine learning landscape.",Yes,"If I get the role and not given first my 3 choices from the Jumbocode projects, then yeah I'll do it. Not like as a second option, but like y'know can't have a cake and eat it too thing it was one or the other anyway as a requirement. But I mean you can see the slight hang up since this is new, but it sounds fun but realistically speaking I can't pick or do both. I mean I could type shit but understandably like rules and stuff.","For me developing means planning and fruition. Like I've touched on before, I am familiar with coming up with a plan and slowly building on that while consistently checking over my work for improvements and areas to reconsider. I was proud of being able to work on something mostly from the ground up but also for how I built something with the sole purpose of reuse. I would say DevOps is something I would like to go into as far as a career, but I will always love building and reinforcing a project/product especially if in service of another organization that would need it.",N/A,No,You look great today :)
9/21/2026 21:10:17,Carissa Wang,she/her,carissa.wang@tufts.edu,Masters Student (Tufts undergrad),Yes,"I want to contribute to a team and project that will have a positive impact on the community, while gaining experience in a real developer team environment and improving my coding and collaboration skills.","I'm currently a TA for CS170, and have experience volunteering for non-profits and designing products for social good from high school. ",Yes,Yes,"I have availability Tuesday and Thursday afternoons, and evenings Monday-Friday","CS 11: Intro to Computer Science, CS 15: Data Structures, CS 40: Machine Structures and Programming, CS 105: Programming Languages, CS 115: Database Systems, CS 116: Introduction to Security, CS 121: Software Engineering, CS 135: Intro to Machine Learning, CS 160: Algorithms, CS 170: Computation Theory","C/C++, HTML/CSS, Git/GitHub, SQL, Python, Machine Learning, Data Visualization",Khan Academy coding in middle school (things like making an ellipse move)... then high school class introduction to CS,"I contributed to a machine learning project at Tufts through an independent study last fall, collaborating with PhD students and faculty advisors on a research paper. The project was proposing a new model performance metric for binary classifiers, and I contributed by conducting experiments and analyses on a second hospital dataset of ICU patient data. It was exciting to work on a part of the project from start to finish. I ran into many challenges because a lot of the related skills were new to me, such as processing the dataset to work with the existing pipeline and how to calculate the metrics needed for our evaluation, and got the help I needed from the very kind PhD student and research advisor I was working with.",,4,3,7,2,1,6,8,5,"SMC: I have experience with machine learning and data science, but not much with AI-powered pipelines, so I'm excited about learning more and gaining experience in this area.
African Bridge Network, Hearty Meals for All, Damien's Place, Mystic Learning Center: I'm inspired by these non-profits' causes and would love to contribute to a team and project helping these organizations. I am also excited to improve and gain new skills working with the tools in the tech stack.",No,,,,,
9/22/2026 1:04:19,Elijah Greenberg,he/him/his,Elijah.Greenberg@tufts.edu,2029,No,"I desperately wanna know how it feels to be an actual engineer on a real team building stuff. I feel it's my first chance at demoing my own career and I'm very excited. I'm interested in the process of learning new tools ""on the fly"" (there was >1 thing in each tech stack unfamiliar to me). I'm also gonna use the opportunity to build lots of connections with everyone our department and to have fun being social and communicating.","I was a Math Tutor for 2 years in high school, focusing on teaching algebra to students with IEPs.",Yes,Yes,"S: All day
M: 5:45 - 12:00
T:  5:45 - 12:00
W: 5:45 - 12:00
Th: 5:45 - 12:00
F: 5:45 - 12:00
S: All day","CS 11: Intro to Computer Science, CS 15: Data Structures, CS61","C/C++, HTML/CSS, JavaScript/TypeScript, Git/GitHub, SQL, Python, Natural Language Processing",I started block coding in school about 2nd grade,"I'm actively REbuilding this now, but it WAS complete. I made/making a pipeline to transcribe & translate Yizkor Books (regional holocaust memorial histories/testimonies), since they're ultra-valuable to historians but are currently really niche and unavailable.

I vibed this pipeline in Python over the span of a week (because I had just went to Harvard Library and scanned a Yizkor Book I desperately wanted translated) and then prompt engineered Google's LLMs ($$$) to do Optical Character Recognition and then translation. One challenge was getting past the LLM's violence filters because holocaust stories are inherently extremely offensive. Even if you disable all the big filters, it's still sensitive, so you have to make it role play as a historian really hard. Also the layout of these books is split between the middle with each page having a Yiddish half and a Hebrew half, so getting it to read that correctly was difficult. Maybe the most frustrating challenge was waiting unruly amounts of time for it to run, and then discovering bug after bug always like 4 hours in making my progress unusable. All while its eating away my token money. ",,7,5,8,6,2,1,3,4,"I'm a data science student very personally interested in media preservation, but also more broadly in data pipelines/centralization and GenAI integration.",No,,,,Yes,
9/22/2026 17:35:42,Bethiah Peirce,she/her,bethiah.peirce@tufts.edu,2029,Yes,"I hope to gain real expierence working on a team in computer science. I think this will provide me with the best oppertunity to not learn about different roles on CS teams, but give back to my community in a very concrete way. Along with this, I think bonding and connecting with other stem/computer science students in different years will allow me to become a more well rounded student and have more friends within the department!","I was a Girl Scout of Eastern Mass from Kindergarten through 12th grade. Along with this I compleated my Bronze, Silver, and Gold awards regarding important community issues such as swim saftey and recycling. As a part of my schools honor society, I tutored other students for free every week.",Yes,Yes,"Monday: 3:30-6, 7-10
Tuesday: 3:30-6, 7-8:30
Wednesday: 3:30-6, 7-9
Thursday: 3:30-6, 7-9
Friday: 3:30-6
Saturday: anytime with notice
Sunday: anytime before 9","CS 11: Intro to Computer Science, CS 15: Data Structures","C/C++, HTML/CSS, JavaScript/TypeScript, Git/GitHub, Python, LaTeX, Matlab","I went to Girls Who Code classes when I was in elementary school, but my first formal class was AP Computer Science Principals in high school.","The typewriter project in CS15 was the most challenging project I have compleated, and I'm very proud of how hard I worked on it. In this projec tyou have toe recreate a text editor within your terminal, and handeling each action that a client could take while making sure the visual interface matched what was going on with your data structures behind the scenes  was difficult to wrap my head around. I used several arrays to manage the lines given and would edit them depending on the input file and user actions. Compleating that project felt super rewarding and I'm glad I was challenged to do it.",https://github.com/BethiahPeirce,6,5,2,3,1,4,8,7,"I picked Somerville Media Center as my first choice because I have grown up in Medford and been to many Somerville events throughout my life. I had no idea that all of this information is sitting on hardware somewhere and I know this would have a huge impact on nearby residents of Somerville. It is such a unique and interesting applicaiton of AI that otherwise would take forever to resolve.

Im also interested in Massachusetts River Alliance due to my expeirence from my Gold Award Project. I had to work closely with the Mystic River Watershed Association when completing my project about swimming saftey in the Mystic, and I would love to continue to support them in the future. Along with this, implementing a interactive map sounds like such a cool challenge and a good way to learn a skill I otherwise wouldn't have.

African Bridge Network was my third choice because I feel like it would be a great learning opertunity. Their plan seems very actionable, and I'm interested in helping solve this issue. There are so many ways our world can be improved and streamlined, and by implementing a solution, it would make it even easier for this organizaition to help so many more people.

All of the projects seem so great and I know they would have such a large effect on the communities they serve. I would be greatful to work on any team.",No,,,,Yes,
9/22/2026 18:28:21,Eliana Longoria-Valenzuela ,she/her,eliana.longoria_valenzuela@tufts.edu,2027,Yes,I was in JumboCode my first year at tufts and I absolutely LOVED my experience. I had an incredible group that provided me with encouragement and support throughout my years in CS. Having real work experience throughout the school year helped me land an internship and helped me engage with the greater Boston community instead of being stuck in the Tufts Bubble. I hope to have another wonderful experience with JumboCode and continue giving back to Boston my last year at tufts. ,"I have worked for two years with an organization called Partnership 4 Success that provided public school students with enrichment classes over the summer and scholarships for college. At that organization, I taught a Media Literacy class as well as a Computer Science class. This semester, I am volunteering at East Somerville community school as a teachers assistant for their bilingual education program where I will be assisting a math/computer science course run completely in Spanish. Also, I am participating in the Cybersecurity Clinic where I will be providing pro-bono cybersecurity work for the non-profit Documentary Educational Resources in Watertown, MA. I am also a TA for CS15! ",Yes,Yes,"Monday Mornings and Afternoons, Tuesdays 3-6pm, Wednesday 1pm-6pm, Thursday after 6, and Friday afternoons ","CS 11: Intro to Computer Science, CS 15: Data Structures, CS 40: Machine Structures and Programming, CS 105: Programming Languages, CS 116: Introduction to Security, CS 160: Algorithms","C/C++, HTML/CSS, JavaScript/TypeScript, React, Git/GitHub, SQL, Python",AP computer science! ,"At my internship, I worked on a previously existing testing software for software engineers at the company to deploy their work in a secure method using various databases. I had to read and understand all the previous work done to this existing software by reading the READMEs and the previous programmers comments. Then I had to speak with my manager about what they wanted from the new testing software and write up tickets. Since I never worked with databases before, I had to do a lot of research to understand how to add new environments and how to ensure that these testing environments were secure. Then we had to build a front-end website that was accessible to the software engineers that matched the company's design guidelines. The hardest part of this project was trying to understand how the software was organized and figuring out how to accomplish my ticket without prior database experience. ",,7,2,8,1,4,5,3,6,All the groups sound good! I am going more off of the leaders that I know and like working with. ,Yes,Yes,I would love to take on more of a PM role. Communicating with the clients and developing projects and tickets. ,,No,
9/22/2026 18:51:23,Eleanor Gulick,She/Her,eleanor.gulick@tufts.edu,2028,Yes,I hope to gain a better understanding of the code and technologies that are used for this kind of work. I also hope to make friends with other computer science students. I want to be more connected to the local area and contribute to the community.,"I have gone to several protests and signed several petitions, volunteer for Tufts Craft Center every week, and joined the Davis Square Neighborhood Counsel for several months to stay updated on the local area. Throughout high school, I was a math peer tutor and did over 50 hours of community service at a local food kitchen and at a school-hosted special olympics.",Yes,Yes,"I am available anytime after 7:15pm Mon-Fri. I am available anytime before 1pm on Mon, Thurs, or Sat. Starting Oct 1st, I will be available after 5pm Mon-Fri. I have a commitment Sunday at 7:45pm, so I will likely need to miss a portion of Sunday meetings.","CS 11: Intro to Computer Science, CS 15: Data Structures, CS 105: Programming Languages, CS 160: Algorithms","C/C++, Git/GitHub","I started using Scratch when I was 10. I took CS principles in high school, which used Javascript","In 2025, I worked for a Game Development Studio, and was responsible for making a user-friendly deckbuilding UI in Unreal Engine along with a new data structure to represent each deck/the information being stored. Because I was being added to a preexisting project, I was challenged by the large existing codebase, but found it very rewarding as I started to understand the ins and outs of the preexisting structures I had to work with. I was really excited by the opportunity to code with something more visual, as most of my CS coursework so far exists just as code on a screen with data.",,3,1,8,4,6,5,7,2,"My first few picks align more closely with the kind of work I would like to be doing in the future. I would love to help with something local that directly makes a positive impact (my first four choices align well with this), and am generally less interested in AI-heavy projects like Mass River Alliance or Teen Empowerment. When my first few picks were described at the GIM, I could better see how my experience might fit into the development process.",No,,,,,
9/22/2026 22:00:50,Alexander (Alex) Vu,He/Him,Alexander.Vu@tufts.edu,2028,No,"I want to join JumboCode because it allows me to work on a truly meaningful project, develop my technical skills, and build connections with my peers. I want to be surrounded by people who are equally passionate about software development and working in a team as I am, which is only possible through JumboCode. Finally, I hope to learn how to take ownership over ideas and code that lives for a whole year, rather than for just a homework assignment. ","I was on the School On Wheels Massachusetts JumboCode project last year. Additionally, I was a math tutor for a middle school student during freshman year. Furthermore, I volunteered at the Berkeley Food Network food bank from freshman year to senior year of high school.  ",Studying abroad,Yes,"Available at any time. While the time difference is challenging, I'm willing to work whenever to help the team. ","CS 11: Intro to Computer Science, CS 15: Data Structures, CS 40: Machine Structures and Programming","C/C++, HTML/CSS, JavaScript/TypeScript, React, Tailwind, Git/GitHub, Python","I have loved computers and solving problems my whole life, but cs11 was my first introduction to computer science.","In preparation for a summer job interview this previous summer, I built a ground-trothing map for my home county. This involved using JavaScript. leaflet.js, and public .geojson files to build a demo project to understand the work that I was hoping to work on. I faced challenges converting my ideas to reality given the structure of the data, and my limited experience in JavaScript. I read documentation, built incrementally, and finally arrived at a project that worked.",https://github.com/AlexBVu,4,3,1,6,8,2,5,7,"I’m most interested in working with the Massachusetts River Alliance team because I’m interested in making a difference in a community that I care about. My mom does similar work at home, and has imparted how important our watersheds are to me. Additionally, I am interested in working with ArcGIS and learning how I can use my computer science education to protect and restore Earth’s systems.

I would also love to work with Just A Start. I work with the Tufts Salesforce database through the Tufts Parents Giving Fund, so I would love to interact with the Salesforce software in a new way. I can bring experience as a customer to help guide our design choices and feel comfortable with the topic. 

Additionally, I would also love to work for Hearty Meals For All. My experience working at a food bank in high school taught me the importance of healthy food on all aspects of one’s life. I would love to continue having a strong impact on my community.",Yes,Maybe,I enjoy diving into a codebase and learning how it exists and how I can fix it or make it better.,No,No,"While I am abroad for the fall semester, I know that I will make a positive impact. And when I return to campus in the spring, I am ready to devote my time and energy to whichever team I work on. "
9/22/2026 23:42:22,Diana Calderon,she/her,diana.calderon@tufts.edu,2028,Yes,"To improve my team work skills as well as increasing my projects throughout the semester outside of in the classroom. I hope to gain more cs friends and skills, as well as having a new task to motivate me to be productive throughout the week. I want to also provide to the community given Tufts is as heavily funded as it is, it only seems fair to give back to those in the area.","In highschool I volunteered with Best Buddies, where I would do activities and created friendships with other students with intellectual and developmental disabilities. These activities included bracelet making, color guard, kickball, baking and so on. Given students with disabilities had their own sector in my highschool, they were often seperated from the rest of the student body, and through Best Buddies I was given a chance to interact with even more students in our school. (shout out my buddy Bethania shes the best). Community engagement in the area would be working for the Somerville Public Schools as a Spanish Interpreter.",Yes,Studying abroad,"Monday nights, Thursday Evenings, all of Friday, Saturday and Sunday.","CS 11: Intro to Computer Science, CS 15: Data Structures, CS 20: Web Programming, CS 40: Machine Structures and Programming, CS 160: Algorithms","C/C++, HTML/CSS, Git/GitHub, SQL, Node.js/Express, Python",Those code.org things with the blocks,"Worked full stack on login page for restaurant menu website, connecting it to supabase database using HTML and Jinja2. It was just really cute and aesthetic honestly I loved working on the visuals. Challenges were connecting it to supabase as it was my first time using it.",,3,6,8,1,5,7,4,2,"ABN is my top choice because as a child of immigrants and someone who has been surrounded by them for the entirety of my life I have seen firsthand the difficulties career advancements can be when from a culture with different standards and ways of life. I also work around campus, and have talked to many of the Tufts workers, including cleaners and even a security who are all Hispanic immigrants, and have heard first hand some of the racism and struggles they have endured throughout their work experience. Similarly, growing up low-income makes the Mystic Learning Center a preference as a can give back to a community that I grew up in. Also working for Somerville district it makes sense to further help the community, as I know that given the current administration some parents are struggling in fear of what might happen to them. ",No,,,,No,
9/23/2026 11:08:31,Jake Spector,He/Him,jacob.spector@tufts.edu,2030,No,"I really like creating and building projects, but I don't have a lot of experience doing any software developing so I want to build those skills with JumboCode.",I used to volunteer preparing meals for a homeless shelter and I worked on a project for with old school district to help chronically absent students get to school.,Yes,Yes,I'm around on the weekends and after 5 on all weekdays except thursday when I'm free 4:30-7,,"C/C++, JavaScript/TypeScript, Swift, Python",I learned javascript on Khan academy during covid.,"In 9th grade, I tried to set up my own private blockchain network to create a service that monitored charities and checked for charity fraud. I created my own token, but I really didn't know enough at the time to finish the project. The reasons I am so proud of this are because I thought it was a great, mostly original idea and because I tried and failed so many different times.",,1,4,6,2,8,3,5,7,"I picked both of my top two choices because the organizations impact individual people and families who need it which, to me, is the most rewarding. 

I also really wanted to work with ""Just a Start"" because I'm interested in the AI element of the project and I think I could learn the most working with a larger organization.

Also, all three of these groups seemed super fun.",No,,,,Yes,"I don't have a lot of experience programming, but I always bring fun, positive energy to the group and I'd say that I'm also pretty good at problem solving. Finally, for the Damien's place group, I could definitely assist in breaking the sushi eating record(will provide proof if you guys want)."
9/23/2026 15:45:37,Tess Larsen,she/her,tess.larsen@tufts.edu,2029,Yes,"I'd love to get more experience in CS outside of the typical course pathway, such as website development and hands-on data management. Additionally, I want to prepare myself for the career world by getting more experience working in a team on programming for a real-world project. I'd also love to meet and bond with more CS/DS majors!","Nonprofits and social justice are my passions! In high school I interned for an adult literacy nonprofit for 2 years and volunteered at their family education program for 6 years. I've been involved with clubs and events surrounding women's health, menstrual health, and opioid awareness. This semester I am starting as a CS10 TA.",Yes,Yes,"I am largely free on Sunday, Monday, Tuesday, Thursday, and Friday afternoons, plus Monday and Tuesday evenings!","CS 11: Intro to Computer Science, CS 15: Data Structures",C/C++,AP CS courses in high school!,"I am very proud of my final project for CS15, gerp, which was a file directory search program! It was a very technical project that required lots of drawings, calculations, and thoughtful design. I'm very proud that I was able to work out the details myself and was confident in its design. I built it using C++ and broke the project up in to manageable chunks, so I could easily design and work on it over several weeks. I faced challenges with optimizing storage and runtime, which mainly came down to the architecture of my project. I also had a lot of minor array indexing errors that simply required continuous tracing and debugging.",,6,4,3,2,7,1,8,5,"My main goals for Jumbocode this year are to make more friends, gain more technical experience, and get mentorship about school and beyond. I am very curious about the AI aspects of Just a Start's project, as well as the team's technical and career experience. I love the mission of the African Bridge Network, and find the data collection method of Massachusetts River Alliance especially interesting, as I am a data science major!",Yes,No,N/A,"Kishi Wijaya, another dev -- we just don't get along particularly well.",No,"While I do have some experience with web development and data management from self-studying and previous Jumbocode experience, I am not wholly confident in my skills, particularly with backend and AI integration. I would only like to join technically complex projects (i.e., Just a Start and Massachusetts River Alliance) if there is a clear plan to teach developers the technical architecture. I would rather be assigned to an ""easier"" project than be dead weight on a more technically complex project! Thank you all so much!"
9/24/2026 0:11:13,Tyler Hamerling,He/Him/His,tyler.hamerling@tufts.edu,2027,No,I want to join JumboCode to develop industry-related skills and connect what I’ve been learning through my coursework to real-world projects. I think this will help me become a more well-rounded CS major while also building my resume for future opportunities. I also think JumboCode would be a great opportunity to meet other people within CS and become more involved in the CS community at Tufts. I also really like the community service aspect of JumboCode because I’d be able to use my skills to work on projects that address real needs and provide tangible help to organizations that are working to make a difference.,"I have experience with community engagement through volunteering with Habitat for Humanity in high school, where I worked on housing projects for veterans. I’m also interested in becoming more involved in community service at Tufts this year, including volunteering with The Legacy Project to work with older adults and getting involved with Tufts ACTION to encourage voter participation, especially with the midterm elections coming up.",Yes,Yes,"Tuesday after 3pm, Thursday after 8:30pm, Friday open, Saturday open, Sunday open","CS 10: Programming Fundamentals, CS 11: Intro to Computer Science, CS 15: Data Structures, CS 40: Machine Structures and Programming, CS 116: Introduction to Security, CS 160: Algorithms","C/C++, Python",My first introduction to computer science was taking CS 10.,"I like to play a game called Satisfactory, but as you get deeper into the game, it becomes difficult to keep track of all the machines and resources needed to produce different items. I decided to build a calculator that could take a desired output and help determine how many machines I would need to produce it. I built it using HTML, CSS, and JavaScript, which I had not worked with before. One of the biggest challenges was learning the basics of those technologies well enough to build something functional and figuring out the right computations to go from output to machines. It was a relatively simple project, but I enjoyed working through a problem that came from something in my life and turning the idea into something I could actually use.",,7,4,5,2,1,3,8,6,"I ranked the AI options higher since it's becoming a staple in industry and I'd like some experience with it. That said, I'm flexible and would be glad to work on any of my choices!",No,,,,No,
9/24/2026 1:13:24,Brendan Graziani,he/him,brendan.graziani@tufts.edu,2027,No,"I would really love to join JumboCode so I can be part of a project that's impactful in the real world. Most of the stuff I've done until now hasn't had much of a direct impact outside of the classroom, and I'd love the opportunity to use my technical skills to build something that actually helps people.","I've been a TA for CS20, CS120, and now CS170 this semester. I have also volunteered several times at my local public library for their annual summer book sale and for various other charity events in my town (5k's, Thanksgiving luncheon for the elderly, etc.).",Yes,Yes,I'm very free this semester - only taking 14 credits. Can meet almost every night except Wednesdays.,"CS 11: Intro to Computer Science, CS 15: Data Structures, CS 20: Web Programming, CS 40: Machine Structures and Programming, CS 116: Introduction to Security, CS 160: Algorithms, CS 170: Computation Theory, Game Design, Sports Analytics","C/C++, HTML/CSS, JavaScript/TypeScript, React, Tailwind, Git/GitHub, SQL, Node.js/Express, Python, Machine Learning, Data Visualization","I don't know if Scratch counts, but I started doing that when I was about 9. My first introduction to ""real"" programming was a Python course in 9th grade.","Last year at JumboHack, my team and I won first place building JumBuddy, a VSCode extension and web dashboard that analyzes students' coding behavior, including edits, how long they spent on certain files/functions, etc. to help CS professors identify where students are struggling. It was definitely a challenge to get the extension to work and sync up with the dashboard, but once we figured it out, it was super rewarding.",,8,5,7,4,2,1,3,6,"Just a Start is super interesting to me because I would love to gain experience in an AI project beyond just chatbots - I'd love to help build something that uses AI for something actually helpful. Also, I have experience with a bunch of the tech stack already from my JumboHack project and others (Python, React, Typescript, PostgreSQL, Docker). They also said they'd be hosting a Minecraft server which is DEFINITELY something I want to be a part of (I love building automatic farms). My second choice is Somerville Media Center because it seems super technical which is something I'm drawn to (it's less of a frontend project and more of a backend / database project). Plus it will also give me some more AI experience. That being said, I would be thrilled to join any of the projects!",No,,,N/A,No,
9/24/2026 16:55:13,Patrick Zhang,He/him,Patrick.Zhang@tufts.edu,2030,No,"Making new things is always fun, but having a group of people you can work with and figure out problems is always a more fun and enjoyable experience. Having something that people value and rely on makes the stakes slightly higher, but JumboCode is like an environment where you are creating something worth something that has a purpose and a need in the world, something which not all of my own silly small projects have. I hope to gain community (friends and people I love working with) but also learning about where I want to go next. I am a freshman and still a bit unsure of what kind of specific interests within computer science might be interesting, so it's sort of a community and a compass in a way.","In high school, I worked with our recycling and sustainability organization working with teams of recyclers that manage signage and make sure more recycling makes it way from the trash to the right bins. I attended meetings with administrators and higher ups to get their ideas and feedback on issues with sustainability efforts (or lack of) in our school. Before I managed the operations, I was also one of the sorters that went through the trash and recycling myself (kinda dirty job!).",Yes,Yes, Weekdays at night 7-10. Weekends 11am-5pm. For now.,AP Computer Science A,"C/C++, Python","An official introduction was a computer programming class in high school. It mostly taught visual basic which is a bit out date now, but it wasn't too bad for a high school intro class. My first hands on experience was with my own homelab, as I wanted to experiment with self hosted applications on local computers and a VPS! Exposed me to tons of networking fundamentals and problem solving!  ","For the sustainability organization I worked with we had a campaign regarding climate change for our school district to take action. It wasn't exactly a huge app with tons of code, but it required tons of problem solving with a limited budget to set up a site, use automation tools and create an ultra low cost self managing email list. Being a bit scrappy I used Vercel with HTML and CSS, Zapier to manage automations with email lists and petition sign ups, as well as SMTP for emails. Although not the deepest codebase, it still taught a ton about finding the right tools for a low budget without being too inefficient with time.",,8,2,1,6,4,3,7,5,I chose based on what I might be most familiar with along with what kinda vibe each group brings! Things like Tailscale and Docker I have touched before. And some light python.,No,,,,Yes,
9/24/2026 17:33:26,Mariyatou Jabbi,she/her,mariyatou.jabbi@tufts.edu,2029,Yes,"I want to join JumboCode because it will let me turn my classwork experience into helping nonprofit organizations update their user interface. The technical aspect of the club really stood out to me because we can see how front-end, back-end, and designers work together to create a seamless solution. I also found it interesting the goal is to create longterm solutions, and, as of today, I have mainly worked with code that has one purpose, and isn’t meant to be any real solution to an issue.

I am in my second year of pursuing a degree in Computer Science, and one of my main goals when entering the workforce is to be a part of an organization that does good for the community it’s a part of. Additionally, I have heard nothing but positive feedback from those who have done the program before about the impact they’ve had on the community and all the technical challenges they were able to overcome. Many of the groups’ tech stacks include some technologies that I am familiar with, and some that are completely new to me, so I am interested in seeing how they work together to create an active website. By joining the club, I will be able to work with developers and leaders of various skill sets and years of experience. The best part of being a part of a team is learning from each other by being open to connecting and exploring new things. 

Lastly, most of the groups have perks that include good food and ice cream, which is always a soft spot for me. ","During my last two years of high school, I became a tutor for math and English at a Kumon Center. I was interested in this position because I knew how important it was to learn the foundations for both subjects, and I wanted the opportunity to help kids who were struggling or ones who wanted to get ahead in their education. My role included working with kids ages 4 - 8, and I learned that teaching was about making the topic as interesting as possible for the kids’ attention spans and having a certain level of patience. I truly loved working with the kids and helping them learn as much as they could in the two hours we had each week. The best part was helping the parents find ways to incorporate the homework and at-home support with their busy work schedules. Throughout my life, I was already the designated tutor for my nieces and nephews, so it was great to expand my help to other families. 

Additionally, I was one of the creators of my high school's Muslim Student Association. Our goal was to give back to our community, and we did this by holding semi-annual food drives. We fundraised by selling snacks during lunchtime to buy bulk nonperishable food items. Over 200 families were able to attend the drives each school year and leave with shopping carts full of free food. Being a part of the MSA at my high school prompted me to join the Tufts MSA as well, where we consistently hold fundraising events to help those struggling in Sudan and Palestine. 

I was also an intern at the NYPD Computer Crime office this summer, and we collaborated with precincts all over the city to host community days in each borough. The fairs were places for the children to get on bouncy castles, paint faces, and eat cotton candy. I always attended the block parties as a kid, so it was great to return the favor this summer by hosting stations and helping with setting up and cleaning. ",Yes,Yes,"Monday 8-10pm, Tuesday - 8-10 pm, Thursday 7:30 - 11pm, Friday 4-8 Pm, Saturday 1-7 pm ","CS 10: Programming Fundamentals, CS 11: Intro to Computer Science","C/C++, Python"," My first introduction to computer science was in my computer science class in my senior year of high school. We learned about the fundamentals of Python, and I was super interested in the parallels between programming and solving problems in the real world. The purpose of the class was to understand beginner concepts and then work with the teacher to create a mini robot with a pie. Obviously, the teacher completed most of the work, but being a part of the process and seeing the ins and outs of programming is what motivated me to major in computer science. My reintroduction to computer science was in my CS10 class last fall. It was a similar process of guided learning, but we went way more in-depth as to why we should make certain choices when programming. This class is also where I created my first project where I worked a lot with accounting for different scenarios where a user interacted with the program. ","A project I am really proud of is my Sushi Go final project from CS 11.  The goal of this project was to create a game of Sushi Go that involved 2 players and a deck of cards. I implemented the program so that each player took turns choosing a card from the full deck and added it to their personal deck, and the one with the most points won. This project was interesting to me because there were so many moving parts at once. I had to keep track of the deck, each player's personal deck, as well as the deck they had to transfer over to the other person. The project was challenging at first because it was hard to conceptualize what needed to happen each round. However, the main thing that helped me was drawing out each of the steps and outlining the processes I wanted each function to perform. The project also involved a lot of file reading and making sure the program could run with different types of decks. It was also important for me to keep track of the order of operations because it wouldn’t make sense for me to declare a winner before both players went, or to reveal the cards before one was picked from the deck. The project truly allowed me to see problems from a close view as well as a broader perspective. I think these skills will be helpful when developing websites that will be used from hundreds of people because I’ll be able to focus on testing a variety of scenarios.  ",,5,2,8,3,1,6,4,7,"Somerville Media Center- The Somerville Media Center project is interesting to me first and foremost because it is an organization that provides access to media production and distribution for the local community. I was a part of a similar organization in New York, called the Harlem Children's Zone, where they gave us access to recording studies, high end editing software, and even theater classes. It’s main purpose was to introduce people to the arts and that seems to be the mission of the Somerville Media Center too. The plan for creating a more accessible platform and search engine seems like it will be very beneficial for this organization. I have seen AI be incorporated in almost every website today so it will be great to also create a project that uses it to promote efficiency. It would be great to get more experience with machine learning and web development. Also, I am intrigued to see what meals Agatha could cook in 30 min because I am definitely at the point where I need to start learning.

Hearty Meals for All - I am interested in this project because of the focus on providing a solution that is low-cost. Non profit organizations like these are giving back without taking anything from it, and a platform that is low-cost yet effective seems very helpful. I find it amazing how the dinners provide homemade dinners each month because it's beneficial to those who aren’t able to get it on their own and for students looking for a sense of community. On the technical side, I would love to get more experience using Git and creating a web app. The solution seems to convert data that is currently stored on multiple spreadsheets to one place, and it would be satisfying to contribute to the progression of it. Also, you guys have insight on game dev, so I would greatly appreciate tips on that. 

African Bridge Network - It is amazing that The African Bridge Network is an organization that provides workforce development to immigrants because it targets an issue that many of us (including myself) didn’t even know to be one. The workforce is hard enough to enter on your own, so I appreciate programs like this for giving everyone a chance. I am interested in this project because of the similarities between the potential solution to the khan academy interface. It would be great to work on the backend and the design aspects of the project and produce a portal where users are able to track their steps towards career advancement. The tech stack that the group plans to use will allow me to  get comfortable with a variety of technologies. Also, I will appreciate being driven to berry line because I believe ice cream is a year-round activity.

Teen Empowerment - I am very interested in the idea of building a web app that involves the programs the Teen Empowerment team already uses. It takes a different approach because instead of working from scratch, we'll build methods to integrate the two systems. This group also focuses on AI-powered analysis which is a field that I am interested in.

Damien's Place - This project is interesting because it focuses on creating a website that could be used for older volunteers. I have seen my parents struggle with the new websites have come out, so it will be great to create a page that is great at storing data and easy to use.",No,,,N/A,Yes,
9/24/2026 17:48:30,Arusha Navani,she/her,arusha.navani@tufts.edu,2028,No,"I am very interested in how technology can be used to solve problems that have a real impact on people’s lives. I believe there is a lot of potential to use it in ways that genuinely help people and communities. A lot of this interest for me has been in healthcare, where I’ve now become particularly interested in how data and technology can help address challenges around access to care. Through an internship at a healthcare venture studio, I got to see this more closely while working with a startup focused on helping patients navigate the healthcare system. That experience made me want to keep exploring ways I can use my technical background to work on problems that have a meaningful purpose behind them.

This focus on social impact is a big part of what draws me to JumboCode. I really like that  teams are building something around real organizations' needs and that the end product can actually help a nonprofit better serve its community. I would love the opportunity to contribute to that while also getting exposure to different areas of social impact.

I also think JumboCode would be a very good opportunity to grow technically. As a Data Science student, I want to experience working on a larger project with other developers and learn technologies that I haven’t yet been exposed to. I also want to learn what it is like to take a project through different stages, which could involve understanding what a client actually needs to building, testing and then improving a solution based on feedback. I think this experience would make me a much more confident programmer and help me in the future career.","I volunteered with a nonprofit in my city which supports underserved youth to develop their skills and find pathways to further their education and employment. There, I worked with a group of around 15 on improving their spoken English and building confidence. Before coming to Tufts, I would volunteer at an old age home by visiting and doing activities with them every week. And for a week, I even stayed and volunteered at an elephant sanctuary in Cambodia! ",Yes,Studying abroad,"I am available most evenings in the week after 6:30pm, apart from a few commitments. ","CS 11: Intro to Computer Science, CS 15: Data Structures, Programming for Data Science","C/C++, SQL, Python, Data Visualization",I would say CS11 in the fall of sophomore year! (not counting ES2)),"I think it would be developing a networking agent during my internship at a healthcare venture studio this summer. One challenge that the company faced was that every new venture had to find potential design partners from scratch and this process could take weeks. I built an agent designed to automate this to build their efficiency and create a network of healthcare provider groups that the studio would engage and then could eventually draw on across different ventures

I designed an end-to-end workflow in n8n rather than just building a single AI tool. The agent continuously identifies provider groups that fit specific criteria, finds relevant decision makers, and uses Claude to evaluate and prioritise the strongest prospects. It then moves those prospects into an outreach campaign (Instantly), tracks replies, and uses that feedback to refine which types of groups it prioritises in future searches.

One of the biggest challenges was in the design itself, to decide what should actually be automated. We wanted the agent to handle the repetitive work of finding, evaluating and tracking potential partners but without trying to automate the relationship itself. Also, the workflow had to connect several different platforms via APIs/MCP, so thinking through what information needed to move between each tool and how the different steps would fit together reliably and eventually building those connections was the most challenging step. ",,6,5,8,7,1,4,2,3,"I put Somerville Media Center as my first choice because it would be a chance for me to get more hands on experience building AI systems. I would get to work with unstructured data and see how AI generated outputs can be made useful in practice which sounds exciting to me. I would also be excited to work with Teen Empowerment because it combines data and AI in a different way, with opportunities to work with real world data, APIs, visualization, AI-assisted analysis, which are all areas I am interested in exploring. The other projects would also give me the chance to work on something new, and I would definitely be excited to contribute to them!",No,,,,Yes,
9/24/2026 21:34:44,Kyra McCandless,she/her,kyra.mccandless@tufts.edu,2029,Yes,"Last year I was a part of the JumboCode Lexington Zero Waste team and loved it! I learned so much about web development, collaboration, and how to have fun following my passions. As one of the youngest on my team last year, I was constantly asking question and needing help. After a summer internship (which JumboCode no doubt helped me secure), this year, I want to return JumboCode as a more self sufficient and knowledgable dev to learn more about backend work and have lots of fun!","As a freshman in high school I volunteered as a dance teacher at Waltham Boys and Girls club. With my co-teacher, I led weekly classes and mentored some of the girls. After 2 months, we held a small showcase for our students parents.

Last year, I also volunteered as a dressing room and backstage for a local dance studio's yearly Nutcracker performance to organize dancers backstage for optimal performance transitions.

Last school year, I was also developer for the Lexington Zero Waste JumboCode team and had a great time!",Yes,Yes,"Thursday, Friday, or Saturday nights.","CS 11: Intro to Computer Science, CS 15: Data Structures, CS 20: Web Programming","C/C++, HTML/CSS, JavaScript/TypeScript, React, Tailwind, Git/GitHub, SQL, Python",An app called Sololearn on my iPad mini to learn Python.,"When I as in high school I was inspired by an online art generator to make an ASCII art converter that looped through pixels and based on their intensity assigned a character to each one (or group of pixels depending on image size), resulting in a character version of the artwork. This project had many parts and was larger than I was used to at the time, so I couldn't just write the whole thing and then debug as I usually did. This taught me to test incrementally and code with modularity.","Github: https://github.com/kyramccand, LinkedIn: www.linkedin.com/in/kyra-mccandless-765949381",6,7,4,5,2,8,1,3,"Not, only am I passionate about the goals of Teen Empowerment's mission, but I am very interested in learning how to use AI to assist with theme coding.",Yes,No,N/A,,No,