,timestamp,full_name,board_notes,pronouns,email,class_year,underrepresented_group_in_stem,why_join_jumbocode,volunteering_experience,in_person_this_semester,in_person_next_semester,weekly_meeting_availability,classes_taken,technologies,intro_to_cs,project_proud_of,links,rank_west_medford,rank_village_hub,rank_wily_network,rank_somerville_museum,rank_dillar_academy,rank_new_england_innocence,rank_lgbtq_senior_housing,rank_lcs_tutoring,rank_english_at_large,rank_bread_roses,rank_a2empowerment,rank_tufts_general_counsel,preferences_elaboration,uncomfortable_with,additional_info,jumbocode_previous_projects,fake_name,confirmed_team
0,2/8/2024 10:19,Sara Ingram,,They/Them,wadams@gmail.com,2025,No,Rich be else professional special. Letter while next into through far bag.,Newspaper area American likely term capital.,No,Yes,Wednesday,CS 101,"React, Python, Node.js",Crime gas and thought best thus fund.,Range system issue who expert benefit.,https://rowland.info/,11,5,2,4,10,12,9,7,1,8,3,6,Quickly continue race. Federal blue rule trial according. Raise personal paper baby.,Section around role page.,Church school easy law become.,No,Frodo Baggins,
1,1/19/2024 22:25,Cody Wolfe,,She/Her,zharrison@conway.com,2025,No,Fall close young third personal. Change time scene.,Prove hit soon performance so.,No,No,Tuesday,"CS 101, Physics 101, CS 102","Java, Node.js, React",Society agreement not not want yourself.,Score use establish lose crime it rest.,http://www.hanson-ramos.com/,2,12,3,4,8,6,11,5,9,1,7,10,Prevent at life daughter past. Available thank tell animal entire. Push air future treatment.,Down seem high long north choose sister window.,Provide size join policy.,No,Samwise Gamgee,
2,5/8/2024 17:30,Amy Zimmerman,,She/Her,jennifermassey@yahoo.com,2023,Yes,Fall in war range. There gas individual success section.,Better number while day eat learn financial deal. Modern make card culture.,No,Yes,Thursday,"Physics 101, Math 101, CS 103","React, JavaScript, Node.js",Write health authority open drug them after.,Within success morning move.,http://www.johnson.com/,2,6,10,3,7,5,1,8,12,4,9,11,Window citizen rather million. Why least drive send positive. Reflect think their collection since.,Recognize so scientist street think not agree.,Sometimes nation among your night world some.,Yes,Aragorn,
3,3/1/2024 0:56,Emma Todd,,They/Them,jonesjames@hotmail.com,2023,No,Marriage down city attack probably.,Reach wonder wife candidate. Interesting story surface impact energy. Girl her federal sit.,No,Yes,Monday,CS 102,"C++, JavaScript, Node.js",Low see painting recently.,Know as method beat when determine medical.,http://www.valenzuela-rodriguez.net/,8,12,2,9,7,11,1,3,6,5,4,10,Loss cut bit financial could scene condition. Else lawyer ago sure important wife various family.,Save cover mouth process because determine.,Arm southern well challenge.,No,Gandalf,
4,8/21/2024 23:14,Michael Petersen,,They/Them,phelpsjennifer@johnson-jackson.com,2022,No,See responsibility others send.,Clearly anything mention special bag. Use again inside wear green buy.,Yes,No,Thursday,CS 101,Node.js,Beautiful space ever.,Nation stage site full model set difficult story.,https://lloyd.net/,6,4,9,12,10,7,1,3,2,11,8,5,Push already nice fill director. Scene cost end involve truth high.,Forward method lose.,Eye treatment organization call put environment.,No,Legolas,
5,1/13/2024 1:41,Gwendolyn Gonzalez,,She/Her,reillyrhonda@gmail.com,2024,Yes,Before a write. Mind budget treatment green. Compare successful increase happy.,Suffer might move continue page who. Exactly wish somebody program.,No,No,Thursday,"Math 101, CS 102","Python, JavaScript, Java",Evening there west north.,Month not film leader or paper.,https://stewart-stark.com/,3,4,8,1,11,6,12,9,10,5,7,2,Agent sport attack exactly.,Any purpose high source everything.,Draw former activity green.,No,Gimli,
6,5/16/2024 10:44,William Taylor,,He/Him,sanchezkatrina@hotmail.com,2023,Yes,Its likely indicate where quickly. Daughter individual especially guy point.,Blue heavy evidence hard behind last. Past little however put wide old.,No,No,Thursday,"Physics 101, CS 103",React,Call production remain mission.,Firm already effort size price. Of today wrong.,http://www.butler-herman.com/,3,7,11,12,6,4,9,1,10,8,2,5,"Between keep popular dog. Course gun under wish out.
Enjoy than size provide truth television.",Even former weight life head.,Capital maybe large rock sort responsibility fly.,Yes,Boromir,
7,1/17/2024 17:35,Jonathan Thompson,,She/Her,abishop@ramirez.com,2023,No,Either stock perhaps up. Option before decide respond night.,Floor mother arm right. Among mean now recognize.,No,Yes,Tuesday,Math 101,"React, JavaScript, Java, Python",Movie some support list whom.,Eight buy threat.,https://www.hoover.net/,3,8,2,5,6,11,1,9,7,4,12,10,Sign contain career compare letter get play. One fill produce green sit.,Population news fast difference hour security.,While doctor staff federal behind.,Yes,Meriadoc Brandybuck,
8,6/18/2024 14:59,Dawn Evans,,They/Them,asims@gordon-hernandez.com,2023,No,Build decade three throw pay.,His continue yes through himself under still analysis. Office skin grow value everyone argue the.,Yes,Yes,Monday,"CS 103, CS 101","C++, Node.js",Thing person central visit.,Strategy where build agreement five.,https://hawkins.com/,4,10,6,8,9,7,11,3,5,1,2,12,Father see nearly article government stay.,Sign they fact source story pressure.,Line million each usually those girl.,Yes,Peregrin Took,
9,2/22/2024 9:25,Sarah Vazquez,,She/Her,amberroth@clark-davis.com,2022,No,Picture of whether national already. Manage happy benefit. Again artist fire think.,Best fast once kitchen. Huge indicate seem these interesting successful.,Yes,Yes,Monday,CS 103,C++,Animal across evening actually back.,Major because course air.,https://www.deleon.biz/,9,5,2,4,10,11,3,6,12,8,1,7,Activity write lot animal deep Congress century. Until every right seek north because watch.,Food throw create of. Blood alone listen morning.,Everybody high may week.,No,Sauron,
10,8/2/2024 10:56,Marilyn Miller,,They/Them,ulynch@reynolds.org,2022,No,Event near specific Congress. Theory task billion likely one several. Within use pick.,Family name evidence such seven effort.,No,Yes,Monday,Math 101,Java,Trade start million late television place.,Player thus blood successful.,http://jackson-barry.biz/,11,1,7,10,9,8,5,6,4,2,12,3,At easy must structure reveal toward officer. Ready serve he season heavy ready order.,Over enter economy oil letter.,Cup decide blue. Win way event speech.,Yes,Saruman,
11,3/30/2024 10:59,Gabriel Greer,,He/Him,murphyjoshua@dixon.com,2022,Yes,Carry question make actually before customer. Born those near.,Past something every small alone. Fish science bill game coach she ground.,Yes,Yes,Wednesday,"Physics 101, CS 102, CS 103",C++,Claim everybody reflect fast.,Speech court PM time wrong ground year.,https://martin-avila.org/,9,2,5,4,11,12,8,6,10,1,7,3,Wear color between standard you friend. Material beautiful explain peace.,I land property. Base maintain from.,Trouble individual personal.,Yes,Elrond,
12,1/7/2024 21:36,Caroline Hayes,This is a board note,She/Her,nmercado@hotmail.com,2024,No,Although traditional ever power certainly skin tend. Right character push choose.,Respond film thousand war knowledge. Share dark range share nature.,Yes,No,Monday,"CS 103, CS 101",React,Often every difficult everybody dinner than.,The order better character figure after also.,https://west-hess.com/,9,5,3,12,8,11,7,10,4,1,2,6,Fly reduce town camera single third. Ahead amount network body the until. A tough among gun owner.,Clear available mission list.,Firm party consumer option.,No,Galadriel,
13,8/29/2024 1:54,Charles Smith,This is a board note,He/Him,ryanromero@hubbard.com,2025,No,Yard base you discuss president. Member play key three.,Food pay money enter. Program gas job each.,No,No,Wednesday,"CS 101, Math 101, CS 102",Java,Discover character tree with truth.,Produce officer heart capital protect.,http://hall-anderson.biz/,9,2,1,7,3,8,4,12,11,10,6,5,Attorney heavy measure easy phone production call. Choice south traditional group.,Education final husband style.,Notice the bag shoulder front throw.,No,Arwen Undómiel,
14,1/19/2024 10:37,Nicole Adams,This is a board note,They/Them,maria08@smith-tucker.com,2025,Yes,Brother apply sense catch message. Although character do get. Speech dark fine.,Wear contain your series option. Economic president at maintain dark.,Yes,No,Thursday,"CS 101, CS 103",C++,Evening although among different recently.,Detail instead not skill might what grow leader.,http://www.kline-jackson.net/,10,9,7,11,1,12,3,5,4,8,2,6,Up minute dog friend quickly line here party. Sea second today themselves collection himself.,West beat employee eye born.,Parent gun white stand together daughter or.,No,Théoden,
15,9/3/2024 16:33,Carla Johnson,This is a board note,They/Them,xmatthews@gmail.com,2025,No,Plant we hot. Stock true friend support.,Forget level imagine. Goal onto region heart some certain field. Traditional area through throw.,Yes,Yes,Friday,Physics 101,"Node.js, JavaScript, Java",Stuff power both avoid particular project.,Rock begin speak. Growth sea rock class.,http://www.kelly-pitts.biz/,8,4,2,6,7,1,12,5,3,11,9,10,Wide employee last audience democratic fast wrong mother. Play long new experience exist late.,Let defense memory per whatever exist.,Remain building reveal produce.,No,Éomer,
16,3/5/2024 18:24,Stephanie Green,This is a board note,She/Her,tommy27@yahoo.com,2022,Yes,Discover finally fact your home last hotel nor. Interest wrong child test.,Might so adult trip sort sound model. First such fall box contain change week.,Yes,No,Wednesday,"Math 101, CS 103","JavaScript, Node.js",Still in person expect.,Analysis box leader admit.,http://www.smith.com/,2,9,10,3,6,8,5,11,12,7,1,4,Everyone law modern hard anyone value particular her. Option perhaps significant nothing great.,Level society big structure.,May their blood represent she present.,No,Éowyn,
17,5/12/2024 21:51,Jerry Rhodes,This is a board note,They/Them,noblestephen@gmail.com,2023,Yes,Garden recently face network everybody. Raise list political maintain. Order up skin participant.,Chair writer between forward. Woman summer interest drop wear.,No,No,Monday,"CS 102, CS 101",JavaScript,Budget enjoy win imagine mother as loss audience.,Report end us dream.,https://www.morales.com/,9,2,10,11,7,4,5,3,6,8,12,1,Focus until computer toward media. Like less here mean me character talk.,Wear reach will call finish meeting show.,We student lawyer chance upon.,No,Denethor II,
18,5/7/2024 4:56,Dr. Diane Ortega DDS,This is a board note,She/Her,kaylagray@hotmail.com,2022,Yes,Exactly long stop. Two might could peace poor ten end. About enough mouth unit avoid.,Chance argue beyond approach. Lead arrive worker issue. Fall hard probably her city.,Yes,Yes,Wednesday,"Math 101, CS 103, CS 102","Java, React",Central police threat eye toward enough as.,Future indicate than different measure special.,https://bradley.net/,12,6,5,7,3,9,2,11,4,10,8,1,Hotel subject health voice occur. Foot will race some serve.,Two nature after find everything two teacher.,Piece hospital away store rich building together.,No,Faramir,
19,2/18/2024 14:49,Crystal Wilson,This is a board note,She/Her,danielalicia@leonard.info,2023,No,Become prepare couple ever. Summer important dog media. Simply group picture eat kid course course.,Goal Mrs my figure tonight popular.,Yes,No,Wednesday,"Physics 101, CS 101, CS 102","Java, JavaScript, Node.js",Name assume half eye probably today have.,Process threat Congress order.,http://smith.com/,1,2,6,7,11,12,8,9,10,3,4,5,Summer finally start. Because none TV. Staff rest else middle.,Trade experience by those.,We way up popular. Mrs raise sometimes age.,Yes,Gollum,
20,1/24/2024 2:01,Mary Davis,This is a board note,She/Her,amy88@gmail.com,2024,No,Outside ready short involve spend half various. Authority production sea. Western here individual.,Billion take enough general. Treat include quite edge any attention.,Yes,Yes,Monday,CS 103,"Python, JavaScript, C++, Node.js",Blood stay music generation.,Contain data morning beat or west person.,https://www.vega.com/,2,3,9,1,5,12,6,11,4,8,7,10,Teach bit various fine.,Determine final southern stop range with.,Specific six much somebody stop campaign respond.,No,Treebeard,
21,3/10/2024 19:48,Gregory Johns,This is a board note,They/Them,jessicathompson@gmail.com,2022,Yes,Miss career glass. Management how article stock vote answer site information.,Suggest management ask agency common rest. I less realize democratic. Rise real I.,No,No,Tuesday,Physics 101,"Python, Java, React",Attack even beat safe factor that.,Break claim study example parent hotel.,https://www.johnson-nguyen.info/,10,7,12,5,3,4,2,9,8,1,11,6,Break final treat country kitchen property home. Reality single former travel party student.,Sure quite probably street growth six.,Reveal baby short surface response move blood.,No,Tom Bombadil,
22,3/26/2024 6:28,Martha Wright,This is a board note,They/Them,bjenkins@gmail.com,2022,No,Rule story west still information. Agency quite top across.,Rest business training hundred section institution. Tough box suddenly drug risk.,No,Yes,Wednesday,"CS 103, CS 102, Physics 101","React, Python, Java",Whose less moment stock also grow.,Out light article off race relate.,https://sanders-briggs.biz/,1,4,8,5,11,9,3,6,12,2,7,10,Believe student three election sea. Process hour consumer entire. Commercial support resource.,Hard low term nor page.,To big room candidate around.,No,Goldberry,
23,1/4/2024 22:36,Annette Norton MD,This is a board note,They/Them,kevinwilson@larsen.info,2022,No,Consumer which you college turn. Under seem would tax central.,Girl cold least allow attorney. Expect country character father happen significant soon.,No,Yes,Wednesday,CS 103,"C++, Java, React, Node.js",Piece worry medical piece still story score.,Same middle expert read challenge rise even.,https://www.kirby-flores.com/,4,7,1,9,8,6,10,12,3,5,11,2,Pull institution war. Staff cost anyone fine on television.,Grow risk day increase bank mother name.,Each spend five success particular.,No,Gríma Wormtongue,
24,1/13/2024 17:37,Daniel Austin,This is a board note,He/Him,pmorris@king.biz,2025,Yes,Type investment television land look daughter. Thing realize between our heart.,Sign onto information dog want. American floor oil it.,No,Yes,Monday,CS 103,"C++, Node.js, Python, JavaScript",Together decade tonight paper player bank.,Plan car provide travel. Type draw act hold firm.,https://hodges-terry.info/,5,1,6,8,9,11,2,12,7,4,3,10,Paper about significant radio. Election car agency note.,Method market nearly allow attention hair.,Media benefit reach data decade.,Yes,Radagast,
25,8/6/2024 6:50,David Reynolds,This is a board note,She/Her,jose76@garcia.com,2024,No,Citizen boy age it. Effort election red significant. Scientist coach paper money without.,Animal interest test account indeed. Challenge history president oil kitchen.,Yes,Yes,Thursday,"Math 101, CS 103","JavaScript, Node.js, C++",Tax oil affect. On sea bit campaign baby.,Memory paper own fall official tax blood thing.,https://www.banks-baker.com/,6,3,5,10,7,12,1,4,2,8,9,11,Mother today policy into should work. Board clear former few along feeling.,Civil speak maintain office discuss.,On rock decide however appear tough.,No,Glorfindel,
26,3/15/2024 10:04,Patrick Anderson,This is a board note,He/Him,martinezchelsea@gmail.com,2024,No,For oil quickly. Someone yes nothing score good. Church heavy world key more send.,Industry add consider chair worry time.,Yes,Yes,Friday,"CS 103, Math 101","React, C++, Node.js, Python",Seven appear figure still.,Table include western between answer his central.,https://arnold.com/,4,11,12,7,9,10,5,8,6,3,2,1,Purpose TV three project.,Increase put green actually no.,Capital truth give stop here hit act.,Yes,Barliman Butterbur,
27,4/12/2024 10:26,Tyrone Evans,This is a board note,He/Him,williamslindsay@yahoo.com,2025,No,Employee claim decade wife. Century red so cultural. Trade by police provide also actually.,Institution wife data million design why. Approach land guess. Number successful could religious.,Yes,Yes,Monday,CS 101,Python,Community vote against adult guess bit.,Relationship wish next detail director simply.,http://www.myers-pacheco.com/,1,7,10,4,2,9,11,8,12,5,6,3,Save know throughout miss face. Gun believe green experience improve.,Go section nature west lay little.,Economy cost million early per least.,Yes,Bill Ferny,
28,1/20/2024 12:48,Brett Gonzales,This is a board note,She/Her,floresheather@baker-cooper.com,2025,Yes,Town exist water while. Information determine support technology ground fly soon.,Teach sit very reveal. Whom fly in several throw. Appear gas above show fact.,Yes,No,Monday,Physics 101,Node.js,Final public side into note save.,Line nice rise result.,http://lopez.com/,5,9,6,3,10,2,8,4,1,12,11,7,Bag second that improve visit look give. Pretty where anything gun beyond region half.,Prevent evidence or Democrat actually.,Teacher eye grow necessary sport kitchen.,Yes,Bilbo Baggins,
29,4/14/2024 23:47,Jerry Strickland,This is a board note,She/Her,william69@lutz.com,2023,No,Song class into. Kitchen live keep strong son all daughter. Police because coach crime strong beat.,Box better hand claim claim. Effect door my not write.,No,No,Wednesday,"Physics 101, CS 101",Python,Range cause sound sense. Least out deep reality.,Dream more family according brother himself one.,https://www.patterson.com/,11,3,1,10,12,6,9,8,4,5,7,2,View green sense right. Country TV find writer area look.,Think kid partner season. Admit best deal value.,Beautiful throw bill drop night.,Yes,Lobelia Sackville-Baggins,
30,4/29/2024 13:05,Steven Lopez,This is a board note,She/Her,jennifersimpson@wyatt.com,2022,Yes,During there bring movement financial. Together reach wife work whether hair.,Baby son recently success better training clear. Plant develop wall beat current against many.,No,No,Wednesday,"Math 101, CS 101, CS 103","Python, Java, React",Time hour performance nearly itself.,Long whole various time several.,https://www.brown.com/,10,6,1,3,8,12,11,4,9,2,7,5,Argue between believe again. Author to role direction.,Congress summer determine by return.,Tv conference spend draw heart leg arm.,No,Fatty Bolger,
31,2/25/2024 2:32,Chelsea Brown,This is a board note,He/Him,jason01@kelly.org,2025,Yes,Management anyone laugh. There successful indicate others six kid significant.,Show low knowledge management exactly mention else. Language car region program.,No,Yes,Friday,"CS 102, CS 101","Python, JavaScript, React",Point later law eat forget region.,Arrive become ask never his.,http://bailey-baker.info/,6,12,5,3,10,2,9,4,11,7,8,1,Meet include claim test western her theory. Prove indeed there.,Risk old debate of budget get quickly score.,Central growth fill window wear cover region.,No,Rosie Cotton,
32,7/13/2024 6:06,Michael Walters,This is a board note,She/Her,debbie41@cole-fox.biz,2023,No,Owner story among environmental weight when traditional. Police crime mind exist.,Since move game eat. Sometimes executive pressure newspaper charge. Rock only again.,No,Yes,Thursday,"CS 103, CS 102, CS 101",Python,Effect stage many natural another establish.,They when policy machine size once.,http://yoder.net/,7,5,9,12,1,2,4,11,3,8,10,6,Role letter local case. Home morning medical within there state.,Fill use happen project.,Draw your wife enter clearly realize skill.,Yes,Ioreth,
33,7/11/2024 5:14,Brian Bridges,This is a board note,They/Them,ojohnson@kennedy.info,2024,Yes,Team year voice tax citizen attention fight. Along Mr several machine late.,Affect black physical believe. Teach activity upon Congress focus.,Yes,No,Tuesday,"CS 103, Physics 101","Java, JavaScript, React",Just wall respond process his.,Or of single simple catch second.,https://www.martinez.biz/,9,7,4,1,8,5,10,11,6,12,3,2,Bank send executive stop. Just from concern news.,At learn hold discuss body.,Process past do job impact marriage.,No,Halbarad,
34,3/9/2024 10:31,Francisco Andrews,This is a board note,He/Him,joseph28@hotmail.com,2024,Yes,Military fear on. Young final whose land left late.,Language item exactly agree. However use resource. Finally or control experience like cost.,No,Yes,Wednesday,CS 103,"Node.js, Java",Better page a describe happen.,Someone shake during spring water.,https://cameron.com/,8,9,11,6,4,7,5,12,2,3,1,10,After whatever dream civil.,Issue available modern available us simply.,Through cup everyone have also.,Yes,Gwaihir,
35,6/9/2024 22:24,Linda King DDS,This is a board note,He/Him,rreyes@hotmail.com,2023,Yes,Forward news service hospital structure others. Population player people lead evidence physical.,Carry moment president write conference soldier. Site born different already into.,Yes,Yes,Friday,CS 103,"C++, Java, Node.js, JavaScript",Catch where prevent market.,Get stand month box time list anything.,https://www.parrish.com/,8,2,12,5,7,10,3,6,11,1,4,9,Relate show arrive magazine. Feeling morning also card. Or leg way yeah push mean.,Red also part bring always challenge.,Though floor size our heart.,No,Haldir,
36,5/21/2024 11:23,Phyllis Cantu,This is a board note,They/Them,robert91@edwards.com,2023,Yes,Radio under successful large sport future.,My together take candidate media color. Benefit this watch leave.,Yes,No,Wednesday,CS 103,"Node.js, C++",News gun get line us.,Trial race in put high bit.,https://www.huffman-miller.org/,2,6,8,11,1,12,5,9,7,10,3,4,Relate remember leave which.,Detail defense close purpose fine red.,Add people last organization deal tell.,No,Celeborn,
37,6/8/2024 1:37,Julie Olson,This is a board note,They/Them,millervictoria@smith.net,2023,No,Pretty approach so she record message. Cell game kitchen choice act mind.,"Official prove especially apply local high rather.
Record fight matter agree approach strategy.",Yes,Yes,Tuesday,"CS 101, Math 101, CS 102","Node.js, C++, Java",Less perform interest.,Candidate game add morning join break.,https://rasmussen.biz/,1,5,7,3,10,2,9,8,4,12,6,11,Run road stuff eat clear. Increase here pass fight. As many general hundred.,Story front young oil expert reflect know.,History want decade fine mention without.,No,Círdan,
38,2/24/2024 21:09,Daniel Arnold,This is a board note,She/Her,stuartwalsh@mendoza.com,2024,No,Single paper end see everyone individual. Enough turn nearly thing.,Choice wall myself nor amount thousand. Agency seat Democrat director arrive the military.,No,No,Friday,"CS 101, CS 102",Node.js,Might blood half four worker.,Model age join part movie.,https://montgomery-davis.biz/,1,12,8,11,4,9,5,10,2,7,3,6,Energy film born former. Reach clearly audience bill. Dark one able.,Will theory choice turn spring direction.,Space themselves father present son.,No,Gil-galad,
39,6/13/2024 8:57,Leah Bryant,This is a board note,He/Him,stevenhunt@yang.org,2023,Yes,Reach would push few perform reduce military strong. Draw head across American.,Budget catch at. Statement program check purpose front his. Well it with to.,Yes,Yes,Tuesday,"CS 102, Physics 101, CS 101",Java,Month structure probably military.,Whatever future home national step.,http://cameron.com/,11,9,10,12,2,6,7,8,5,4,1,3,Cold better only. Leave perhaps policy herself leader decide light sell.,Position himself part off matter big again.,Go arm large operation.,Yes,Isildur,
40,7/24/2024 12:43,Jordan King,This is a board note,She/Her,ramirezcandace@anthony-green.com,2022,No,Attention spend example into room yet focus. Old carry beautiful coach.,Individual no happy fund. Free ten wait window.,Yes,No,Thursday,CS 102,"Python, Node.js",Study hope success idea later.,Water what debate relate address huge.,https://www.tyler.com/,8,2,11,9,7,10,4,3,6,12,5,1,"Office different whole act eight.
Rock deal their hospital. Road road number.",Follow war force trial easy.,Into hundred each ever here if finish.,Yes,Elendil,
41,8/28/2024 16:13,Sherri Bray,This is a board note,He/Him,maxwellchan@palmer-thompson.info,2022,Yes,Race save thank individual according on professor. Knowledge discover oil recently.,Responsibility like who those. Red act along common during.,Yes,No,Tuesday,"CS 102, CS 101, Math 101","Python, JavaScript, Java",Red discussion bank stay.,Mrs protect be issue plant. South road pay door.,https://www.pugh.org/,7,3,8,6,10,11,4,2,12,9,5,1,Smile up couple allow receive indicate. Born federal entire none.,Close far specific situation ten into your fight.,Best second focus.,Yes,Anárion,
42,1/31/2024 13:53,Denise Jensen,This is a board note,They/Them,gregory21@gmail.com,2024,No,Court machine economic movement you race. Peace anyone true shoulder home night.,North about example help begin. Base follow Mr development cell news soldier. Score claim eat tax.,Yes,Yes,Friday,"Math 101, CS 103","Java, Python, JavaScript",Area political quality.,Of operation make ok your.,http://bryan.com/,5,6,10,9,8,1,11,2,12,7,4,3,Apply sound record institution leader world. Many seven green process occur treatment.,Later occur base conference.,Throw ask front receive thousand son.,Yes,Shelob,
43,8/17/2024 13:54,Mr. Mike Gomez,This is a board note,She/Her,ginawashington@yahoo.com,2024,Yes,Power model wish in responsibility such good. Big camera member. Adult leg policy whom foot.,Large onto and those. Include let begin here study specific present. Cost system less hit stuff.,No,No,Monday,"Physics 101, CS 102, CS 103","Python, React, JavaScript",Center smile full however.,Open listen free research.,http://smith-carroll.com/,12,10,8,7,6,11,4,9,5,2,1,3,Anything cut system. Professor something safe list thousand.,Hour discover carry town church.,Recent section back fill effect.,No,The Witch-king of Angmar,
44,3/30/2024 2:04,Amy Ortega,This is a board note,They/Them,wfuller@robinson-bird.com,2022,Yes,Performance response type soon. Owner lay last.,"Serious draw free. Seem herself suddenly hard.
Professional smile whatever collection effort.",Yes,No,Monday,CS 103,"React, C++, JavaScript",Present character magazine old billion contain.,Individual their challenge unit shake.,http://smith-russell.net/,8,10,7,3,1,9,6,11,5,2,12,4,Piece respond former. Everything ahead although run carry.,Evidence war discuss whose environment soon.,Gun enter hold science health recent.,Yes,Khamûl,
45,3/17/2024 21:48,Jennifer Gonzalez,This is a board note,He/Him,fmoore@mcdowell.com,2024,Yes,Never so coach easy create determine. College raise apply firm picture above.,Surface space create might community. Task environmental art read good three.,No,Yes,Friday,"CS 101, Physics 101",C++,Analysis detail owner kind.,Other phone word member.,https://www.charles-hoffman.com/,1,6,9,8,7,11,2,5,10,12,4,3,Statement east pass. Happy available arrive lead.,Laugh exist out huge range wall activity college.,Drug claim serve service lay suddenly.,Yes,Uglúk,
46,8/31/2024 13:08,Gabrielle Cooley,This is a board note,She/Her,lewischristy@gmail.com,2025,No,Avoid remember method sort of tend memory. Last like word newspaper.,Describe claim house wide nature stand effort. Factor former why station.,No,Yes,Friday,"Physics 101, CS 101, CS 102",C++,Speech which commercial small American rate.,Themselves cost guess two.,http://www.powell-lopez.com/,10,1,3,2,12,9,7,4,11,6,5,8,Body similar account sit nor most. Require college same occur someone civil.,These one word keep watch.,Democratic until people show enjoy.,Yes,Shagrat,
47,4/21/2024 9:46,Perry Barron,This is a board note,They/Them,anguyen@pena.com,2023,No,Worker will work able name. Tax behind stock policy.,Draw police family boy result theory about. Attack board marriage need.,No,Yes,Monday,"Physics 101, Math 101","Python, Node.js",Nearly design major last later loss.,Play after firm.,https://www.lee.com/,3,10,11,4,9,12,8,1,2,6,5,7,Few easy able. Military about employee magazine. Behind describe rock than.,Skin political recently recognize follow.,Mind forward nothing magazine class thousand.,No,Grishnákh,
48,4/25/2024 16:09,Allison Warren,This is a board note,She/Her,ngallagher@clay.com,2025,Yes,National wait speech road. Daughter single four listen bag. Space age win someone.,If center morning rest. Fear once space mind. Rock year wrong pull almost example spend stuff.,Yes,Yes,Thursday,"Math 101, CS 103, CS 101","JavaScript, Python, React",Receive ball player clear.,Mention for month position.,http://www.young-diaz.com/,6,8,5,9,10,1,4,3,11,2,7,12,Everyone onto law enjoy property million. Politics way six take.,Focus network tree sit board realize cultural.,Just down believe. Whatever wrong report toward.,No,Gorbag,
49,6/12/2024 16:47,Susan Wagner,This is a board note,She/Her,rhughes@chavez.net,2022,No,Population rule crime. Difficult stage development piece ask. Measure subject food drive.,Everyone international many ever skill. Wrong night civil poor.,Yes,Yes,Wednesday,CS 101,"Node.js, JavaScript, React, Java",Fine pressure whose central trial.,Anyone fly baby effect according.,http://www.white.com/,7,9,4,10,3,2,6,12,5,1,11,8,Example after service nice record. Task husband cold concern.,Dark fish art finally smile cost.,Home surface sing be season fine expert.,Yes,Lurtz,
50,4/8/2024 21:56,Tracy Marquez,This is a board note,He/Him,hshannon@yahoo.com,2022,Yes,Civil our open usually phone accept describe just. Cell system data so girl popular inside center.,Notice send fear become. Garden feel crime face middle at similar.,No,No,Wednesday,"CS 102, Physics 101, Math 101","Python, Java",Work radio wife local film analysis.,Born data my Mr no.,https://elliott-hayes.com/,4,9,6,1,3,11,8,5,10,7,12,2,Find that some. Gas per cell. Everything feel performance happy chair.,Be three gas cell. Report night evening since.,Money outside take model approach prepare parent.,Yes,Otho Sackville-Baggins,
51,8/27/2024 6:41,Roberto Sanders,This is a board note,They/Them,iwallace@hotmail.com,2022,No,Tax whether civil second back affect ten. True amount finally.,Use decide available. Friend others better oil.,No,Yes,Wednesday,Math 101,React,Together coach ball central oil.,Once a exactly head dark million along.,http://ryan.com/,10,1,9,5,3,4,7,2,8,11,12,6,Source keep indeed thus send tax tend. Herself condition officer human concern.,Force from girl economy.,Mother so early state include.,Yes,Ted Sandyman,
52,3/12/2024 7:18,Joseph Kidd,This is a board note,They/Them,denisemurray@love.com,2025,Yes,"Behavior move today career task relate.
Forget campaign stuff important doctor.",Success lawyer when account truth. Lead open themselves be. Give less ago huge when form leg black.,Yes,Yes,Friday,"CS 103, CS 101","JavaScript, Python",There expert just front discuss everyone.,Far similar group table usually ground.,https://velazquez.com/,4,10,2,7,1,3,8,6,12,9,11,5,Baby goal us anything nice. College let think success purpose sign. Partner pick a thought.,Down probably light oil live save tell even.,True move college perhaps myself environmental.,No,Lotho Sackville-Baggins,
53,8/9/2024 19:19,Jessica Cochran,This is a board note,She/Her,kristennguyen@kent.net,2024,Yes,Allow option left better. Type president product develop level single value southern.,Star fact crime fear sometimes perhaps each.,Yes,Yes,Tuesday,CS 103,"JavaScript, Node.js",Worker read partner lot hold data.,Result truth avoid chance mention tell.,https://stevens-adkins.org/,9,11,5,12,1,4,10,7,2,3,8,6,Ahead result she although stand impact. Still time war side clear. His their eat.,Buy grow family significant actually hope tax.,Edge traditional picture among book full.,No,Beregond,
54,1/26/2024 3:09,Dr. Alyssa Newman,This is a board note,She/Her,harperheather@johnson.com,2023,Yes,Experience compare support admit even garden. If official dream probably official course.,Region blue yard read power small. Suffer spring standard.,No,No,Tuesday,"Physics 101, Math 101","Node.js, JavaScript, C++",Drive candidate fast appear.,Benefit main cover fast different rock.,http://smith-coleman.com/,7,9,6,5,3,12,4,1,11,10,8,2,Nothing top surface. Smile against night thing. Gas could sound build inside likely growth.,Role yes wait with better.,Indeed their become station open growth.,No,Bergil,
55,2/27/2024 14:24,Ellen George,This is a board note,She/Her,haydencynthia@velazquez.com,2024,Yes,Particular hope investment model. Field measure or design market of.,Position artist ability real respond economy. Accept mind suddenly should enough hand sign fact.,Yes,No,Tuesday,"Physics 101, CS 103",React,Year project need.,Believe sign become bank recently where.,https://molina.com/,2,1,11,5,4,3,9,6,8,12,7,10,Now couple range popular. Investment should son store cold beyond run.,Pick begin federal most administration what rise.,His glass dream deal father your store.,Yes,Iorlas,
56,4/21/2024 22:41,Xavier Fernandez,This is a board note,He/Him,michael98@hahn.com,2023,No,Home wind understand public agreement stay example. Play speech TV move on last glass.,"Report picture billion sign.
Shoulder money college camera. Road activity adult better.",No,No,Tuesday,"Physics 101, Math 101","C++, JavaScript, Node.js",Simple long environment low recently follow add.,Short car cup already.,http://www.rose.biz/,10,3,9,4,1,5,7,12,8,6,11,2,Free quite public network social area agreement. Father drop play. Authority get also much whole.,Ok happy commercial produce study friend size.,True meet end surface.,No,Forlong,
57,2/19/2024 1:38,Sarah Jones,This is a board note,They/Them,lisa44@yahoo.com,2024,No,Stock outside ability audience. Purpose statement plan pull agree morning service and.,Television experience million could debate decade. Room analysis rise tree.,No,Yes,Friday,"Math 101, CS 101, CS 103","React, Java, JavaScript",List edge institution network.,Put body business add life according.,http://franco.com/,12,6,7,8,3,10,5,9,1,2,11,4,Mention newspaper church. At chair ready wonder we then dark.,Both understand instead.,Agreement point nor pressure.,No,Hirluin,
58,3/8/2024 14:26,Lisa Young,This is a board note,They/Them,kylemarquez@hotmail.com,2024,No,Card which difference reveal suffer another trouble will. Office set activity provide sister.,Market site whole threat choice. Subject full camera sister state.,No,No,Wednesday,CS 102,"C++, Java, Node.js, JavaScript",Local effort class light consumer message.,Look six staff season majority billion.,https://buchanan.com/,9,11,3,10,8,4,7,6,1,5,12,2,Fight tough evidence send short more. Again real discussion bit.,Factor effort value hotel join hotel.,Not throughout society painting.,Yes,Duinhir,
59,2/2/2024 1:28,Amanda Bell,This is a board note,They/Them,kenneth52@young-evans.com,2022,Yes,All two he employee likely his station teacher. Agree government president job.,Worry financial peace. Nice fill read leave.,No,Yes,Tuesday,Physics 101,"C++, Java, JavaScript",Public black option thus itself ahead.,Speak carry though policy compare body.,http://www.adams-taylor.org/,8,9,6,3,4,2,12,7,10,11,1,5,Discussion use it never author. Remain offer shoulder big gas development face.,Read beyond half public send.,Only page body stand fire popular.,Yes,Imrahil,
60,7/23/2024 1:23,Kelly Sharp,This is a board note,He/Him,thomas73@hotmail.com,2022,No,Less energy about security. Small where ago time course.,Player admit pattern decade. Candidate see white amount.,No,No,Friday,Physics 101,"Node.js, JavaScript, React",Member suggest wish rule.,Form mention side traditional region early.,https://www.white-huff.org/,2,1,12,3,7,10,9,11,4,5,8,6,Provide end beyond. Wait service method ago only serve wife system.,Above newspaper believe green station.,Do wall hot stay organization quite present.,Yes,Galdor of the Havens,
61,3/4/2024 2:06,Patrick Smith,This is a board note,They/Them,hernandezmichelle@neal.com,2022,No,Building strong usually blood hit kid response start. Their system PM art.,"We he box thing author. Blood nature front perhaps party sense.
Together large spring.",Yes,Yes,Wednesday,CS 103,C++,Something car anyone imagine local herself long.,But still support another others establish.,http://morrow.com/,4,6,5,1,2,11,12,10,3,7,8,9,Above control air yeah that.,Term change which those upon decide site.,Consider everything young realize occur.,Yes,Gamling,
62,8/31/2024 19:22,Sean Guerrero,This is a board note,She/Her,moorethomas@hotmail.com,2023,Yes,Place successful note get end. Teacher turn oil fact. Under idea few operation future.,Focus firm clear focus. Side mouth rate stop onto. American their treatment TV put meeting.,Yes,Yes,Friday,CS 103,"Java, Python",Best conference challenge and remain point join.,Under tough candidate.,http://pitts-griffin.org/,4,2,3,6,7,10,12,1,11,9,8,5,Window beyond star from heart raise particularly. Name tough water Democrat bring if.,Lose remain list hospital ready so.,Social well space police.,Yes,Hama,
63,2/14/2024 5:20,James Lynn,This is a board note,She/Her,juarezshane@kennedy-brown.info,2024,Yes,Police evidence employee leave job beyond agree born.,Interview husband provide structure leg with. Point image including then hospital official billion.,Yes,Yes,Tuesday,"Physics 101, CS 101, CS 102","React, Java",Away including research time check risk address.,Medical vote idea leader rise six.,http://chavez.com/,10,11,8,9,2,4,5,1,7,3,12,6,Economic almost side study. Source myself else simple. Window compare score voice red.,Audience sound billion hit rise during political.,Figure hope politics analysis.,No,Déagol,
64,3/17/2024 8:03,Bailey Gonzalez,This is a board note,He/Him,heidi28@miller.info,2024,No,Expert game nearly soldier these. Modern actually commercial difficult reflect area throw citizen.,Material region approach soldier. Vote watch page stuff. Member rule along.,Yes,No,Wednesday,"CS 102, CS 101",Python,Himself case total reason upon southern town.,Fast energy through analysis.,http://mitchell.com/,2,1,8,7,6,3,11,4,12,5,10,9,The through list line nice. Better most sell top. Career I produce drive deep radio see.,Training level face knowledge.,Worker each fact note ask option throw industry.,No,Bifur,
65,9/11/2024 12:16,Thomas Bradley,This is a board note,They/Them,suzanneturner@lewis-ross.com,2022,Yes,Federal memory seek religious PM success left. Imagine high positive carry when local finish.,Summer issue how learn fear role.,Yes,Yes,Friday,"Physics 101, CS 101","React, Java, Node.js, C++",Strategy prove line two else.,With likely girl.,http://www.james.com/,3,7,8,6,11,4,12,10,1,2,5,9,Name know arrive only. School able understand movie true present agree.,Political child yourself board.,Mr group without energy small.,No,Bofur,
66,3/23/2024 11:18,Richard Short DDS,This is a board note,She/Her,vbass@gmail.com,2022,Yes,Occur campaign organization arm. View evening out late deep smile. Air answer someone.,Ever wide program fund. First others smile mean.,No,No,Wednesday,Math 101,"JavaScript, Node.js, Python, C++",College recognize popular ten.,Stand computer help seat.,http://anderson.com/,7,2,6,12,3,9,8,4,11,5,1,10,Data nation expect care alone. Cover with three it crime same book.,Expert these likely me. These court program drop.,Race crime weight boy avoid growth.,No,Bombur,
67,5/16/2024 18:52,Rhonda Moreno,This is a board note,She/Her,thomas61@gonzalez-beltran.net,2023,Yes,Wait activity situation they. Act hundred top seat professor.,Southern cover goal child address future home. Computer deep his dark threat late.,Yes,No,Thursday,CS 103,"JavaScript, React",Policy ago budget rock. Safe pick hundred.,Near civil stay police source short me.,http://www.dennis.biz/,7,2,3,10,12,9,4,5,1,11,8,6,It five ago attention.,Indicate many guess point design.,Western go off at ever half.,Yes,Balin,
68,7/16/2024 13:33,Rickey Barron,This is a board note,They/Them,brianchavez@nichols.com,2023,No,Listen responsibility PM great. Wide bad message serve ago we.,Election significant send bad anything. Whatever consumer him important take recently.,Yes,No,Monday,Physics 101,"React, Python",Even detail information recognize happy.,Agree resource easy performance.,http://sanders.org/,10,6,9,8,4,5,11,7,1,3,12,2,Where three attention know. Fund large yes minute. Bar onto order win level five.,Political life quality test make themselves.,Positive land our prevent.,No,Dwalin,
69,7/20/2024 2:49,Daniel Tyler,This is a board note,They/Them,zclark@hotmail.com,2022,Yes,Forward writer relationship agreement whom. Environment economic recognize.,American form a. Although they everyone should without show.,Yes,No,Friday,"Physics 101, CS 102","C++, Node.js",Animal approach answer involve measure same.,Community interview car least sister.,https://www.williams.net/,11,1,9,7,4,3,10,8,6,5,12,2,Vote military believe wait own not economy low. Cost often successful truth daughter benefit yard.,Yourself explain store American apply and into.,Eat identify where somebody check staff hand.,No,Thorin Oakenshield,
70,2/3/2024 17:47,Nicole Mcguire,This is a board note,He/Him,alexander48@wallace.net,2023,No,Itself choose already occur. Pattern able would. Nearly visit alone able various leader.,Several less enjoy economic. Force might spring plant explain general.,No,No,Monday,CS 102,Python,Two so director blue surface talk.,Skill serious us hear wonder check culture.,http://walters.info/,2,4,1,10,7,9,8,11,3,12,6,5,Official race technology decision society fall. Whose include treat follow spend.,Chair speak you to reach half.,Skill clear magazine final simply ball bit.,Yes,Dori,
71,4/17/2024 16:28,Catherine Jones,This is a board note,They/Them,janet34@gmail.com,2025,Yes,How available court region natural our maintain. Ready company Mrs painting.,Of audience will believe. Stage piece rock writer a sea even especially.,Yes,No,Monday,"CS 102, CS 103","JavaScript, Java, React",Source special likely. Activity if camera design.,North little everyone.,http://weber.com/,2,6,10,1,12,5,8,11,4,9,7,3,Past Congress strategy sea.,Major so enough cause.,Carry change manage. Move write arm sort.,No,Nori,
72,6/20/2024 8:04,John Lynch,This is a board note,They/Them,omeyer@goodman-turner.org,2024,No,Time indeed reduce. Professor attack others plant speak begin.,Century tell or middle fall voice sign their. Thus knowledge build while buy night those.,No,Yes,Thursday,"CS 101, Math 101, Physics 101",Java,Line recognize write economic later subject.,You single production.,http://arellano.com/,11,6,5,2,9,3,12,10,8,7,1,4,Operation together anything heavy financial final. Loss according worry.,Event operation already order they.,Read investment rock recently very.,No,Ori,
73,5/10/2024 22:43,Sarah Jackson,This is a board note,They/Them,aaronflores@yahoo.com,2025,Yes,Nice figure morning today black bill. Join somebody identify still as.,Late side middle government before serve seat. Place to kind none. Themselves several investment.,Yes,No,Friday,"Math 101, CS 101","Java, Node.js, C++",Almost why foot price actually word.,Remember term to others everybody least stop.,https://www.jones-brown.com/,9,5,3,4,7,12,8,2,1,11,6,10,Rich health example choose make. Rate community those need.,Agency group oil big.,Person left over. After present show simple.,Yes,Fili,
74,5/8/2024 8:40,Mark Jenkins,This is a board note,They/Them,iturner@hernandez-cochran.info,2022,No,Gas star nothing radio necessary. Million adult very throughout town. Office start watch structure.,Cultural voice card society operation idea.,No,No,Friday,Physics 101,JavaScript,Economy card I according rate go poor.,Newspaper effort husband form.,http://estrada.com/,8,11,12,2,3,6,5,9,4,10,1,7,Rock see like ground. Subject down type.,Director low her ground provide defense.,North expert store each I tough player have.,No,Kili,
75,1/6/2024 15:53,Christopher Gibson,This is a board note,She/Her,henrybennett@jackson-ross.net,2022,No,System indeed on finish audience business worry. Exactly partner prepare race.,Down glass fight boy newspaper room commercial enjoy. Now at huge safe.,Yes,No,Thursday,"Math 101, CS 102","Python, C++, JavaScript, Node.js",Manager use seek college. Treatment write eat.,Center activity thing him before in.,http://www.jenkins.com/,4,3,12,2,6,10,5,8,11,9,7,1,Form event form decide as American analysis. Trouble through new modern mind choice full.,Little exist say thought buy list trouble.,Something although couple assume drug action.,Yes,Bard the Bowman,
76,8/25/2024 23:57,Anthony Woods,This is a board note,They/Them,adamsrebekah@gmail.com,2024,No,Prove you administration himself explain gas yourself hundred. Wish until list you both.,"Blue rather cold. Land mother country.
None father great. Amount couple what available write.",Yes,Yes,Friday,"Math 101, CS 101, Physics 101","React, Node.js, Python, C++",Feel research attack work church reduce mean say.,Example expert cup increase.,http://vasquez-nash.com/,12,6,4,2,11,5,9,10,8,7,1,3,Send doctor very assume wall recent mind. Institution ball save lay.,Answer section note suggest different deal.,Back professor determine alone government back.,No,Beorn,
77,3/6/2024 7:08,Gloria Johnson,This is a board note,He/Him,webstermorgan@jacobson-madden.com,2022,Yes,Development office how world myself. Discussion develop information explain sing field great.,Significant production month central. Must scientist way local.,Yes,No,Thursday,"Math 101, Physics 101",JavaScript,Into arm talk bed.,Two main we skill police become care.,https://pacheco.biz/,7,6,11,9,1,3,8,5,4,10,12,2,Class system keep let why choice. While begin grow ok.,Activity fact practice yeah.,Until other in ahead.,No,Smaug,
78,4/13/2024 17:55,Helen Brown,This is a board note,They/Them,lmcintyre@gmail.com,2022,Yes,Weight pull actually school. Forget nor make. Likely clear travel. Voice picture occur important.,Appear laugh discussion before. Opportunity arm before late must wonder policy action.,No,No,Thursday,"CS 101, CS 103","Python, React",Happy service amount light nature raise dog.,Part guy music main carry.,http://jones.com/,5,7,8,12,2,6,10,9,11,4,3,1,Offer write plan finally itself difficult. Education plant task who. Network edge dog debate way.,Memory meeting respond hit what rich plan.,Paper general seem book view.,No,Thranduil,
79,3/21/2024 1:28,Mrs. Carolyn Green DDS,This is a board note,She/Her,kellydavid@hotmail.com,2024,No,Sort on visit. Total tax thousand whose in plan unit. The learn market lead.,Energy century often first democratic not be. Fill deep material.,Yes,No,Monday,"Physics 101, CS 102","Node.js, Java",Send own kind.,Wear citizen claim receive full.,https://www.wiley.com/,10,6,3,2,9,5,8,12,1,7,11,4,Treatment vote break until leader your experience. Food admit truth event wind billion trouble say.,Bill free million recently.,Catch around free nature system establish beyond.,Yes,Tauriel,
80,3/6/2024 7:41,Amy Weiss,This is a board note,She/Her,jennifernichols@kennedy.org,2024,Yes,Across at main almost. Science position with.,Help might amount much think hit. Talk good performance region discover.,No,Yes,Monday,"Physics 101, CS 101, CS 103","Java, C++, JavaScript, React",Price wrong be decision.,Statement southern cell matter.,https://www.robinson.com/,10,8,3,12,6,7,2,9,4,11,1,5,Bill real tough activity agree responsibility phone audience. Strategy world nice.,Congress continue ahead newspaper.,Pay idea produce husband accept scientist family.,Yes,Thrór,
81,8/24/2024 21:48,Sarah Caldwell,This is a board note,He/Him,ashleylewis@hotmail.com,2024,Yes,Maintain available of few hand simply hit. Poor environment market company cost event.,She product own detail while food coach.,Yes,No,Tuesday,CS 101,"Node.js, C++, Java",Serious certain scientist despite serious.,Office we write though.,https://miller-beck.com/,12,8,10,1,5,7,2,4,9,6,3,11,Score oil while simply fact successful seek. Large expect hope pay single else visit.,Listen and time street only data.,Audience benefit month anyone now capital.,No,Thrain II,
82,1/16/2024 17:46,Jo Bond,This is a board note,He/Him,janderson@blankenship.com,2025,No,Source and quality heart probably. Else author foreign. Lay field event rather then together.,"Agent mind after kind officer what.
Century wear bill dinner. Culture easy point response growth.",Yes,Yes,Wednesday,CS 103,"Java, C++, JavaScript",Source television another.,Will manager part he amount.,http://www.lopez.com/,12,1,9,3,8,11,7,4,5,10,6,2,Then west phone word worry seven design. Woman can radio interesting once.,Small address staff front.,Question four under physical involve ever.,Yes,Azog,
83,2/19/2024 23:24,Gabriel Salas,This is a board note,She/Her,ballfrances@yahoo.com,2025,Yes,Look budget be road focus. See matter particular around leave character could.,Effort theory ago occur daughter measure water role.,Yes,No,Wednesday,"CS 103, CS 101","React, Java, JavaScript, C++",Education measure value provide during.,Your stock experience wife.,http://miller.com/,12,10,4,6,1,11,3,7,5,2,9,8,Here gas future compare gun sort. Official investment value expert someone.,For buy son.,Case professional later allow save teacher great.,No,Bolg,
84,4/3/2024 7:43,Bradley Charles,This is a board note,He/Him,bradley61@yahoo.com,2025,No,Major few defense building. All process center role nature if. Admit common possible bit.,Onto event middle art ground.,Yes,No,Thursday,"CS 103, Math 101","JavaScript, Node.js",Final cell all probably beautiful body hospital.,Box follow part material.,http://glass.com/,6,4,8,11,3,5,12,9,10,2,1,7,Set level decision skin and. Understand current return industry every expert.,He ever deep. Central choose deep floor rich can.,Travel lose stop open attention manager article.,No,Dáin Ironfoot,
85,2/6/2024 21:21,Dalton Scott,This is a board note,He/Him,stevengarcia@odom.biz,2022,No,Lawyer door degree capital teacher. Fill themselves section around. Real even international really.,Toward scientist thank easy. State such product too community if. Amount let company focus.,Yes,No,Wednesday,CS 103,"Java, JavaScript, Python, C++",On especially court. Lead very senior beautiful.,Tonight of operation teacher.,http://vargas.net/,6,12,1,11,7,4,10,9,5,8,3,2,Decade chair shoulder admit kitchen thought establish. Sure act fall conference everything summer.,Rest property west himself brother keep media.,Late degree work management blood.,No,Durin,
86,4/23/2024 4:40,Corey Parker,This is a board note,They/Them,bennettdrew@brown.com,2025,No,Produce would image right. Open during administration later reality.,Increase decision hit. Mean also suffer. Recent myself consider give according peace.,No,No,Thursday,"Physics 101, CS 103",JavaScript,Own to whatever while improve necessary mean.,Star store focus believe.,http://www.gomez-osborne.net/,12,8,10,9,4,1,2,7,6,11,3,5,Recognize she including brother. Third kid interview.,Practice author once single.,Base hundred turn somebody.,No,Narvi,
87,2/27/2024 15:58,Matthew Summers,This is a board note,She/Her,kwalls@yahoo.com,2024,Yes,Where do it shake evidence within. Term fish everybody matter rule.,Glass child system language cold score. He kid respond. West nature mouth get laugh size result.,No,Yes,Friday,Physics 101,"JavaScript, Node.js, Python, Java",Partner win firm customer around ahead build.,Paper inside simple section Mr loss know.,https://www.hodge.net/,1,9,7,12,2,11,4,8,5,3,6,10,Method simple money level sort.,Director beyond energy I alone board court.,Current claim every.,Yes,Celebrimbor,
88,8/4/2024 20:23,Jonathan Whitaker,This is a board note,He/Him,troymaxwell@ramirez-mora.biz,2022,No,Method image you include happy religious. First south sing play.,Eight model more idea. Officer room fine traditional resource test.,No,Yes,Wednesday,CS 101,"Python, C++, Node.js, React",Her often free still street usually.,Player nature group some subject after away.,http://www.carr.org/,6,9,4,2,8,10,11,7,1,5,3,12,Let whatever down guy allow. Feel perform member interest his fire.,Method writer arm strategy stuff.,For community three short eat make.,Yes,Caranthir,
89,8/29/2024 2:57,Ruben Ford,This is a board note,He/Him,nathan25@gmail.com,2024,Yes,Risk call thought. Enjoy loss similar image game.,First start education heart with charge.,No,Yes,Monday,"Physics 101, CS 103","Node.js, Python, C++, Java",Center million approach minute shake world.,Away participant ever war name friend economic.,https://williams.biz/,7,4,2,11,9,5,12,3,8,1,10,6,Away box often already structure. Environment cause network kind.,Almost drug finish seem.,Throughout hot stage worker or woman scene.,Yes,Celegorm,
90,7/22/2024 14:57,Joanna Hunter,This is a board note,She/Her,maykrista@hotmail.com,2025,Yes,Production marriage civil. Commercial soldier kitchen including talk general us.,Suffer bad to. Wait political of read.,No,Yes,Wednesday,Physics 101,JavaScript,Marriage energy rock compare way.,Itself edge center beat station pay begin.,http://www.bird-hicks.org/,8,7,11,1,9,5,6,2,10,3,12,4,Weight military girl night none. Recent show about share source only. Interest whatever million.,Arrive pull reveal discussion scientist.,Southern anyone writer would.,Yes,Curufin,
91,4/2/2024 2:40,William Villanueva DVM,This is a board note,They/Them,bneal@mcdaniel-cardenas.com,2024,No,Will sign throughout little. Character director we.,And interview soldier too film event. Bag finish same list standard shoulder.,No,No,Thursday,"CS 102, Physics 101, CS 101","JavaScript, Node.js",Detail pick suffer again deal trip prevent.,Two ago provide. Term paper someone defense.,https://warren-griffin.net/,9,3,11,1,4,8,2,6,12,10,5,7,Push dream race color. To soon could outside what one. Close level want situation boy information.,My final what entire know try assume city.,Increase around Mrs structure board throw what.,Yes,Fingolfin,
92,5/4/2024 2:57,Lawrence Wade,This is a board note,She/Her,cynthialarson@yahoo.com,2023,No,Suffer fact if apply bill test Democrat. Under eat standard lot rise south current.,Parent attorney civil. Rather news work girl doctor safe. Mouth increase speech since raise.,No,Yes,Thursday,"Math 101, CS 102, Physics 101","Python, React, Node.js, JavaScript",Drop his generation five.,Business leave audience.,https://www.buckley.com/,5,3,1,7,11,9,10,8,12,4,6,2,Institution keep plan avoid during finally west. Wife fill although standard per industry.,Three prepare seek dream.,Late within quite style.,Yes,Fingon,
93,4/7/2024 20:55,Samuel Anthony,This is a board note,They/Them,mark02@gray-yang.net,2025,No,At popular participant color. Check toward continue night although indicate. Job while impact.,Base such heavy. Lead allow eight mean campaign stage. Stand drive low future guy.,No,Yes,Wednesday,"Math 101, CS 103",C++,Turn conference air. During turn recognize make.,And quickly step toward to.,https://sims.com/,3,10,11,4,6,12,9,8,1,7,2,5,Hit above likely those wonder likely over next. General life no leader quite loss do near.,Now term executive expect.,Social allow by.,Yes,Finrod Felagund,
94,5/4/2024 5:28,Timothy Rios,This is a board note,They/Them,paulpatel@cunningham.info,2023,No,Born personal senior should or. Better hold edge you energy hot.,System western race skin early wife age.,No,No,Tuesday,Math 101,"Java, Node.js",Relate adult group put can direction.,Central energy whom list billion number let of.,https://barrett.com/,7,8,4,6,11,2,12,5,9,10,1,3,Anything whom bring put clearly. Around film end cup authority view.,Various court gun fact edge through.,Debate media situation behind human drop.,Yes,Fëanor,
95,8/9/2024 12:40,Alejandra Hughes,This is a board note,He/Him,xfranklin@johnson.com,2022,No,Investment two operation wide. Environment little six carry know think least possible.,Ground when Congress case option. Population gas air several result place.,Yes,Yes,Monday,"Physics 101, CS 101","Java, JavaScript",Sometimes answer those its doctor.,Write week capital attack. Partner may among.,http://www.spencer-hansen.biz/,6,7,11,3,5,4,12,9,10,1,8,2,Grow more blue old. Perhaps away admit story.,Character budget business financial.,Soldier own local your tree. Real feeling next.,Yes,Maedhros,
96,6/20/2024 2:24,Jill Vazquez,This is a board note,She/Her,mary69@neal.biz,2025,Yes,Play call hospital somebody help evidence place.,"Draw policy party east.
Office heavy military need guy financial.",No,Yes,Friday,CS 101,Node.js,Poor remain statement and focus paper quality.,Two section those clearly thousand.,https://long.com/,3,11,7,10,4,6,12,5,8,9,2,1,List fear thousand character stand. As give yet cup surface democratic. Leader hundred visit after.,Your truth memory sometimes family.,Measure newspaper address small dream.,No,Maglor,
97,7/22/2024 12:13,Stephanie Ryan,This is a board note,He/Him,bonniescott@small.info,2024,No,Course floor world scientist image seven. Goal large when war.,Consider control better civil certain democratic. Work coach pull including.,No,Yes,Friday,"Math 101, CS 101, CS 103","Node.js, React, C++",Choice child financial religious theory party.,Allow daughter born until.,https://www.cooke-james.net/,11,12,2,9,7,1,3,8,5,6,10,4,End former ago section everyone inside. Model write adult.,Everyone when effort far character name method.,Tax very become natural.,Yes,Aegnor,
98,2/14/2024 10:18,Angela Mitchell,This is a board note,They/Them,njackson@murphy.net,2023,No,Maybe ability know public court career democratic. Wear party often item.,Know dream he method serious resource fly. Data care anyone others me hit.,No,No,Wednesday,"Physics 101, CS 102, CS 103",JavaScript,Thought environment shoulder place key.,Skin could individual clearly past factor.,https://jacobs-mcdaniel.com/,8,10,11,9,3,5,6,12,7,2,1,4,Democratic letter see system.,Example whole sound town end would.,Dark always evidence start.,No,Amras,
99,7/5/2024 4:33,Francisco Riggs,This is a board note,They/Them,yallen@yahoo.com,2023,Yes,Can establish four whether. Cost record effect sometimes break.,Daughter stage Democrat worry type have. Heart bit manage baby. East two among personal light.,No,No,Friday,"CS 101, Math 101, CS 103","Python, Node.js",Create trouble development call.,Throw develop really.,https://www.logan.com/,8,1,11,12,10,2,9,5,6,7,3,4,The growth must add little turn. Keep begin conference meet of most.,Develop well culture board college.,Investment parent trade culture three.,Yes,Amrod,
100,9/12/2024 16:29,Daniel Spears,This is a board note,He/Him,collinsdylan@church.biz,2022,No,Piece build else why wait. Style me difference main.,"Court senior best everything past simple paper.
Hotel leg west once something.",No,No,Thursday,"Math 101, CS 101, CS 102",C++,Threat could line her hot small.,Although year eat.,https://www.larsen.com/,2,8,3,12,6,10,9,5,4,1,11,7,War see just next turn. At letter pressure moment.,Top bill state physical south exist a.,Question center build.,Yes,Eärendil,
101,6/16/2024 13:48,Sheri Cook,This is a board note,They/Them,rgallegos@yates-navarro.com,2024,Yes,Sport win call writer wrong huge treatment. Sense turn cost moment almost down.,Congress peace federal little PM artist. Peace draw let accept go peace investment. Thank by talk.,No,Yes,Wednesday,"Physics 101, CS 101, CS 102","Node.js, React, C++",These ask green north sea.,Like approach condition move lawyer within real.,http://miles.org/,1,4,12,10,9,11,3,7,2,6,8,5,Difference seek result performance sometimes through. Near matter phone.,Name age reveal under. Itself marriage base work.,Say various exist tough future effort region.,No,Idril,
102,6/21/2024 4:08,Joseph Hines,This is a board note,She/Her,christine13@wilson.biz,2024,Yes,Believe soon present set hand majority. See thus social population other art rich.,Interview son game wonder watch.,Yes,Yes,Thursday,Physics 101,"Node.js, C++, React",Beyond its force continue kid.,Great big each fact generation remember if.,https://www.carney.com/,4,12,8,10,6,3,2,7,1,5,11,9,Must two side option. Strategy day attack. Account model answer sometimes. Claim yes right.,Age resource glass major unit painting.,Policy business mission treatment.,Yes,Tuor,
103,5/20/2024 5:05,Katherine Woods,This is a board note,She/Her,vincentbenjamin@yahoo.com,2022,No,Most theory friend put threat whom seat. Leader picture mean glass election care eight.,Require so prove already. Its Mr great me born single alone.,Yes,Yes,Monday,"CS 103, CS 101","React, JavaScript, Node.js",Future catch where glass agency.,Friend speak technology challenge.,http://moss-kennedy.org/,8,9,4,1,10,11,7,2,12,5,6,3,Factor ever large consider heart property condition onto. None business make.,Else people specific opportunity half.,In order nothing live case. Security wait strong.,No,Túrin Turambar,
104,7/8/2024 18:06,Mark Wallace,This is a board note,He/Him,mary22@yahoo.com,2022,Yes,Out throughout look word know. Him customer clear rise forward sound.,Hear article close yourself example cold. Change live lead pick education.,Yes,Yes,Monday,"Math 101, CS 101",C++,Pick bag this current country step surface mouth.,Tv word available seven. Top end want both.,http://www.haynes.com/,5,1,11,6,2,10,3,12,4,9,7,8,Dog market future student. Sit without herself wonder house soon.,Get live party six these.,Now bad figure he her.,Yes,Nienor Níniel,
105,2/13/2024 21:57,Cathy Bryan,This is a board note,They/Them,jacquelinejohnson@hotmail.com,2025,Yes,Usually bill spring happy. Money late worry boy.,Will next opportunity culture lay population together. Side space manager appear good area.,Yes,No,Wednesday,Physics 101,Node.js,Quickly economic among discussion population.,For however determine goal example.,http://powers.net/,1,7,9,8,11,2,4,12,3,6,5,10,There if rich police hotel. Small nor security.,Artist my thousand pass feel item way.,Role support collection add development sense.,Yes,Morwen,
106,8/23/2024 11:02,Kristopher Terrell,This is a board note,They/Them,vlambert@kelley.com,2023,Yes,Work various itself drug more inside respond. Early job do effort.,Coach race glass how. Bed use threat resource tree officer catch.,No,No,Friday,"CS 102, Math 101","Java, JavaScript, Node.js, React",Science pay especially base.,Project order their also choice television.,https://briggs.com/,9,4,3,7,11,10,5,2,8,6,1,12,Mouth chance like game. Need offer establish. It if whether federal.,Individual begin design say example.,Argue nor offer. Work recognize else certainly.,Yes,Húrin,
107,5/28/2024 1:31,Tammy Brown,This is a board note,She/Her,christophersimon@yahoo.com,2025,Yes,Lot many likely body should for instead far. Huge talk national to season.,Lose perform budget mouth. Their always nothing. Worker ever both American.,No,Yes,Tuesday,Math 101,React,Too goal this laugh try member exactly.,Example unit fish close sit interview.,http://friedman.com/,3,11,6,2,10,7,1,4,12,9,8,5,Address organization challenge couple season. Laugh those exactly. North inside any himself.,Bit alone challenge reflect he thank.,Break amount organization dream our.,Yes,Huor,
108,3/1/2024 12:05,Denise Turner,This is a board note,They/Them,brittany88@gmail.com,2024,No,Investment bag product across foreign sister instead. Place hear brother the.,Place blue put pass. Best economy finish those medical.,Yes,Yes,Thursday,"CS 101, CS 102, CS 103","C++, Python",Huge soon board series down national see watch.,Along such show prevent have special improve.,http://bell.com/,4,12,1,7,10,11,3,9,5,2,8,6,Water report morning will statement. Difficult sign person compare by.,Bank rather down include.,Their modern medical price serve church.,Yes,Rian,
109,1/30/2024 18:24,Jessica Reeves,This is a board note,They/Them,ronaldpacheco@welch.net,2023,No,Involve value generation there make young democratic.,Build city phone fish size structure office. What with market study table leave in impact.,No,Yes,Tuesday,"Physics 101, Math 101, CS 102","Java, Python",Baby cut really firm.,Successful in role sign stay woman.,https://herrera.com/,2,1,11,9,6,12,7,3,8,10,5,4,Than bring feeling long nor.,Away rock professional billion that dream.,Share four look head few know practice.,Yes,Turgon,
110,5/28/2024 18:56,Henry Brewer,This is a board note,They/Them,hdavis@anderson.com,2023,Yes,Report quickly last role computer. Hand on beyond put. Law exist everything sign subject west.,Sense bank everybody tend must international. Store two clear bad firm rock task.,No,No,Friday,"Physics 101, CS 102, Math 101","Node.js, Python, JavaScript",Deal task figure energy get include student.,Enough sister majority.,http://wood-walls.com/,8,10,5,6,11,2,12,9,1,3,7,4,Number green per degree enter. Rather ok listen social suffer. Democrat peace sort thank should.,Culture need through compare.,Measure trouble which Mrs.,No,Maeglin,
111,6/24/2024 13:19,Wendy Stevens,,They/Them,michelle35@yahoo.com,2024,Yes,"First single success. There long report.
Ground rather defense despite member.",Office loss hear tonight. Build evidence program game.,No,No,Thursday,"CS 101, CS 103, CS 102","Java, Node.js, Python",Provide which cold upon.,Such tax generation today ever.,https://www.stafford.com/,8,4,1,6,10,9,11,7,2,12,5,3,Loss in politics owner reveal provide still.,Join her fly after know. Become leader too.,Story court member community human officer.,No,Voronwë,
112,2/15/2024 16:37,Jonathan Reeves,,She/Her,fergusonalexander@martin.com,2024,No,Page well ahead east. Member race American feel specific wind.,Anyone structure resource collection ahead own down. Dream interview within describe these its.,Yes,No,Monday,"CS 102, Physics 101, CS 103","React, Java, Python",Present factor quality your rate.,Way traditional wall however president store.,http://tyler.info/,7,1,2,11,4,9,6,10,3,8,12,5,Read expect move best medical. Do young audience somebody imagine hot American.,Movement benefit language meeting score.,Letter hard education party.,No,Beren,
113,3/6/2024 21:37,Samantha Ellis,,He/Him,ronaldferrell@stafford.com,2024,No,His church believe energy lawyer boy. Age half to bill one goal property.,School person become event truth none. Heart professional itself against.,Yes,Yes,Thursday,"Physics 101, Math 101, CS 101","C++, React, Java, JavaScript",Alone especially suffer man garden interesting.,Great skin matter.,https://www.morgan.com/,3,6,2,10,1,4,12,9,11,7,8,5,While watch best point detail.,Top environment resource or raise local really.,Relationship commercial occur college.,No,Lúthien,
114,1/19/2024 21:23,Joseph Fleming,,He/Him,lisaharris@henderson-lucas.info,2024,No,Stuff break south time option do until. Suggest never level. Add response way within eat.,Write arm risk trade pressure sort. Western south local serious shoulder program.,No,Yes,Tuesday,"CS 101, CS 102, Physics 101","Python, C++, JavaScript, React",Year nearly plan watch. Seem need expect.,Successful hundred future seven.,https://www.byrd.com/,10,2,5,7,9,11,4,3,12,1,8,6,Under rest art subject. Support rule nearly sea while.,Young walk population leader record cultural.,Push performance vote keep trip draw hope.,Yes,Thingol,
115,1/29/2024 1:53,Amy Morales,,He/Him,angelalee@duncan.com,2023,No,Skin reveal rate section too human building. Eat cell loss bit. Line travel when back.,Seven treat action. Feel hot year skin. As example many large bit.,Yes,Yes,Friday,"CS 102, Physics 101, CS 101","C++, Node.js",Traditional score heart run dream response.,Power different between later left game.,http://www.rodriguez.com/,8,2,5,12,7,1,9,10,6,3,11,4,Language big table all.,Agency career town civil.,Stop wonder interesting agency writer usually.,No,Melian,
116,2/3/2024 7:14,Carmen King,,She/Her,fbaldwin@miller.net,2023,No,"Own everyone building start. Million rather gun later surface.
Appear decide recently manager team.",Speak blue tax. Sister mother government baby job defense face.,No,Yes,Friday,"Physics 101, CS 103","Python, Java",Resource result relationship usually business.,Thought smile line red decade.,http://anderson-smith.com/,8,10,6,11,12,5,9,2,3,1,4,7,Owner position rock no. Term begin region partner back.,Interest maybe method Mr wind white stock.,Same group service stage.,Yes,Mablung,
117,4/8/2024 14:28,Shannon Morse,,She/Her,fryedonald@hotmail.com,2025,No,Remain eight perform behavior your change man. Race alone pull style church.,Leg thousand today indicate.,No,Yes,Thursday,"CS 102, CS 101",C++,Crime argue science wait after.,Civil world check discover it shoulder.,https://ortiz.biz/,2,7,9,8,11,12,3,4,6,10,1,5,Tax another walk more bar minute. Avoid far market mission party even.,Choice answer fly against executive choose price.,Certain red site appear resource.,Yes,Beleg Cúthalion,
118,2/3/2024 22:48,Kimberly Martin,,She/Her,longtricia@lawrence-martinez.biz,2022,No,Throughout ahead everyone hot. Course accept take class what throughout.,Maintain role would card. Among such hot face cell economy.,No,Yes,Tuesday,"Math 101, CS 101","C++, JavaScript",Another today play pick.,Middle through government apply.,https://king-ross.com/,2,3,6,1,8,11,4,5,12,7,9,10,Line election course just suggest more. Evidence happen myself ready ball notice particular.,List hospital play.,Third election ball rock.,No,Haldir of Lórien,
119,8/16/2024 1:15,George Olson,,He/Him,whitemegan@murray-robinson.info,2023,No,Value group exist mouth. Prepare smile claim decision firm. Safe radio amount bed.,Ability within happen food commercial the.,Yes,No,Tuesday,"CS 102, Physics 101","Java, C++, Python, React",Other interview style often unit discussion.,Say option already.,https://vazquez.com/,5,6,3,2,7,1,10,12,8,4,9,11,Responsibility bag surface final. Your indicate after ball environment certainly discover myself.,Window majority very need past.,Relationship character war have claim method.,Yes,Orophin,
120,8/3/2024 2:38,Audrey Wallace,,He/Him,glennlisa@hotmail.com,2024,Yes,Support majority expert successful it. Specific member increase head. Knowledge table standard.,Fear deep style play manage another improve. Idea style half main might decision wrong imagine.,Yes,Yes,Thursday,"Physics 101, CS 103, CS 102","Python, C++",Positive teach require ball drug.,Camera almost determine score.,https://bass-allen.biz/,10,1,12,7,9,6,3,5,11,2,8,4,Air sport food Democrat shoulder. Mr benefit quite look investment yet energy.,College smile form guy west stop past tough.,Something event only else return those old.,Yes,Rúmil,
121,5/14/2024 16:17,Kenneth Gilbert,,He/Him,vhernandez@yahoo.com,2022,No,Around maybe room sound determine member study dream. Fear president positive important.,Read drug hotel little. Change police rule.,No,No,Monday,"Math 101, CS 101, Physics 101","Java, Python",Smile challenge be third service relate them.,Look interesting five. Foreign someone wear many.,https://www.davidson.com/,11,5,12,9,10,2,3,1,4,7,6,8,Picture go listen he always agency season bed. Catch investment cover win senior improve.,Image talk part example major.,Pressure some foreign. Five seem security.,No,Elladan,
122,1/14/2024 3:59,Jason Fernandez,,They/Them,cevans@gmail.com,2023,Yes,It film whose heart. Rule game treat name test indicate spend tend.,See then such. Figure I that fine across different. Stand lot analysis play customer subject win.,No,No,Wednesday,CS 101,"C++, Node.js, Java",Something firm option school claim.,Call threat dark even.,http://henderson-wood.com/,6,12,5,4,8,9,3,1,10,7,2,11,Adult successful positive operation coach himself. Site full picture resource what forward.,Customer including need specific entire why half.,Toward factor since.,Yes,Elrohir,
123,5/13/2024 5:02,Christopher Oconnor,,She/Her,maddenbrian@gmail.com,2024,Yes,Think religious what town body coach hair. Keep arrive skin against she especially dinner.,Respond create green language thousand poor doctor. Provide any street everyone though.,No,Yes,Thursday,"CS 103, CS 102, CS 101",Python,Bar media PM nation reveal staff activity.,Audience to hand all.,https://www.hutchinson.com/,5,4,2,7,11,10,1,6,9,12,3,8,Voice success tree thing light. Source ago society eat.,Company risk south once receive leader.,Save education good.,No,Amroth,
124,5/1/2024 5:58,Ms. Julie Patterson,,She/Her,calebstone@murray.com,2022,Yes,Guess make necessary. Culture speech citizen technology.,Media player or nor already market. Best few local listen.,Yes,Yes,Monday,"CS 103, Math 101","JavaScript, Node.js",Government low view early.,Pretty finish wall ahead.,http://www.miller.biz/,10,2,1,5,8,4,3,6,9,7,12,11,In trip report too. Relationship these think.,Long floor plan population.,Along wall fight resource.,Yes,Nimrodel,
125,1/15/2024 9:30,Rebekah Edwards,,He/Him,samuel03@jimenez.net,2022,No,Suddenly cause east image season main occur.,"Nothing share leader human.
Though thing enough believe industry myself here.",No,Yes,Tuesday,CS 101,Python,Short stay he by better picture bar better.,Pay nice arm city property check thank.,https://www.stephenson.com/,7,6,3,11,5,12,8,1,10,2,4,9,Kitchen share agree never plan. Outside positive always.,But property child away her interest from.,Write gas later memory admit sense.,Yes,Amdir,
126,9/8/2024 22:35,Joy Murphy,,He/Him,careymark@fuentes-hart.info,2023,No,Prepare remain decision administration off bit. Face officer road think certainly method.,People watch work shake protect page. Boy agree fly must energy between.,Yes,Yes,Thursday,"CS 101, Physics 101, CS 102",React,Share plan another eye lot forward lead.,Smile long success or back type.,https://www.edwards.info/,8,11,6,12,2,10,3,4,9,5,7,1,Call success evening less. Operation federal current financial.,Ability stop never thought.,They send game point marriage.,No,Aredhel,
127,4/21/2024 5:27,Carrie Smith,,He/Him,georgebruce@hotmail.com,2022,No,Step shoulder cup beyond. Understand real from possible. Nice region approach each kitchen east.,Education stand capital we. Behind allow shoulder accept grow thank during.,No,Yes,Friday,"CS 101, Physics 101, CS 102","JavaScript, React, Python",Western century suffer summer recent.,Happy many hotel forward.,https://baker-reynolds.org/,12,11,2,4,7,8,3,6,1,9,10,5,Security say purpose protect. Thousand environmental once born within voice those.,Activity defense I. Whose for lot.,Wind role result note. Need begin fine foot.,Yes,Eöl,
128,3/14/2024 4:13,Maurice Price,,She/Her,stephensullivan@hotmail.com,2022,Yes,Be treatment walk through remain. Wind receive travel.,Affect pick tree anyone. Tend one near into rich office PM.,No,No,Monday,"Math 101, CS 102",JavaScript,Strong dinner ready list.,Available political season cold pass local no.,http://davidson-peterson.info/,3,2,11,12,8,5,6,9,1,10,7,4,Bill decision allow happen. Would resource on daughter.,Close clearly call girl place.,Huge these down oil. Beyond at send whose.,No,Aegnor,
129,2/13/2024 11:42,Danielle Rodriguez,,She/Her,caitlin36@hotmail.com,2022,Yes,Stage focus professor visit red far. Daughter risk early different.,Computer policy phone. Happen manage sign hour skin now threat.,No,Yes,Monday,"CS 103, CS 102","C++, React, Node.js, JavaScript",No of law.,Suddenly seem similar.,http://zhang.net/,2,3,7,10,9,5,12,1,6,8,11,4,Word walk only public knowledge democratic law. Discover among gun nature.,Foreign use account. Painting whose those.,Cup pressure first remain decide make perhaps.,No,Ecthelion of the Fountain,
130,2/23/2024 13:49,Amy Carlson,,She/Her,james60@yahoo.com,2024,Yes,Similar science arm six oil prove morning. Your when there hard why.,Trade degree reflect own he. Hour appear record return table.,Yes,No,Wednesday,CS 101,Java,Paper future policy including state send.,Voice dinner center he.,http://miller.com/,7,9,6,11,12,10,4,1,3,8,2,5,Concern agreement single three security rule skin stuff.,Center quite sometimes easy.,Every arm whose. Ground theory rather control.,No,Glorfindel,
131,5/23/2024 11:50,Lisa Robertson,,She/Her,ubecker@parrish.org,2022,Yes,Dog such lawyer field different hot.,Bill happy picture. Everything senior full agreement rich middle.,No,Yes,Thursday,"CS 101, CS 102","Python, React, C++, Java",Authority know give democratic name.,Consider join rule account per would answer.,https://duncan.com/,2,9,4,10,6,1,3,8,11,7,5,12,Bar friend stand south center list glass. Kind board respond remain easy find rule watch.,Full teacher almost father.,Director enjoy something small summer account.,No,Gwindor,
132,1/15/2024 3:42,Travis Morgan,,She/Her,jilljames@sanders.com,2025,Yes,Unit southern yes success vote. Speak majority big loss child.,War consumer boy.,No,Yes,Wednesday,"Physics 101, CS 101",React,Discover indeed leg everything great.,Life indicate both risk carry trip bad.,http://www.gonzalez-hill.com/,11,3,10,9,6,2,8,5,12,4,1,7,Explain former firm begin summer thus Mr. Well risk travel beat start.,Teacher economic explain institution if.,Pm box require born research.,No,Huan,
133,1/14/2024 18:25,Jessica Williams,,She/Her,george75@gmail.com,2025,Yes,Raise raise scene company mean. Look drop model. What bad bad western century investment.,Know may wall act station important tax. Include class north the wife red car. The suffer box head.,No,No,Wednesday,"CS 102, CS 103","Node.js, React, Java, JavaScript",Free task begin message theory.,Tree give its tonight clear energy grow.,http://www.brown.com/,9,11,3,2,4,7,1,5,10,12,8,6,Together once far successful expert. Others rather father our than.,Interest crime bit watch first ever.,Finish green plant yourself me these.,No,Thorondor,
134,5/25/2024 12:17,Kimberly Rodriguez,,He/Him,lawsonbrian@horton.com,2024,No,Wind game tree artist trial Mrs floor example. Type enter or hand newspaper skin.,Movie claim concern middle population debate. Step place another cover player husband agree hit.,Yes,No,Wednesday,"CS 101, Physics 101, Math 101","React, Python, Node.js",Open computer itself he foreign.,Deep light notice spend exactly economic.,https://matthews-gallegos.com/,10,6,2,12,8,4,11,9,1,7,3,5,Support prepare case medical artist region. Against along identify nation.,Law middle store father contain.,Similar seek reality know indeed.,No,Ancalagon,
135,5/8/2024 22:12,Scott Wilson,,They/Them,scottcollins@yahoo.com,2024,No,Party never bill instead. Month general never accept. Wish add past manager plant director land.,Agent my artist before through. Hope indeed be.,Yes,Yes,Monday,"Physics 101, CS 102, Math 101","Java, C++",Method floor option plan trial.,Father special late push company each drop.,http://woods.biz/,6,8,11,1,10,4,2,5,7,12,9,3,Seem wall also wind suddenly. Attention sport leave though chance.,Hair bar break finish this movie government.,Human radio difficult face.,Yes,Gothmog,
136,3/26/2024 1:54,Maria Patterson,,They/Them,llambert@gmail.com,2022,Yes,Low throw ability evening other head. Door issue who rock. Research thing argue.,Animal officer attorney common them. During yet air than. Hope right since.,No,Yes,Thursday,CS 103,"React, Node.js, Java, C++",Not market street other real.,Long provide design project rise.,https://chan-shepherd.com/,8,6,12,3,4,9,10,5,2,7,1,11,"So trial adult actually stop.
Sign least need election.",Per notice who leg.,Really window hit TV commercial something.,Yes,Durin's Bane,
137,9/8/2024 0:59,Tracey Scott,,He/Him,anthonyrivera@nunez-becker.biz,2022,Yes,Turn degree debate talk likely new. Financial defense answer whatever.,That issue commercial gun various he. Protect finish practice oil face food let.,Yes,No,Thursday,"CS 101, Physics 101","Python, JavaScript, Java",Tonight tend mother right.,Life under from model region peace participant.,http://www.lane-maxwell.com/,6,10,5,3,2,12,11,7,9,1,4,8,Party decision on group. Wrong star according worry. By bill create evidence.,One us from tax be various management.,Entire history debate later pick trip new sea.,Yes,Ungoliant,
138,2/27/2024 3:07,William Wilson,,She/Her,james53@hardy.com,2025,No,"Along do matter whom. Process you act despite local education garden.
All actually station.",Religious human team between individual will. Current record former leg. Describe girl know.,No,Yes,Thursday,CS 103,"C++, React, Python, Node.js",Over church show chance.,Wait moment behind least hundred four.,http://www.mcdowell.org/,7,10,1,8,2,9,5,6,11,4,3,12,Scientist development debate condition certain current force statement. How prepare forget every.,Few by share adult.,Century summer treatment teach identify wind.,No,Morgoth,
139,8/14/2024 8:00,Eric Newman,,He/Him,twells@gmail.com,2024,No,Word enough at old now officer. History source building meeting society specific enter.,My story relate customer care. Leave so ok one.,No,Yes,Friday,"Physics 101, CS 101","C++, Java, React, Python",Seven authority resource impact Mrs.,Pm memory land area day.,https://white.com/,1,9,4,5,7,6,11,2,10,8,12,3,Child he upon development TV Republican responsibility.,Difficult song role may.,Day already computer front plan eight.,Yes,Annatar,
140,2/13/2024 4:59,Lauren Moore,,She/Her,brendachang@hotmail.com,2024,Yes,Decade near find fish admit bill girl. Trouble everybody billion attorney. Ever low upon blood.,Easy really place affect win.,No,No,Wednesday,Physics 101,"React, Python, C++, Java",Choose can another have dog.,Before save factor history.,https://best.org/,1,7,11,5,9,2,4,10,12,8,6,3,Of industry parent. Yeah happy organization yeah.,Subject education better none item.,Blood like glass.,No,Gilraen,
141,7/15/2024 1:28,Joseph Gray,,They/Them,samanthajenkins@hotmail.com,2022,Yes,"Guy red trade to. Lot current leave why.
Oil hundred pretty they. Party audience left.",Send many town respond need. Green rest job newspaper sing already itself.,No,Yes,Monday,"CS 102, Math 101, Physics 101","Java, Python",Major whose represent minute letter.,Bank over rock send friend prevent.,https://murray-johnson.biz/,12,4,1,8,3,11,2,7,5,6,10,9,Nice nature force sit nation possible phone director.,Around once line defense capital sit.,Both attorney while eye.,No,Eärnur,
142,7/2/2024 7:04,Daniel Allen,,They/Them,whouston@adams-smith.net,2024,No,Child need now man. Former couple begin federal road note lawyer. Happen over line speech laugh.,Care difficult option executive.,No,No,Tuesday,Physics 101,Java,Author security huge remain plan fall Republican.,End window dark player through.,https://www.estrada-murray.com/,2,6,5,7,12,1,10,4,3,8,9,11,Network anything throw history include large wife. Somebody art impact. Smile wear throughout west.,Wind learn bad rock.,Eight natural senior yet region speak kind.,Yes,Tar-Ancalimë,
143,5/12/2024 3:07,Charles Morrow MD,,She/Her,haysrebecca@hester.com,2024,No,Modern shoulder cost whatever take study. Whole throughout very. Story table spend measure.,Friend church fire man sure finish society. Major imagine also article.,Yes,Yes,Friday,"CS 103, Math 101","React, Java, C++, JavaScript",College view stop treat.,Thank add dream charge here tell really win.,http://www.thompson.info/,12,1,2,5,11,6,10,8,4,7,9,3,Born however some institution world increase include. None probably watch adult information.,World participant camera employee company threat.,Full be compare see six.,Yes,Tar-Minastir,
144,3/8/2024 6:05,Austin Salazar,,They/Them,danielrobinson@coffey.biz,2023,Yes,Enter use score relationship note third election. Dog study modern decide fact able.,Local between listen then out speech our. Reality quite hard popular local sister.,No,Yes,Thursday,"CS 102, CS 101","JavaScript, React, Python",Sign else world again himself leg under natural.,Simply company skin that he.,http://aguirre-james.org/,11,7,5,4,12,6,10,2,9,1,8,3,Teacher front walk assume energy current. Marriage respond impact range. Off such smile in notice.,Fly sit position.,Physical call under drop certain moment.,Yes,Tar-Palantir,
145,2/20/2024 10:23,John Stewart,,They/Them,michaelgutierrez@yahoo.com,2024,Yes,Bank six also participant just season program third.,Where life nation quickly ten anyone. Whose impact picture old hot fire. Might these data throw.,Yes,No,Wednesday,CS 101,JavaScript,Expert life executive region.,Have central party seek region home for.,https://www.munoz.com/,5,12,8,6,10,9,1,4,3,11,7,2,Person beyond tree why. Door production shoulder.,Wish likely point operation.,Herself avoid hundred anything.,Yes,Ar-Pharazôn,
146,4/30/2024 9:58,Ashley Little,,He/Him,joshua77@perez-turner.com,2024,Yes,Tell able test allow. Away example glass market remember including.,Apply defense suggest yard administration fight. Idea tonight some threat.,Yes,No,Wednesday,"CS 103, Math 101, CS 102","Java, Node.js, JavaScript, C++",Late follow entire condition language eye.,Thus always loss beautiful yeah.,http://www.ford.com/,9,7,12,1,8,11,10,5,6,3,4,2,One public talk southern. Happen agent young return. Maintain less state join.,Hotel middle company nice teacher change.,Case letter process. Beyond myself among to bad.,No,Queen Berúthiel,
147,3/13/2024 18:30,Brandon Elliott,,They/Them,lauren01@wright.net,2022,No,Chair specific its process kind.,Movement number ready. Available produce population now explain reason get.,No,No,Tuesday,"CS 101, CS 103",Java,Garden owner mind any structure.,Rule box organization agency term many.,http://www.alvarez.com/,4,6,12,1,8,7,2,3,10,5,9,11,Even newspaper impact situation stop picture. Around entire strong prove.,Administration citizen step building.,Quite safe threat.,No,Bregalad,
148,3/2/2024 18:38,Lisa Simpson,,They/Them,williamsilva@bender-allen.info,2022,No,Most throughout give feel. Tell thus accept consumer with really.,Field but decide politics. Computer above someone expect easy apply case.,Yes,Yes,Friday,"CS 101, CS 103, CS 102","C++, React, Java, Python",Chance four beautiful allow affect avoid.,Lead federal world suddenly activity cut ahead.,https://www.sanders-moses.info/,8,4,9,12,10,11,5,7,3,6,2,1,Player produce wish attorney. Budget some structure ever area notice.,Full red daughter southern pressure economic.,Party bar condition simple section detail total.,Yes,Lothíriel,
149,3/8/2024 4:31,Joshua Howell,,They/Them,christophermosley@french-jennings.net,2025,Yes,Senior pretty month become despite available. Six phone job compare range ago.,Say item prove majority maintain level writer. Size then whatever enjoy management nice.,No,Yes,Monday,"Math 101, Physics 101, CS 102",Node.js,Wear west goal inside particularly pull.,At glass network just reality.,https://www.jacobs-martin.com/,1,8,9,12,7,3,4,5,10,6,11,2,Difficult stay summer. Threat wrong case mission so bill represent store. Raise up single up.,Before gas data international statement thought.,Young black fish mention center matter.,No,Galdor of the Tree,
150,6/22/2024 21:35,Thomas Rowe,,He/Him,kyle13@yahoo.com,2022,No,Produce first above science us. Strong analysis land first.,Evening occur direction realize stay personal position black.,Yes,Yes,Tuesday,"Physics 101, Math 101, CS 103","Python, JavaScript, Java",Other shake kind hundred industry better.,Many around voice report contain.,http://mullen.com/,9,2,11,6,8,12,1,10,5,7,4,3,Letter trip society west friend. Special live tend.,Represent really drive company.,Involve rich eye idea.,Yes,Barahir,
151,6/13/2024 13:38,Isaac Mason,,He/Him,rebecca26@rose.com,2025,Yes,Final get respond physical. Always degree beat. Election activity list drive.,Like evening account. Might exactly apply its. Machine under second especially.,Yes,No,Monday,"Physics 101, Math 101","JavaScript, C++, React",Majority red kitchen notice sure itself yet.,Area model if sometimes sure different least.,https://www.hicks-harvey.org/,8,5,6,9,3,4,7,11,1,2,10,12,Power home few report. Whole you find either rise north vote.,Base why without without.,Factor before strong administration.,No,Finwë,
152,7/13/2024 17:11,Michael Schmidt,,He/Him,garciaheather@gmail.com,2025,No,Rise this ask tend. Room new probably yard. Try run over.,Join view choose scientist simple Mr. Reveal personal member consider check.,Yes,Yes,Friday,Math 101,C++,Dream station maybe tax history oil assume.,Month worry feeling cell increase enough.,https://www.price.com/,10,2,7,11,8,3,5,6,9,1,4,12,Everyone former charge individual foreign coach house. North well late will.,Among customer could.,Official every help begin.,No,Míriel,
153,3/15/2024 19:52,Nathan Alvarado,,He/Him,vanessarivera@garcia.com,2025,Yes,"Bed cold watch. Natural executive service game four effect.
Garden fly arrive traditional.",Follow worker share guess heavy parent likely. Yard job leader get.,Yes,No,Wednesday,CS 101,React,Little think represent officer I building.,Strategy day tree media rather.,https://www.morales.biz/,4,8,12,6,9,10,5,1,2,11,7,3,Beat hear word we stop discuss. Event great bar adult.,Whom people response range response fund.,Third dream theory community.,No,Indis,
154,1/2/2024 8:13,Veronica Cisneros,,They/Them,porterdennis@bell.com,2025,No,That different democratic political. Choose both page head six you seven.,Understand home day source everyone. Billion clear capital citizen who.,Yes,No,Wednesday,CS 103,"React, Java",Rise wear service project above.,Agree skill participant thing.,https://www.valencia-serrano.com/,10,6,3,9,1,12,5,4,7,2,11,8,Research wide economy own. Response until soldier wear something.,Behavior six professor answer teach join.,Major audience interest pull watch young off.,Yes,Finarfin,
155,5/4/2024 19:18,Taylor Wyatt,,He/Him,rangelmichael@yahoo.com,2023,Yes,Whose rate than ten buy. Ability team the meeting sport. Role head success often.,"Level three feel wear. Western provide four eight relate we behavior.
Yeah draw third.",No,No,Thursday,Math 101,"JavaScript, Node.js, C++, Python",East real growth. Me movement happy energy.,Fill budget worry stage race.,https://www.peterson.biz/,9,2,8,1,5,4,6,12,11,3,10,7,Market still along return issue ability stuff.,Have company conference dog study.,Not phone tax with through.,No,Ingwë,
156,2/5/2024 5:45,Nathan Taylor,,They/Them,longrobert@yahoo.com,2024,Yes,Wish wish with group power always just. Help century nation tend specific light. Fish three sort.,Smile late help. South standard environment. Final certainly mean your process.,Yes,Yes,Monday,Physics 101,"Java, JavaScript, Node.js, React",Civil time man risk less. Real push yes.,Few take site necessary.,http://williams.com/,4,10,12,5,1,8,9,7,3,11,6,2,Feel enter defense up grow. Place husband must defense.,His center themselves western.,Loss bad happy time save next see.,Yes,Olwë,
157,6/15/2024 10:20,Diana Reilly,,She/Her,fwatson@hotmail.com,2025,No,Build memory upon her young six. Court own eye traditional.,Outside admit land today occur worry become laugh.,No,Yes,Friday,CS 102,"Java, React",Up seat as reduce effort bit keep.,Trial rather no ok.,http://vega.com/,6,4,10,11,7,2,3,9,1,5,12,8,Apply west suffer ago. Well off they night general add improve.,Receive job office as. Require partner who.,Seven piece baby blue their up.,No,Eärwen,
158,4/30/2024 1:52,Jonathan Mcintyre,,He/Him,michaelbell@barry.biz,2023,No,Gas room big identify. For technology education ask simple.,Left experience where before. Public lose language big determine million if defense.,Yes,Yes,Thursday,"CS 102, CS 103, CS 101","JavaScript, React",Customer boy whom.,Offer must response serious.,http://miller-wells.org/,5,1,10,12,2,9,4,11,6,3,8,7,Baby it machine teacher fill effect list. Case west charge.,Official statement question camera.,Price data success woman organization fact music.,No,Melkor,
159,4/21/2024 22:04,Sarah Taylor,,He/Him,jacquelineperry@ramirez.com,2022,No,Recognize factor play. Born certainly candidate and good.,Scene event allow picture car. Southern sit administration debate southern opportunity.,No,Yes,Wednesday,"Physics 101, CS 101, CS 103",C++,Another give those still.,Spring operation establish factor about four.,http://terry.com/,11,12,9,1,8,2,10,4,3,5,6,7,Four look million agent. Hit pretty true statement development individual.,Simple great spring job.,Charge bill we politics form.,Yes,Caranthir,
160,2/16/2024 8:21,Rachel Rivera,,He/Him,huntrichard@jones.com,2025,Yes,Several attention teacher. Tough deal scene.,Message a evening painting.,No,No,Wednesday,"CS 103, Math 101, CS 102","JavaScript, React",Arm night girl fish audience.,Stop machine season agree.,http://miller-peterson.net/,10,11,1,4,3,2,5,7,12,8,6,9,Its throw wind finally goal upon. Real may mind house election.,Southern author stand develop.,Behavior perform sure.,Yes,Mahtan,
161,8/5/2024 5:09,Eric Buck,,He/Him,valerie71@yahoo.com,2024,No,Nor democratic sell north outside. Father keep million edge difficult home. View goal radio.,Accept walk yes ahead ball boy probably. Enter wall mind class American weight.,No,No,Tuesday,"CS 102, CS 103",React,Three machine argue clear wide coach.,Opportunity do something degree.,http://www.delgado.com/,1,7,10,11,3,6,5,12,9,4,2,8,Heart teach little car set get. Office give television garden.,Oil hand popular.,Professor cold short recognize.,No,Amlach,
162,4/5/2024 19:43,Isabella Fuller,,She/Her,kperkins@carlson-smith.biz,2024,No,Defense western story operation.,"Security fund policy discussion.
Always spring determine edge still.",No,No,Friday,"CS 103, CS 102","C++, React, JavaScript, Python",Success bag source produce after song take.,Hard compare early live customer.,https://burke.com/,8,6,9,11,7,2,12,5,3,4,1,10,Natural minute look good tax yes yourself. Air federal eat every strategy since write include.,Option program important will wide.,Fear head prevent fact store fly not.,No,Angrod,
163,7/20/2024 4:39,Dr. Duane Maxwell MD,,He/Him,stephenboone@hotmail.com,2024,No,Economy its and trade radio. Wait maintain shake process.,Current huge attention later any spend window. Stage scene still character them value.,No,Yes,Tuesday,"CS 102, CS 103, CS 101","JavaScript, Python, Node.js",Agreement officer technology.,Agency simply sort the along over.,http://www.montgomery.com/,2,8,12,10,11,4,9,5,6,1,3,7,Go commercial race of begin interest. Walk together wind middle gun really. Way their whose.,Game teach hour big drop.,Bit last own figure we shoulder apply.,No,Beorn's Bees,
164,8/17/2024 1:20,Tracy Short,,He/Him,zhodges@hotmail.com,2023,Yes,Always design pretty ago central while. Water hot rate security happy small share.,Growth herself brother control order hand. Glass method like it.,Yes,No,Monday,"Math 101, CS 102, CS 101",Node.js,Less point whose fill six among huge.,Own society have toward instead leg.,http://smith.com/,6,3,4,9,8,7,2,12,11,5,1,10,Charge her start cold Mr suddenly control office. Hand total color end.,Yes why care. Goal might goal level rich claim.,Would name several fact fast lot information nor.,No,Grimbold,
165,5/3/2024 21:58,Emily Wilson,,She/Her,hkim@thompson.com,2022,Yes,Close candidate great worker writer close. Career admit southern southern her issue.,Ahead painting live alone fund which born.,Yes,Yes,Friday,"CS 101, Physics 101, CS 102","React, JavaScript",Notice grow within stock age party indeed.,Customer free wear too around.,http://walker.info/,2,4,8,5,9,7,11,3,6,1,10,12,Impact grow machine public product wear not.,Successful election finally forget manage.,Politics despite seven author.,Yes,Grithnir,
166,2/22/2024 8:07,Chase Bennett,,She/Her,zking@gmail.com,2025,Yes,Country fish economy conference. Ability land court decade stage by opportunity.,Field in gas success. Young eight federal no citizen we. Trial operation area.,Yes,No,Thursday,"CS 101, Math 101",Python,Nothing impact somebody state red.,Hit when ok music throw market candidate.,http://www.moyer-mitchell.com/,12,10,1,3,6,7,5,9,2,11,8,4,Run teach wide hour. Reach star record shoulder measure. In skill person detail hundred require.,Financial many food out growth.,Third wrong who range write.,No,Androg,
167,7/24/2024 9:37,Katelyn Smith,,They/Them,aprilfuller@owens.com,2025,Yes,Market whose child price. We American each worry compare quite enter.,Unit leader read if husband board call. One leave group me here.,No,No,Wednesday,CS 102,"Java, Python",Together matter question character.,Serve technology project federal.,http://lopez.com/,12,10,2,4,8,1,7,5,11,9,3,6,Keep appear build class arrive. Attorney than appear get.,Spring his attention if too among hair.,Seek other idea per.,No,Brandir,
168,1/17/2024 19:45,Christopher Robertson,,She/Her,jonathancooper@zimmerman-davis.com,2024,Yes,Anyone well believe program hospital. Manage main speak light.,Write image outside theory special street billion list. Bar try recognize paper other most stuff.,No,Yes,Friday,CS 101,"Node.js, Java, C++",Western successful tax staff house face student.,Improve yet type range employee edge.,https://www.buckley-hurst.com/,6,9,2,12,5,8,1,11,7,3,4,10,Wide yard way garden according. International national example kitchen.,Off begin few fire marriage likely police world.,Bar west return plan involve ago.,No,Dorlas,
169,1/25/2024 13:37,Christopher Odonnell,,She/Her,christianbarrett@hotmail.com,2025,Yes,Population door important who. Apply chance one season home these. None water line receive lot.,Coach sound product allow son. Present rest response school.,No,No,Friday,"Math 101, Physics 101","JavaScript, React, C++, Python",Author note take simply money oil source.,Available defense floor public. Step clear board.,https://cooper.com/,1,2,6,12,5,8,7,11,9,10,3,4,Apply reach decide imagine voice production there. Party sure business friend happy voice expect.,Character prove perhaps.,Game top girl factor star per.,Yes,Glóin,
170,2/13/2024 22:42,Donna Lloyd,,She/Her,cadams@gmail.com,2025,No,Control special challenge sure compare. Amount name grow do black next key.,Floor number loss might catch.,Yes,Yes,Wednesday,"CS 103, Math 101, CS 102","Python, Node.js",Sort since American difficult she fear land.,Measure professional need authority everything.,http://www.sanchez.net/,4,12,1,2,11,8,6,10,5,9,7,3,Our food against with. Worker political technology point between standard.,Prove able mission save certainly surface.,Sense central front all.,No,Bór,
171,7/29/2024 6:16,Summer Rodriguez,,He/Him,wallaceann@elliott-thomas.com,2024,No,School body reason. When among newspaper among across how believe various.,Under like current prepare. Indeed material stock well sell.,No,Yes,Monday,CS 103,"Python, Node.js, JavaScript, Java",Officer interest down final people against music.,Defense direction determine floor production.,http://chandler.com/,10,4,11,12,9,2,1,5,3,8,6,7,Later able cut bank store street because him. Officer bag along financial exactly carry.,Those wear wife soldier hard start.,Evening fine available institution force worker.,No,Brodda,
172,7/10/2024 2:43,Kathleen Conner,,He/Him,martincharles@hotmail.com,2023,Yes,News rather I tell seem. Always management then ask. Toward in couple case.,"East owner do ok those door power.
Too subject consider similar wait later.",Yes,Yes,Thursday,"CS 103, Physics 101","Java, React, C++, Node.js",Second health include serve determine ten center.,Would listen why include read yourself.,https://gallagher-reeves.com/,5,6,8,9,7,12,11,3,1,10,2,4,"May ever room born real officer cold age. Move marriage site prevent not blue.
Address always born.",Voice plan various paper design hard dark.,Language voice face.,No,Bëor,
173,8/3/2024 9:01,Kevin Watson,,He/Him,brownjaime@hotmail.com,2025,No,Quite together oil different. Worry from challenge teacher still upon bad.,Hotel possible increase. Large whom now push. Ask reach well above return different.,Yes,No,Wednesday,"Physics 101, CS 103","Python, Node.js",Hotel firm detail.,Dinner property resource crime.,http://www.donaldson.info/,8,9,11,2,5,7,3,6,10,1,12,4,Offer trial heart necessary if. While check parent cup.,Party fly bill though send organization like.,Environment inside couple lawyer use social.,Yes,Baragund,
174,8/30/2024 4:41,Steven Phillips,,They/Them,sandersmatthew@yahoo.com,2024,No,Card positive page wait win let happy. Drop clear Republican.,Including theory fast. Heart light per even character bag. Me home learn nearly month character Mr.,Yes,No,Monday,"Math 101, CS 102","JavaScript, Python, C++, Node.js",Break charge company write.,Concern outside easy her another.,https://www.stark.info/,12,7,4,10,5,3,6,1,9,8,2,11,Pm try effect kid a stuff mission. Out field expert. Dark low shoulder somebody realize population.,Notice smile general successful role pay.,Many return mission modern down.,Yes,Barahir,
175,7/13/2024 23:40,Adam Gay IV,,They/Them,andre36@yahoo.com,2025,No,Respond try pick decide direction. Population us red thank.,Serve team fast. Black bring western show particularly.,Yes,Yes,Thursday,Physics 101,"Python, Node.js",Likely teacher beautiful accept.,Find store far floor choose.,https://www.wright-jones.com/,8,10,12,1,5,7,11,6,3,9,4,2,Situation write response. Imagine citizen course collection why.,Green war analysis.,Both Republican issue garden town person.,Yes,Aerin,
176,9/9/2024 8:18,Regina Benitez,,They/Them,amanda83@hotmail.com,2023,Yes,"Six report month any save type. Sister physical cup change.
Us civil teach apply nature.",Stop house inside reveal nature which south. Set such many suddenly read subject response.,No,No,Friday,CS 102,"React, Java, C++, JavaScript",Everyone purpose five better.,Participant avoid own direction agree partner.,https://www.williams.org/,11,9,3,2,6,4,1,10,5,8,7,12,Responsibility spring idea attention buy. Region paper letter right color.,General address institution.,Language big attorney fact turn time become.,No,Gelmir,
177,1/31/2024 11:28,Margaret Leon,,He/Him,aprillewis@miller.biz,2025,Yes,Their pay design attack build into federal. Tax address north outside everybody.,"Per firm bed card. Quickly guy meet as.
Suggest process science although state party.",Yes,No,Tuesday,CS 101,C++,Father notice morning why whose.,Simple white radio effort cut general.,http://allen.com/,11,12,1,5,7,6,8,10,4,9,3,2,Course five mention wall if. Economic him bed. North at more.,Garden most serious position explain.,Director safe particularly consumer.,No,Gethron,
178,9/8/2024 11:20,Mark Hernandez,,She/Her,william48@gmail.com,2024,No,Strong hospital center wish. Foreign style against sister either administration no late.,Describe decide at force peace certain unit. Garden team person seven stock arm.,No,Yes,Monday,Physics 101,"Node.js, JavaScript, React",Record white among. Ready center myself want.,Difference hard enough standard.,http://bryan-scott.net/,8,3,11,6,12,4,7,1,9,2,10,5,Up throughout them hit off by evening. Reveal plan nor hope least day. Inside seat point professor.,Few court according his wear.,Little white sometimes teach democratic.,Yes,Hathaldir,
179,7/29/2024 8:29,Brett Olsen,,They/Them,lauradavis@gmail.com,2022,No,Skill positive smile suffer. Left officer deal democratic. Bad grow structure unit buy.,Enter full wait some pay move. Measure popular let surface.,Yes,Yes,Monday,"CS 101, CS 102","JavaScript, Java, Python",Talk maintain defense choose enter whatever.,First interview picture property different.,http://schmidt.net/,11,9,12,10,3,6,1,4,5,2,7,8,Note piece never along. Possible everything day detail local.,Ahead offer bad language into science need.,Glass put leave improve become include.,Yes,Hildor,
180,4/22/2024 1:24,Kyle Brown,,He/Him,qhenry@brown-morris.com,2022,No,Cultural nearly head conference never. Different head sign.,Contain what avoid control sing trial particularly. Mouth western number key small admit board.,No,No,Thursday,"Math 101, CS 102, Physics 101","Java, Node.js, Python, JavaScript",None sing fine line quickly get six.,Tv firm reality recent himself deal stuff.,http://www.pittman.com/,10,5,11,8,3,7,2,1,6,9,12,4,Population language current dog artist.,Example factor standard young wife.,Could anything including suddenly poor head word.,Yes,Hunthor,
181,6/15/2024 21:23,Amber Gardner,,They/Them,holly44@gmail.com,2023,Yes,Visit leave may even than both skin.,Enter civil sometimes detail teach your. Material set them firm.,Yes,Yes,Thursday,"CS 102, CS 103","Node.js, React, C++",Put author quickly think sport beautiful author.,Away serve heart newspaper.,https://castillo-garza.org/,9,1,3,8,10,7,5,11,12,2,6,4,Down politics treatment dog must plan answer shoulder. Dog unit which appear power play old.,What establish time discover one.,Statement charge live girl plant.,No,Mîm,
182,4/13/2024 10:25,Kyle Horton,,She/Her,echase@mcmillan.com,2025,No,Argue maybe step interest. Beat fast road fund. Wish relate according this strategy family.,Land commercial fire similar. Through wish usually. Ready or church how during.,Yes,No,Thursday,"Physics 101, CS 101",C++,However something itself phone idea.,Level increase sit.,https://dyer.com/,8,3,10,11,12,5,2,6,4,7,9,1,Action identify base operation.,Site wish month management cultural.,Less thought after suggest Democrat.,Yes,Orgof,
183,5/23/2024 5:26,James Hood,,She/Her,paul16@brown-james.info,2022,Yes,Behind particular movie every film something.,System painting economic skin. Effect drive the ok couple turn.,Yes,No,Friday,CS 102,"Node.js, React, C++, JavaScript",Stuff edge hair some thus. After seem personal.,Leg arrive down.,https://www.pruitt-morales.org/,8,2,10,5,7,6,1,11,12,4,3,9,Population there when down establish. Store whether firm although note.,Fine full story discussion safe lawyer anyone.,Assume dog yourself able style light call.,No,Rían,
184,1/7/2024 2:00,Timothy Ford PhD,,He/Him,dallen@smith.com,2022,No,Kitchen paper college offer indicate court book air. Would condition agree peace gun laugh behind.,Plant unit require upon class also money. Indeed understand firm soon.,No,No,Thursday,CS 103,"Python, React, Node.js, JavaScript",Song fund let.,Thing international strong outside instead price.,http://www.harper.biz/,9,7,12,6,8,3,1,11,4,10,2,5,Night respond far break writer else particularly. Part always recent run these less daughter.,Special edge least assume color.,Note music book religious.,No,Saeros,
185,1/13/2024 4:20,Bradley Brown,,He/Him,deanbrandon@curry.org,2023,No,Prepare both set. Movie draw how foot.,Course sort sport idea up idea table. Upon explain century fill. Must ready seem western economic.,No,No,Friday,CS 102,React,Left begin seat responsibility perform suffer.,Time reality physical sure picture career other.,https://www.miller-wilkinson.biz/,9,12,8,2,5,11,1,7,3,6,4,10,Seat series be film really provide. Each class area whose education against drug.,Pick player pattern significant.,Consider city box provide walk.,Yes,Sador,
186,8/18/2024 13:40,Leslie Clark,,He/Him,ugarrison@hotmail.com,2022,Yes,One avoid federal strong behind federal. During over let product.,Better moment car hotel section. Usually type bed one.,Yes,No,Monday,"CS 101, CS 103, Physics 101","C++, JavaScript, React, Python",After coach free.,Likely network early school something.,http://maynard-thompson.info/,4,9,1,5,3,10,2,12,6,8,11,7,Remain garden item thought customer human court.,Realize dinner another staff.,Mrs stand citizen white coach expect step.,Yes,Tuor Eladar,
187,4/18/2024 22:08,Bethany Webb,,He/Him,collinmcneil@schaefer.info,2025,Yes,Pretty growth clearly water. Final accept although into past painting view recently.,Buy writer reach radio join everybody knowledge. Small carry toward price recognize simply couple.,No,No,Thursday,"Physics 101, CS 103","Node.js, Java",Letter would stuff baby decision six statement.,Manager agreement organization outside property.,http://www.lawrence.com/,11,4,12,5,9,7,10,1,3,2,8,6,"Avoid born the. Bring take value often.
Red the ahead by store close. Mother ever size course.",Plan particular floor Democrat.,Performance tend market read note else.,Yes,Uldor,
188,4/22/2024 21:43,Heather Reed,,They/Them,timothyclarke@gmail.com,2025,No,Argue situation ask reflect. Shoulder former stage institution success.,Than former eight prepare step exist. Fire sense win. Evidence wait more.,Yes,No,Thursday,"Physics 101, CS 103",Python,Than matter without service small never.,Maybe break sport go.,http://lee-taylor.com/,7,2,12,9,4,5,1,8,3,10,11,6,Section maybe old book different. Person wonder human walk power. Stay six these choice between.,Mouth in dark make media until.,View there enter eye benefit avoid.,Yes,Ulfast,
189,8/7/2024 11:10,Frank Lambert,,She/Her,john01@smith.com,2025,No,"During response different answer eat moment crime.
Ball event while far set. Either easy believe.",Third benefit perhaps reach pull teach assume. Draw inside certain majority edge. From east would.,Yes,No,Wednesday,Math 101,"Java, Node.js, Python, React",Eight life past black half center that.,Figure like nice instead show plan option.,http://www.mendoza.com/,1,7,5,2,6,12,10,4,9,11,8,3,Lose quality movie model information mouth. State lead entire degree special leave successful.,Information office foot his. Control to able.,Mother side wall sea guy list offer.,No,Ulfang,
190,2/14/2024 6:29,Mary Johnston,,She/Her,robertsmelody@hotmail.com,2023,No,Democratic control walk amount what claim hair final. Usually half ability economy law.,Sell recognize glass might. Rule poor again finish child billion.,Yes,No,Thursday,CS 102,"C++, React",Ready near cause appear minute.,Fire evening quite itself never like.,https://mitchell-chandler.net/,9,1,2,12,8,4,5,6,7,11,10,3,Serious become traditional bar cut near floor. Carry someone medical bag whole.,Minute sound final art yes catch defense.,Store need collection school stay memory.,Yes,Anárion,
191,8/30/2024 21:30,Ashley Murray,,They/Them,joel16@gmail.com,2024,No,Ball standard street. Position long attention week performance store. Consider phone activity put.,Himself deal personal economy boy everybody all. Call when myself none later who condition.,No,Yes,Friday,"Physics 101, CS 101","Node.js, Java, C++, JavaScript",Test participant wrong today cultural.,Less woman attack wide hope involve skill.,https://olson.biz/,3,4,8,10,12,6,9,5,2,1,11,7,Save tough change activity control. Agent out truth dark church low catch language.,Do onto address adult certainly.,Fill good by whole baby through month.,Yes,Ohtar,
192,1/18/2024 15:15,Mathew Sosa,,They/Them,williamskayla@kaufman.com,2022,Yes,Address law war go sure toward force. Her sense management allow prepare.,Would hand suddenly class prove simply. Level if test never Mrs because show.,No,No,Monday,"CS 103, Math 101","C++, Java, Node.js",Benefit since and science.,Start part near ready late indeed.,http://www.morgan-roberts.info/,6,8,12,4,10,1,7,11,9,5,2,3,Which future produce majority. Compare what fight ahead factor act price deal.,Least apply over thank amount hospital.,As want thank quite I. Until necessary law else.,No,Isumbras Took,
193,6/25/2024 20:48,Alexis Donaldson,,He/Him,jane48@martin.biz,2024,Yes,Cup hit letter risk rather me use leader. A force coach each I. War service increase charge order.,"Provide loss imagine factor dog. Weight set common interest.
Would charge pretty stop manage.",No,No,Monday,"CS 103, CS 101","JavaScript, Python, Java, React",Almost hot doctor want option all machine look.,Test my number step the always throw.,https://clark-diaz.com/,4,2,6,8,3,12,11,5,9,7,1,10,Product relationship night man fear. Gas current anyone or loss son energy.,Popular early yes machine agree set.,Make air style. Yourself yet scientist.,Yes,Bandobras Took,
194,5/7/2024 12:16,Roy Patterson,,She/Her,justin47@stewart.info,2022,No,Officer school despite population.,Exactly course trade every cell state. Baby might rate admit front degree person.,No,No,Friday,"CS 102, CS 101",Node.js,Modern choose whether we tree.,System avoid mission.,http://salazar.com/,3,2,10,4,1,8,11,5,12,7,6,9,Old near happy event. Those front religious thus discussion test.,As bed design light whole.,American arm sea.,Yes,Gerontius Took,
195,4/26/2024 14:45,Casey Jordan,,They/Them,pruittlinda@hotmail.com,2023,Yes,Inside board fine billion couple admit.,Morning expect population professor. Possible town effect member them nation.,No,No,Tuesday,"CS 103, Physics 101",Java,Decide prove property brother.,Wear minute give.,https://www.larsen.net/,5,2,1,4,7,6,12,9,8,3,11,10,Receive picture billion wife go focus expert. Ready social again art stay site network look.,Entire better risk through become point.,Well former reduce east material laugh.,No,Paladin Took II,
196,7/23/2024 9:00,Chelsea Bautista,,She/Her,leroy57@gmail.com,2025,No,Lay party old yeah bit. Buy born condition food hotel born age.,Fast fight anyone data particular follow machine. Color throw resource.,No,No,Tuesday,"Math 101, CS 103, Physics 101","React, Java, C++",Cold type public record degree performance best.,Bring range price rule everyone.,http://www.cervantes.com/,1,5,7,4,11,12,3,6,2,10,9,8,Guy paper dark different. Change determine or blood.,Job several wrong.,Development scientist base body thought at.,Yes,Pervinca Took,
197,6/7/2024 13:45,Destiny Sherman,,They/Them,zsimmons@gmail.com,2023,No,Fall learn forget. Real attorney someone foreign perform give. Lot car send lay soon voice.,Month dark full large. Congress sure history positive administration around.,No,No,Tuesday,"Math 101, CS 103","C++, React, Node.js",Maintain build animal team near other.,Both ball offer money practice left.,http://www.savage.info/,8,10,2,1,7,4,5,6,11,3,12,9,Trip decade only matter. Ready simply church kind put begin camera.,Real adult produce one wonder sea.,Want think draw opportunity four.,Yes,Peregrin Took,
198,2/22/2024 0:49,Taylor Stephenson,,They/Them,morenojacob@burns.com,2024,No,Cost American energy herself speak by should. Idea remain identify myself.,Safe one eat analysis become list trade. Fast focus green notice open. Car public open class.,No,Yes,Tuesday,"CS 102, Physics 101, CS 101","Python, JavaScript, C++",My name reduce down.,Speech stock he treat card or.,https://higgins-price.com/,1,5,11,8,10,12,9,2,4,3,7,6,Bill travel light hope act along growth. My sister traditional plan raise relate evening region.,Tree despite later agency.,Old sort future decide him.,Yes,Theodred,
199,8/1/2024 14:06,Carlos Cross,,They/Them,kcabrera@hotmail.com,2023,No,Although animal plant new. Become finally social daughter chair gas staff.,Poor theory accept drop. Take say down PM. Eight expect word left view itself.,Yes,Yes,Monday,CS 102,"Python, Node.js, Java, JavaScript",Green while hope gun.,Political notice safe family test majority.,https://baird.net/,2,3,1,10,8,9,7,4,11,6,12,5,Ago amount land indicate research. Deep design record lead.,Capital defense hard style character.,Seem instead everyone his sound anyone.,No,Guthlaf,
