Timestamp,Full Name,Board Notes,Pronouns,Email Address,Class Year,Do you identify as a member of an underrepresented group in STEM?,Why do you want to join JumboCode? What do you hope to gain by joining the club?,"What's your experience with volunteering, working with non-profits, community engagement, and/or social good activism?",Will you be in person on campus this semester?,Do you expect to be in person on campus next semester?,What's your availability for a one-hour weekly team meeting?,Which of the following classes have you taken?,List any technologies you're comfortable with:,What was your first introduction to computer science?,Tell us about a project you're proud of,"If you have any links to share with us (e.g. GitHub/Personal Website), please share them here:","Please rank your project preferences (1 being your first choice, and 12 being your last choice) [West Medford Community Center (PMs: Neya & Dan, TL: Winston)]","Please rank your project preferences (1 being your first choice, and 12 being your last choice) [Village Hub Food (PM: Idil, TL: Jiyoon)]","Please rank your project preferences (1 being your first choice, and 12 being your last choice) [The Wily Network (PM: Avery, TL: Alana)]","Please rank your project preferences (1 being your first choice, and 12 being your last choice) [Somerville Museum (PM: Holden, TL: Zack)]","Please rank your project preferences (1 being your first choice, and 12 being your last choice) [Dillar Academy (PM: Lillian, TL: Megan)]","Please rank your project preferences (1 being your first choice, and 12 being your last choice) [New England Innocence Project (PM: Sarah, TL: Siara)]","Please rank your project preferences (1 being your first choice, and 12 being your last choice) [LGBTQ Senior Housing (PM: Charles, TL: Haijun)]","Please rank your project preferences (1 being your first choice, and 12 being your last choice) [LCS Tutoring (PM: Dilanur, TL: Brandon)]","Please rank your project preferences (1 being your first choice, and 12 being your last choice) [English at Large (PM: Jennifer, TL: Clarence)]","Please rank your project preferences (1 being your first choice, and 12 being your last choice) [Bread & Roses (PM: Johnny, TL: Won)]","Please rank your project preferences (1 being your first choice, and 12 being your last choice) [A2Empowerment (PM: Rofeeah, TL: Will)]","Please rank your project preferences (1 being your first choice, and 12 being your last choice) [Tufts General Counsel (PM: Rebecca, TL: Sachin)]",Please elaborate on your preferences here:,Is there anyone (in JumboCode or another applicant) you would feel uncomfortable working with for any reason? Feel free to elaborate on the situation as much or as little as you wish.,Is there anything else you want to add/want us to know?,"Have you been a part of JumboCode before? If so, what project(s)?"
9/12/2024 21:13:40,Hank Sun,,he/him,hanru.sun@tufts.edu,2026,Prefer not to answer,"I hope to be able to give back and support the local community as well as gain more experience with web development, since I had found that interesting in the past","I have worked as a dorm prefect in high school, which includes helping support the on-campus community and ensuring dorm resident's safety after hours. I had also volunteered at a school for children living in poverty back in China.",Yes,Yes,I will be able to join the meeting weekly,"CS 11: Intro to Computer Science, CS 15: Data Structures, CS 40: Machine Structures and Programming, CS 160: Algorithms","C/C++, HTML/CSS, JavaScript/TypeScript, React, Git/GitHub, Node.js/Express",Summer coding bootcamp at Tufts before freshmen year,"I was working on a project for my internship. where I had to adjust font size scaling for a react-native phone app. The company's app is meant to allow the users to look at their materials including videos and articles, as well as regular app utilities such as a home page and a settings page. However, the formatting was not compatible with font size scaling settings on both apple and android phones, and my project was to ensure that the app may still function regularly. I had to limit font scaling as well as redesign several aspects of the front end of the app to allow accessibility settings to function while not rendering the app unusable. The biggest challenge was trying to work with a lot of moving pieces, as you do in the front end. And many times an adjustment I thought would be perfect might end up disrupting another section or function, so there is a lot of back and forth adjustments. Through this, I learned not only CSS tailwind, typescript and react, I also got a taste of the designing aspect of the front end, and how to work with different components while understanding code structure.",,3,7,8,1,12,11,6,5,10,2,9,4,"My top choices are due to the fact that I think the projects would not only challenge me, but also expand my current knowledge set. I like the idea of building a database for research, and at the same time I think it would be cool to learn how to connect not only a web app but also send emails, publish newsletters and how those components that I see are done under the hood, having only briefly touched upon those topics in my internship but finding it very much interesting. I also would like to contribute to the local community around Medford and Somerville, as having lived here for two years I have grown very fond of the area and what it offers, and I would like to give back to the community.",,,No
9/12/2024 21:15:43,Masfi Uddin,,He/Him,Masfi.Uddin@tufts.edu,2027,Prefer not to answer,"I am a Computer Engineering major with a minor in Mathematics, graduating in the class of 2027. I am eager to join JumboCode to build my professional network, enhance my web development skills, and gain experience with new programming languages. Last year, as a freshman, I focused primarily on academics, taking a range of CS, Mathematics, and EE courses. This year, I’m excited to become more involved in extracurricular activities, connect with new people, collaborate within a team, and develop leadership skills that will enable me to contribute to and lead future JumboCode projects, while preparing for my career in the professional field.","I am a member of the Bangladesh Red Crescent Society, where I help with fundraising efforts in the USA to establish more primary schools for underprivileged children in Bangladesh. Additionally, I participated in the July protests in Bangladesh, advocating for the resignation of the unelected government.",Yes,Yes,Weekdays after 5pm and any time on weekends.,"CS 11: Intro to Computer Science, CS 15: Data Structures","C/C++, JavaScript/TypeScript",My first introduction to computer science was during my junior year of high school when I took the AP Computer Science A. I thoroughly enjoyed the experience.,"When Juan, who is the regional manager of our Taco Bell, announced me as a shift leader in Summer, 2023, I was perplexed, meanwhile excited, to fulfill that responsibility. One day, he told me to prepare my team for the core checklist, which would be overseen by a few corporate supervisors. Since our store did not pass the last several tests, he told me to take responsibility to create a core-based environment in our restaurant.
	To prepare for the core test, I created a list of tasks which had to be completed each day. I emphasized working as a team, being diligent about cleanliness, maintaining the exact portion for each food item, keeping utensils free from oil, and approaching customers with a friendly demeanor. Besides, I tried to keep my peers away from the phones during working hours unless there were any urgent situations. Moreover, I wanted to make sure that everyone was following the exact schedule of clocking in and out and having a break after every 5 hours of working. I was lucky that my peers were supportive, and they helped me to bring a collaborative approach in our working place. Subsequently, my focus was to not only pass the test but also to set up our store as a customer-friendly healthy chain restaurant.
	After a month, three corporate supervisors came to our restaurant to check how we were following the rules provided by the corporation. Although I was nervous at the beginning, I was sure that we were on the right track. Eventually, we passed our test by getting 80 out of 105, which was the highest among the restaurants that were owned by Juan.",I do not have any personal website ,3,5,8,1,6,4,12,7,10,11,9,2,"My first preference is to work for the Somerville Museum. I have a deep appreciation for museums, having visited many in both Texas and Bangladesh. While the programming languages used in these projects may be similar, my passion for museums will make the experience especially rewarding. It will also provide me with the opportunity to learn more about the museum itself.

In addition, I am also interested in working with the Tufts General Counsel. Contributing to projects at our university would be a source of pride for me. I would be excited to work on projects for the West Medford community as well.",Not applicable,Not applicable,"Unfortunately, I have not been part of JumboCode before. "
9/12/2024 21:17:48,Brianna Taborda,,she/her,Brianna.Taborda@tufts.edu,2026,Yes,"I want to join JumboCode because it's the perfect union of tech and nonprofits/social impact. I have been involved in the nonprofit community since high school as social impact is a great passion of mine and I am always looking for ways to be more involved in the community.  Also, because I have such a personal interest in giving back to the community, I know that I will still have the motivation to continue my progress with the project because I'll have invested myself in the purpose of my work.With that being said, I also want to develop my technical skills regarding coding as I am a computer science minor and am looking to go into AI/Data Analytics. I feel like JumboCode not only aligns with just my interests, but can also set me up for success as I will be able to talk about my experience being on a team and I personally love the aspect of learning multiple languages/applications at once.","Up until this year, I have been working at a nonprofit based in NYC that tutors middle school students in math since October 2020 and worked my way up from Program Assistant to Program Manager. I plan to join the team agin once I come back from study abroad! I also was a student myself at this organization when I was in elementary school.
At Tufts I joined Strong Women Strong Girls for one semester where I traveled weekly to a local elementary school to empower young girls in their identity of being a woman. 
This past semester I was also a consultant for 180 Degrees Consulting which is dedicated to providing free consulting services for nonprofits based all around the world.
This past summer, I interned at the Bella Abzug Leadership Institute which is a nonprofit geared towards empowering young women through debate and socioemotional learning through two-week intensive programs in the summer. I also attended this program previously when I was in high school.",Yes,Studying remotely,Very available!! :),"CS 11: Intro to Computer Science, CS 15: Data Structures","C/C++, Git/GitHub, Python",I took AP Comp Sci in high school and thought I didn't like it but then I decided to try being a minor in CS and took CS 11 in the fall of my freshman year!,"A project I'm proud of is actually a midterm assignment I completed for my mathematical modeling class. It was my first time coding in Python and I was doing it through Colab and I was so happy that I basically taught myself how to code in that language with the internet and the help of my professor. Though it wasn't necessarily a website or anything, I was proud of what I had achieved with my project and also really happy that I had prior knowledge of coding in Java and C++",,12,10,3,11,2,7,8,6,4,5,1,9,"I feel that I have the most interest in working on a project that support nonprofits focused on  education for underprivileged groups such as women, people of color, and immigrants. I have a lot of experience in the women empowerment sector of nonprofits and am very invested in the overall betterment of women's livelihoods and I believe education is one of the greatest stepping stones there is. Personally, I am also the daughter of an immigrant so I also care deeply about improving their lives in any way possible. Of course, I would be ecstatic to work for any project as the end result will be a positive impact for the community, I just feel that I would have the most passion for nonprofits that benefit individuals directly. ",nope!,"no, thank you!",No :(
9/12/2024 22:19:11,Elliot Tessel,,he/him,elliot.tessel@tufts.edu,2028,No,"I hope to gain more hands on experience with computer science projects outside of the classroom, and expand my knowledge as I feel only confident in Python and I wish to add more skills to my belt while helping local communities as well.",I TAd for a few classes at my high school including Calculus and Computer Science and also did social activism and community engagement trips and events with my high school.,Yes,Yes,Tuesday nights,,Python,"I took a class my Junior year that was a python course with weekly projects, and then I took the course that followed my senior year that still dealt with python but also Flask and servers and was a single year long project.","My junior year for my midterm I built my own little two player replica of the game ""light bike"", and it was just kinda my first passion project that I really got into. I surpassed the requirements and started adding my own custom made images, music, powerups, and went above and beyond for what was expected for that specific project. It came with a lot of challenges as the entire project was meant to be built used python turtles, so it wasn't easy. I built it using turtles for pretty much every graphic image, and two main turtles that acted as the lightbikes, one controlled with the arrow keys and the other with wasd, and they would draw on the plane and the coordinates they drew on the map would be logged to make sure that they couldn't be crossed over again, similar to the game snake. if it was discovered that the coordinates were touched again it would check which turtle it was and display the winner. Checking if the coordinates were touched again was easily the most difficult part of the project and even in the end wasn't perfect, but in the end i got the entire game working pretty smoothly.",,1,10,4,2,9,12,7,3,8,5,11,6,Both somerville museum and west medford community center spoke out to the most. They feel the most interesting to me and I feel like I connected the most with the PM and TL when they were presenting.,,,
9/12/2024 22:22:38,Angela Yan,,she series,Yuchan.Yan@tufts.edu,2026,Yes,"I think JumboCode is a really good opportunity to bring coding outside of the classroom and see how it functions in society, in this case, even better, helping people. I want to get the experience of programming for the benefit of others and working with peers who are equally excited about using code to substitute tedious jobs. Also, everyone seems very nice and fun. With the year-long timeline and group work, I am looking forward to making something great in the end and do as much a college student can.","I did FRC during high school and I have been volunteering in their division matches after entering college. During Covid, I volunteered to take charge of the official account of the neighborhood committee to keep residents updated about the number of infected people, disinfectant condition, volunteer work and so on. I used the media skill that I learned from managing our FRC team official account to make our neighborhood account prettier.",Yes,Yes,Very available.,"CS 11: Intro to Computer Science, CS 15: Data Structures",C/C++,CS11.,"I was proud of finishing Gerp with my partner in the last project of CS15. It was the first time that I cooperated with someone in coding. The experience helped me realize how fun it was to work with someone else in coding. The project was so ambiguous and the tasks were numerous. The complicated data structures and implementations made things more confusing. But after discussing with my partner step by step, helping each other with concepts, discovering bugs one by one, and brainstorming edge cases, we felt so proud after conquering such a big project in the end.",,3,9,4,8,2,7,11,12,1,5,10,6,"My first preferences are related to English learning-related projects. Since I'm an international student, I can imagine it is difficult for non-native speakers to navigate a new culture without being as confident as speaking English. Although we are only doing a little for these organizations, I feel motivated to show them my support.",,I can help cooking?,"No, unfortunately."
9/12/2024 23:01:32,Vanessa Rose,,she/her,vanessa.rose@tufts.edu,2026,Yes,"For the past two years, I was able to participate in JumboCode as part of the Bennett Brothers Balm team and then the Bi Women Quarterly team, and I can say with confidence that this club has been one of my favorite parts of attending Tufts. Not only has it taught me how to work on the Front and Back-end of programming projects, but JumboCode has also introduced me to partner programming (and all of the scheduling that goes into working with others) and gave me a sneak peek into more professional projects that will hopefully prepare me for future employment. Most importantly to me, though, this club helped me to feel more connected to the local communities here, as the Bennett Brothers were based out of Saugus, MA; and Bi Women Quarterly, the Boston area. I am hoping that, by doing JumboCode for a third year, I will be able to enhance my learning of code, become even more prepared for professional work as it relates to CS, and help even more people.","As previously mentioned, I have been a part of JumboCode for two years now. For the Bennett Brothers, I helped to make a website that could track their suppliers and expenses for their business in which they sold lip balms and donated the proceeds to cancer research. For Bi Women Quarterly, I had a hand in creating a website that could manage publication submissions from both a user and admin standpoint.

I have also been a part of Tufts’ FOCUS for the past three years, as a member in my Freshman year, support staff in my sophomore year, and leader this year. During my Freshman year, I was part of one of the Racial Justice Advocacy groups, and helped organizations in the Boston area (such as Community Servings by packaging food, and MassVoterTable by canvassing). Last year, I worked with many different groups to volunteer and with the Freshmen directly, making sure their transition from high school to Tufts went smoothly. This year, I was able to head one of the three the groups for Placemaking, a theme focused around maintaining third places such as schools and green spaces without raising prices or displacing locals. We were able to work with SCALE (Somerville Center for Adult Learning Experiences) to paint classrooms, MAMAS (Mutual Aid Medford & Somerville) to discuss mutual aid, and Somerville Community Growing Center to help with upkeep.

Additionally, this will be my third year as a member in Tuft’s Girls in STEM, which is a club that works with girls attending Andrews Middle School. Once a week, we visit the school, do science experiments with the students, and teach them about important, but typically lesser-known, women in STEM.

In high school, I was a part of Key Club, which is a community service group, and National Honor Society. I was also a peer tutor for all four years, in which I tutored around 5 high school students each week in various subjects (but usually math and science).",Yes,Yes,"Most nights after 7, except for Fridays and Saturdays","CS 11: Intro to Computer Science, CS 15: Data Structures","C/C++, HTML/CSS, JavaScript/TypeScript, React, Git/GitHub, Python","My first introduction to CS was in elementary school, when I taught myself how to code with Khan Academy. After that, I took AP CS A in my senior year, where I learned Java.","Just last summer, I got into making spreadsheets for random data sets, and taught myself how to use Apps Scripts on Google Sheets, which is basically a way to implement JavaScript into your Google Sheet in order to do more complicated functions. 

My favorite spreadsheet that I have made is a sort of “mock SIS,” in which I created a database with around 500 courses that are currently offered by Tufts (including information about what attributes they have, number of credits, typical semesters run, etc.). Then, in various different tabs, I programmed a way to create a new schedule or upload an old one, see if that schedule fulfills my major and minor requirements, and store that schedule for later use.

To build the project, I started off quite simply, trying to do as much of the code as I could with the provided functions within Google Sheets. As I did, I made a list of functions I could not make, and then proceeded to program those ones using Apps Scripts. Finally, I made the sheets aesthetically pleasing and added conditional formatting.

The most challenging part of this project was definitely the code itself. I was still relatively new to JavaScript and Apps Scripts when I began it, so I had to teach myself as I went, much like the coding we do in JumboCode. Another challenging – and less expected – issue I ran into was the efficiency of my code. Because there are so many tabs in the spreadsheet and so many functions, I often found that my code was running too slowly so I needed to find ways to make it simpler and less expensive.",,3,1,2,11,10,5,9,8,12,7,4,6,"My top choice for projects this year is Village Hub Food, for many reasons. After being a part of FOCUS for the past three years, and having the opportunity to work with groups such as Community Servings and Mutual Aid Medford and Somerville (which connects mutual aid and food via community fridges and delivering groceries), I have become very passionate about issues surrounding food accessibility and inequity. While helping out the Somerville Growing Center during FOCUS this year as well, it was really brought to my attention how limited Somerville's access to clean, open green spaces are, so I really appreciate how this project is connected to maintaining the environment as well through sustainability. In addition to the cause itself, the plan for Village Food Hub's web-app reminds me a lot of the web-app for Bennett Brother's Balm, as they both deal with keeping track of data (Bennett Brothers with suppliers and expenses, and Village Food Hub with inventory and demographics). I found this type of web app to be fascinating and very comprehendible (and very similar to the set-up of a spreadsheet, which I am very passionate about), and would love to work on a similar one once more. 

My second choice for projects this year is The Wily Network. In high school, one of my biggest passions was tutoring, and now, I look forward to mentoring students from Andrews Middle School in Medford once a week as a part of Tufts' Girls in STEM. Working with other students has always been very important to me, and I feel as though being a part of this group would allow me to do so more than just once a week with GiS. In addition, as The Wily Network is centered around the Boston Area, I feel as though working on this project will be even more impactful. As for the structure of the web-app, it is extremely different from any project I have worked on before, as the past two JumboCode projects I have been a part of involved keeping inventory and dealing with publication submissions; I therefore feel as though it will act as a great learning experience for me!

My third choice for projects this year is the West Medford Community Center. For the past three years, as a member of FOCUS, I have become deeply connected with the Boston Area and have participated in community service surrounding themes such as food, racial justice advocacy, and placemaking. I feel as though working on this project would extend my efforts of FOCUS, and further connect me with the area; something I feel is so important as Tufts does so much damage as an institution to locals. In addition to the cause surrounding this project, I am very interested in helping to build a web-app for the West Medford Community Center because it reminds me of the work I did for Bi Women Quarterly last year, which I loved. As a member of that team, I helped to create a web-app that made it easier for users to upload their publication submissions, and for admins to manage those submissions.",,,"Yes! Bennett Brother's Balm in the 2022-23 school year, and Bi Women Quarterly in the 2023-24 year."
9/12/2024 23:03:15,Javier Gonzalez Paterna,,He/Him,javier.gonzalez_paterna@tufts.edu,2026,Yes,"I have been wanting to join JumboCode for the last two years for the same reason. I feel like it is the best place to start getting some more hands on work experience and learning to collaborate with a team in order to help minorities or any of the multiple good causes that all 12 projects contribute to. Today I attended the GIM and not only I was incredibly interested in joining some people's project due to the fact that the knowledge they can help me gather is amazing, but I also really liked the atmosphere, and how all of the different leaders in each team were willing to help, teach, guide and all while keeping a very friendly environment. By joining the the team I hope not only to improve my technical skills and overall knowledge of the field (which I really want to), but I also get to make new friends and learn to contribute with one another, which is something that both personally and professionally are of vital importance to me.","- Back in Valencia (Spain) I volunteered to work a weekend in a social dining hall, where we fed lunch to homeless people and other people in need
- As part of the tennis team here at tufts, one weekend we also organized a clinic to teach kids around the area how to play the sport and that ended up being very fun.
- Also as part of the team, we are working with TeamImpact, which is an organization that pairs a child with some disability with a sports team and we consider Nolan as one of our players now, we even had a signing ceremony which was hilarious.
- Finally, I help out my underclassmen with Cs as they happen to struggle with MetroSim and FilesOfPix. I know the latter probably doesn't count but it does to me...",Yes,Yes,"Should be fine, just will have to rearrange a couple of things but will do","CS 11: Intro to Computer Science, CS 15: Data Structures, CS 40: Machine Structures and Programming","C/C++, HTML/CSS, Git/GitHub, SQL, Python",It was indeed Cs11,"Has to be filesOfPix. That thing took me roughly 70 hours and half of my mental sanity. Im sure you are familiar with it but this project was the first class-project that had to be very carefully planned ahead, with a detailed design, architecture and testing method before getting too much in the coding and having to change later. This forced me and my partner to start thinking about more carefully about the decisions we were taking, especially as performance in this class was very importance (something I found challenging yet rewarding). I wont even mention debugging this piece of art cause I think it took us 6 hours to debug an incorrect casting of a closure struct, almost cried when we found it (shout out to the TAs)",work on progress for the blog-app and the portfolio but: https://github.com/javigon1,2,1,11,12,9,4,7,5,6,3,10,8,"First of all, the reason why the village food hub is the first one is that I love food. Not only I love to eat healthy but I also feel like the price of food if you wanna have a good diet are unpayable. For this reason I loved when they mentioned that in the GIM. I also like the idea of reducing food waste, cause in my house that didn't happen but then you come to Dewick and you see plates and plates of food being thrown away every meal, it starts to get concerning. Also I have to figure out how did Jiyoon get to go to more than 30 concerts. The cherry on top is that all of the technologies that they are using I have been wanting to learn for months now, but I was lacking guidance. Hopefully, not anymore. Other projects I have loved have been the WestMedford Community center (I've never gone rock climbing so hopefully Winston keeps his word and takes us), the Bread and Roses and the New England Innocence Project. I was personally trying to develop a blog app (just small details left) so I love the idea of finally being able to finish a web-app that works as a newsletter. Also I am pretty intrigued on what the AWS does. For the Bread and Roses first of all I found the data they showed impressive. Linking back to the food industry, I like their idea of voluntarily providing hygienic meals 3 times a day, so if I can try and help make life easier to people who are helping to feed people in need, I'll gladly will. Finally, I found this one the most interesting of all in terms of how much the focus shifted to almost law and to prevent wrongful convictions. I find this situation extremely important as back when I was younger I used to think on how is it possible that some people were in jail for like 20 years and then released cause they were found innocent... I feel like those situations are probably one of the worst things that can possibly happen, so we have to hand in the information easily to NEIP employees. I would love to work on any projects but I couldn't and wouldn't write that much so I stuck with my favourites.",No,No,No
9/13/2024 0:48:13,Zachary Klein,,he/him,zachary.klein@tufts.edu,2028,Prefer not to answer,I want to join JumboCode because it's a welcoming community with a collective goal of helping those around them. This is truly the best opportunity to put my own skills in use to give back. I find the work that JumboCode does as extremely meaningful and fulfilling. I hope to be able to gain mentors and a community who can help me with both academic and personal questions. I find that the best part of being on a team like this is the friends you make within. I also would like to gain the skills that I could use in the software industry that could help me get an internship.,"I have volunteered for multiple years at both the Holocaust Museum Los Angeles and the Los Angeles Public Library. At the Holocaust Museum, I volunteered to manage inventory and interact with visitors. This entailed me using proprietary software to sell merchandise and museum tickets. I also helped set up audio guides for visitors who spoke a wide variety of languages. I was able to learn how having software to organize museum inventory is extremely important at a large scale. At the Los Angeles Public Library, I volunteered to help run events for both local children and senior citizens. For the local children, I headed events in both STEM and arts which included things like learning scratch, building homemade fans, and making snowflakes from colored paper. With the senior citizens, I helped carry and organize used books for a sale to fundraise for the public library. ",Yes,Yes,I am available almost every day during the week after 1:30 PM(5:45 PM on Wednesday and 2:20 on Friday).,CS 11: Intro to Computer Science,"C/C++, HTML/CSS, JavaScript/TypeScript, React, Git/GitHub, Python","My first introduction to computer science was an 8th grade intro to web design class. For my final project, I made a trivia website about the TV Sitcom, The Office. After that, I fell in love with making websites.","One project I'm very proud of is the website, Movie Finder (https://moviefinderapp.pythonanywhere.com/). This project takes in a genre, actor/actress, and a preferred year and searches through a database with 50,000 movies to find a recommendation. This was the final project for a coding program I did at Tufts last summer, with one week to develop the site. I created this project with four other students, where we each had a role in creating a well built site. My role was front-end development and integration. I designed and programmed the front end using HTML, CSS, and Javascript. To integrate the front-end with the Python back-end, I used the flask Python library. Prior to this project, I had never worked on such a large scale site with multiple people so it was challenging to coordinate with my group mates but our project manager used the site Trello to keep us on task. Personally, I had a lot of issues with the integration but I reached out for help and was able to complete it.",zachkklein.com,9,6,5,1,10,3,8,11,7,4,12,2,"Having volunteered at the Holocaust Museum Los Angeles for over a year, I can tell the importance for a web application to keep track of inventory. At the museum, we had one of these systems and it truly made such a difference in efficiency for the museum. I know first hand how beneficial this will be for the workers and volunteers at the Somerville Museum. I also feel like my personality would match very well with Holden and Zack. My second choice is Tufts General Counsel because it's a good way to give back to the school and help others succeed. I think doing a project for Tufts at such a close proximity would yield strong and meaningful results. My third choice is the New England Innocence Project because I find it extremely moving that I could have the opportunity to contribute to a organization that helps free the wrongly convicted. This is truly such an important issue and I feel I could really contribute to this project.",,,No
9/13/2024 6:04:22,Osinachi Atama,,She series,osinachi.atama@tufts.edu,2027,Yes,I want to join Jumbo code to enhance my Computer Science skills and to work with peers on projects that can actually make a difference in the society,"I have been an LA for Physics 11 twice now- In Spring 2024 and now in Fall 2024. When I was in High school, I organized a social impact project for the girls in my school, inviting top female Engineers in my country to speak to the girls about opportunities for them in STEM.

FYI: I am an international student from Nigeria",Yes,Yes,6:30pm to 8pm on Tuesdays and any time on Saturdays,Currently taking CS11,"HTML/CSS, Git/GitHub, Python",My first intro to CS was using arduino to build a mini traffic light system in high school,"One project I am proud of is a chatbot I built using IBMs Watsonx Assistant while I was interning at a construction company over the summer. I built the demo chatbot to help interns by answering their FAQs, thereby helping them get plugged into their teams faster. ",https://github.com/OsinachiAtama,2,1,10,5,4,8,11,6,7,9,3,12,I would love to work on the Village Hub Food project because I am interested in how food gets distributed and have tried to work on a similar project before but was unsuccessful,No,"No, thank you",No
9/13/2024 11:00:40,Nick Dresens,,he/him,nickdresens@gmail.com,2025,Prefer not to answer,I want to be able to use my experience programming to give back to the community. I also enjoy making software solutions for real-world use cases.,I've taken part in community events like park cleanup days,Yes,Yes,"Monday after 2pm, tuesday after 7pm, thursday after 8pm, Sunday after 4pm","CS 11: Intro to Computer Science, CS 15: Data Structures, CS 20: Web Programming, CS 40: Machine Structures and Programming, CS 105: Programming Languages, CS 160: Algorithms, Game design","C/C++, HTML/CSS, JavaScript/TypeScript, Git/GitHub, Python",CS11,"I designed and developed an application that records and analyzes the way a lab mouse walks for a research company. This application controls a camera which videos the underside of the mouse as it walks. I then implemented a modified version of a Mask-RCNN AI model to detect features of that mouse, and then analyze the results and put them in a GUI for an end user to use and operate.",https://github.com/Nick4421,6,1,10,3,7,5,12,4,2,8,11,9,Working on databases to help organizations categorize and sort what inventory they have in stock seems interesting to me.,n/a,n/a,unfortunately no
9/13/2024 11:39:42,Judah Fortune,,he/him/his,judah.fortune@tufts.edu,2028,No,"I hope to gain valuable experience in Computer science as I'm pretty much completely new to the discipline. I've always had a love for creative expression, specifically the creation of new worlds and environments in video games, and even if it's as simple as a pong game, I'm excited to learn how to bring my ideas into reality with code. I think that building websites while learning and interacting with seniors and peers will be an environment where I can not only hone my skills, but meet people who have the same interests as me. In addition, I hope to gain valuable skills such as consulting, time management, design and more. Plus, it's always good to give back in whatever ways you can, the fact that JumboCode combines my interests with community service is just the icing on the cake!","Most recently I did focus as my pre-orientation, and was part of the housing 1 group in which we learned about the Boston housing crisis while doing service with numerous organizations such as the Somerville Homeless Coalition, Warm Up Boston, and more. During my time in high school, I was a three year volunteer flag-football coach, in which me and my co-coaches worked to foster a fun and collaborative environment running a practice during the week and attending games on the weekend. During my freshman year I worked with the organization Invisible Hands during the winter, delivering groceries to those with physical impairments. Additionally, I was the co-leader of the Living Land Acknowledgement Committee at my school, which wrote our school's Land Acknowledgement, put on a Native Art Exhibition, and worked to fight back against settler colonialist practices. Lastly, I took part in my school's peer support program for two years, in which upperclassmen met with a group of freshman once or twice a week to provide support, guidance, and a safe space. ",Yes,Yes,Pretty available. Most of my days end after 1:15. ,,HTML/CSS,A semester long web-engineering class during my senior year of high school. ,"For my final project in my Web Engineering, I built a boggle game in which a random letters would be generated on a 4x4 grid, and the user would have to create words by connecting the letters adjacent to each other. I built in using pretty rudimentary JAVA, HTML, and CSS, but I was proud of the way I overcame the problems that I was facing such as creating random array values, displaying created words, and adding up score based on those words. ",n/a,1,7,12,4,8,10,6,11,5,2,3,9,"Neya was my pre-O leader and the one who recommended me to try and join JumboCode. Her kindness and caring struck me, and she brings an energy that is so enjoyable to be around. Having already worked in service with Neya, I know how passionate and and dedicated she can be to a cause, and I would be super excited to be a part of her team for the Community Center! ",n/a,n/a,N/A
9/13/2024 14:34:52,Jason Singer,,He/him,Jason.Singer@tufts.edu,2026,No,More work exp,"CS20 Tufts CA, have done volunteer tutoring for underprivileged kids",Yes,Yes,probably available ,"CS 11: Intro to Computer Science, CS 15: Data Structures, CS 20: Web Programming, CS 40: Machine Structures and Programming","C/C++, HTML/CSS, JavaScript/TypeScript, React, Git/GitHub, SQL, Node.js/Express, Python, Have used MongoDB (noSQL) as well",last semester of senior year in HS,"interned at a startup last summer where I worked in Agile sprints. Many of the components I made for their client and web apps I’m proud of, especially ones that involved multiple interacting APIs.

I worked a ton (not all me, a senior engineer led it) on making a very in depth workflow builder that clients of the company could make for specific customer service needs, and also on the code for the web app that imbedded the workflows 


Got experience with React, Typescript, and Node during this internship, so I’m practiced with the tech stacks these web apps are using.",my GitHub is JasonSinger11,7,10,12,4,1,6,11,3,9,2,8,5,I’ve worked with Megan before on websites in CS20 and she’s goated,,"I would like to work with Anna Zou (also a junior, we’re basically applying together and I wouldn’t even apply if she didn’t ask). We worked a lot together in CS40 and can vouch for her",No
9/13/2024 14:38:13,Coby Keren,,he/him,jacob.keren@tufts.edu,2025,No,"I want to join JumboCode so that I can get hands on experience while contributing to a project that is promoting social good. I also want to engage with the Tufts CS community and make friends through a shared love of programming. I have friends in JumboCode who have had a great experience so I would love the opportunity to be a part of the organization. By joining the club, I hope to contribute to a community of like minded people with strong values. I hope to develop my technical and interpersonal skills, and bring my skillset, personality, and energy to the table. I'm super excited about the opportunity to join JumboCode!","I have been a math, english, and science tutor for underprivileged students for many years. In High School I was the leader of the schools Education Justice club for two years, a club that organized volunteering opportunities and outreach as well as learned about education inequality in the US. ",Yes,Yes,I am available for a one-hour weekly team meeting.,"CS 11: Intro to Computer Science, CS 15: Data Structures, CS 40: Machine Structures and Programming, CS 105: Programming Languages, CS 121: Software Engineering, CS 160: Algorithms","C/C++, HTML/CSS, JavaScript/TypeScript, React, Git/GitHub, SQL, Node.js/Express, Python",I took my first computer science class in my sophomore year of high school. ,"After struggling to find the time to cook healthy, balanced meals while managing the busy life of school, I had an idea for a personal project. In the weeks between my summer job and school starting, I developed an mobile app called ""CookNook"", a cross-platform mobile app for cataloging personal recipes that enables users to generate recipes from user-provided ingredients through a custom OpenAI API endpoint. The idea behind the app was to create a place where I could save all my recipes, as well as generate recipes based on whatever ingredients I had lying around in the fridge. 

I built the app by first implementing the basic front-end interface using React Native and Expo, then implementing the back-end using Firebase and Node.js, and finally connecting the two. I used Git/Github for version control throughout. I had very little experience with React Native, so this was challenging. However, with time, effort, and the occasional late-night tutorial sessions, I was able to slowly improve. Additionally, this was my first experience with designing my own tech stack. I spent a lot of time researching different technologies, choosing ones that best fit my project, and then figuring out how to implement them into the project. While this process was frustrating at times, it improved my ability to understand documentation and choose certain technologies for a specific task.

In the end, building CookNook was incredibly rewarding. I was able to create a functional app that solved a problem I personally experienced, and the project gave me a deeper understanding of mobile development, back-end integration, and using AI to enhance user experiences. While there were moments of uncertainty, those challenges pushed me to learn and grow as a developer. The skills I gained from researching, problem-solving, and iterating on the app’s design have equipped me with greater confidence to take on future technical challenges.",,3,1,7,4,9,6,10,5,2,8,11,12,"I’m really drawn to projects that make a real difference in local communities. Village Food Hub’s mission to improve access to food and reduce waste is something I care about, and building a system to track their pantry inventory and volunteers would have a huge impact on how they operate. For English At Large, creating a simple library system for their tutors would make accessing resources so much easier, which directly helps immigrants who are working hard to improve their English skills. The West Medford Community Center project is also appealing—helping automate the newsletter process would save the Executive Director a lot of time and let them focus more on other community initiatives. All these projects are meaningful because they focus on making things better for people locally, which is something I’m passionate about.",,I'm super excited about the opportunity to be a part of JumboCode!,No
9/13/2024 15:11:26,Weston Starbird,,he/him,westonthestarbird@gmail.com,2027,Yes,"I would love the opportunity to join JumboCode. Specifically, I want to meet like-minded people who are interested in computer science and expand my knowledge of full-stack development (utilizing react, next.js, SQL, etc., to create web applications). I’d love to use my cs skills tangibly and be able to develop projects that actually have an impact on my local community. By joining JumboCode, I hope to gain experience developing software that applies to real-world challenges and hopefully also meet cool people with similar interests. ","I have been a member of Jack and Jill of America, an organization founded by African American mothers during the Great Depression, with the intention of bringing together kids in a social setting. In high school, I was promoted to the treasurer of my local Jack and Jill chapter. I also have volunteering experience with the San Francisco Food Bank.",Yes,Yes,I am available at this time every Sunday.,"CS 11: Intro to Computer Science, CS 15: Data Structures","C/C++, JavaScript/TypeScript, Python",CS 11.,"Although I have some experience making projects outside of school, I am most proud of my work in the CS15 final, project Gerp (tasked to create index of files, and process word search queries on the index in O(1)). In all honesty, me and my partner procrastinated right up until the deadline for Gerp, and ended up pulling back to back all nighters to finish the project on time. After using all of the tokens we could, we submitted a project we weren't proud of. The project was slow and took up a significant amount of memory. Our project, although it technically compiled and diffed against the output of the demo program, took over 20 minutes to complete the largest input test. Autograder did NOT approve of our project. This had been my worst received CS submission to date, and my competitive spirit was not ready to come to terms with this outcome. This lead me to recreating the project during finals week out of sheer pettiness. I started from scratch again, and drew out and designed a much more simple and streamlined solution to the problem. This time, I thoroughly analyzed the time and space complexity of every aspect of my solution, in order to prove that it would be fast and efficient before actually writing a single line of code. After coding up my new solution, my program completed the largest input in under 10 seconds, beating the provided demo program by 5 seconds in time, while using a 3rd of the memory. This project taught me so much about data structures, algorithms, time and space complexity, and most importantly, to actually fully plan out a design before implementing it.",Resume (has link to github and linkedin): https://docs.google.com/document/d/1ZjOs03sDVU8-G3wBF31ZdtD7lO5eGmSYvCq0nTqBXhI/edit?usp=sharing,11,2,1,6,4,3,12,9,5,8,10,7,"My number 1 choice was The Wily Network because it seems the most interesting to me. It seems like it would be an interesting and educational project to create design wise, and I also love the goal of the project: to provide for people my age who are struggling financially in college. My other choices were made in a similar fashion, by combining my interest in the projects design with the potential impact of the project and how much it resonates with me personally.",n/a,n/a,N/A
9/13/2024 15:32:00,Placide Shema,,He,placide.shema@tufts.edu,2027,Yes,"JumboCode had been a great environment for the Tufts students to practice and learn how to code from one another. Mainly, web programming, and it also improve there UI/UX skills. Not only the fact that I want to use and keep practicing the web programing skills as a computer science major, I would love working on the project that help the community by working hand in hand with the certain group of people that we share the same interest. ","I love volunteering or helping the nearby community, not the fact that I would love volunteering for the tech related project also, it has been a great experience for me to contribute to the community. Last year, I worked as a mentor in Yale Young African Scholars under Yale University to help the high school students in the application process and give them guidance, and well as preparing them for the University. This summer, I have been working with Non-profit organization in Kenya Called Afribot Robotics, under their platform to introduce Rwandan teachers and electronic trainers to the online train system. I have been communicating and contacting districts leaders and private schools leaders to launch the electronic club programs in the Rwandan Schools. It is always a great experience for me to learn from the community as I help them. ",Yes,Yes,"I can do any time Sunday as well, or Saturday late night too! ","CS 11: Intro to Computer Science, CS 15: Data Structures","C/C++, HTML/CSS, Git/GitHub, Python",My first intro to coding was CS1 from the program of Carnegie Mellon University to my highschool. This class was graphical and taught in python language. ,"I have been working on different project but one of the project that aroused my excitement was my first project in high school under CS1 class of CMU CS Academy platform. This class was being taught and materials were covered in graphical python, but never could I have thought that, anyone can use that platform to create an animation. Most of the project were teach us, how group, using random variables, moving with mouse, ""mouseMove"", ""onMousePress"", ""KeyPress"" and much more. I looked at the individual keywords and how they and realized that I could just make the motion that depend on the one moving object on my screen or the sequence of the movement with the one respect to the other. Hence, I made a lot drawings with the keywords like ( circles, rectangles, ovals, polygons and much more). Hence, their connections animated the first launched rocket, and this worn the first position globally with the people that was taking that class on that unit during 2021. 

That became the best introduction and feeling for the cs projects I ever made created. ",I have start-up where I work together with the individuals to help the community: https://www.jackaltechltd.com/index.html ,9,6,10,1,5,4,12,11,3,7,8,2,"I ranked most of the project to how they mainly connect with me or reflect the experiences of what I have been through, or either the project that also captured my attention like the first project. Not only, connect the artistic person that I am, but also captured my attention and feel in love with the project itself. This is as the same to my second choice of the Tufts University Counsel under Rebecca. 

However, if you look on my third choice, English at Large Under Jennifer, not only loving the project, I am part of the project, and I connect to it. English is my second language, and I may say, I was introduced to it in high school. Hence, it feels like giving back to the community, and I feel like, I would be the primary research as I work on it with others. ","No, I am fine with anyone usually. It is always a way of learning from individuals. ",,"I never been as part of JumboCode before but I attended JumboHack which I can say was actually prepared by JumboCode after 5 years, I think. Me and my team did a project called Global Chart to connect the university students from different background in group of 10 to discuss, and embrace their culture differences. "
9/20/2024 11:46:13,Ella Hou,,she/her/hers,Ella.Hou@tufts.edu,2027,Yes,"Most of my current programming experience comes from the classroom, and while I find it fun and challenging, I have a desire to apply what I'm learning to the real world. This past summer, I started taking a self-paced web development course on Udemy, and I found that I really enjoyed the process of designing visually-appealing, efficient websites that have the potential to help people. I am also fairly new to computer science in general, so I would love to take this opportunity to improve my skills, receive valuable guidance from people with more experience in the field, and give back to the community!","I was a TA for my art studio, where I helped kids aged 5-12 learn a variety of art forms - digital drawing, watercolor, basket weaving, etc - as well as a TA for a 7th grade math class at my local Chinese school. I've also done volunteer work picking up trash around my neighborhood, hosting a crafts table at a community 4th of July event, and playing the violin for elderly people at senior homes.",Yes,Yes,"I am currently available Monday through Thursday after 8, Friday after 12, and all day on the weekends.",CS 11: Intro to Computer Science,"C/C++, HTML/CSS, Node.js/Express, Note that I do have some experience in all of these except for React and TypeScript, but I would not say I'm comfortable with them yet.","I took several summer Python classes in middle school, but nothing stuck until I took Intro to Object Oriented Programming senior year of high school. I then took CS11 last semester and am taking CS15 now.","Coming out of CS11 last semester, I was eager to keep coding and to make a project of my own. Early in the summer, my mom expressed to me her frustration at work - as a scientist, one of her responsibilities was manually sorting through over 700 source racks containing lab samples and re-distributing them into destination racks. There were several constraints that made the problem tedious and and time-consuming - for example, each source rack held a random amount of samples ranging from 0 to 96, and she was required to work in batches of 20 racks at a time. The 20 racks in a batch could be split into any combination of source and destination racks she wanted (ex. 19 source + 1 destination, or 17 source + 3 destination), which added a layer of complexity. Hearing this, I decided that I would create a C++ program that could take in rack data, efficiently distribute the racks, and output the results to a csv file, in order to help save my mom from future headaches.

I am proud of this project because I was able to apply my limited knowledge of C++ and object-oriented programming to create a fully functional program that stored data in an efficient way.  I won’t get into the nitty gritty details, but my program implemented a Source Rack class, a Batch class containing a vector to add Source Racks to, and an array holding the sample frequencies of the Source Racks (the number of source racks containing 1 sample, 2 samples, 3 samples, etc). The solution relied on mathematical analysis of the sample frequencies array to build the batches one by one. It would try out different source racks to add to the current batch, with the goal of filling the destination rack(s) as completely as possible while minimizing the total number of batches, switching strategies when the current one didn't seem to be working out.

Through this project, I gained a lot of practice planning, testing, and debugging. I also had to do my own research on concepts not taught in CS11, like handling C++ exceptions. Perhaps the most difficult part was translating my human decision process into code - for example, isolating what factors indicate that a strategy is not working so that the program could detect this and move onto a different strategy (without me directly telling it to). I found that the best way to deal with complex coding problems like this was to write a clear, detailed implementation plan. I consider my work to have paid off in the end, especially after seeing the genuine look of appreciation my mom had when I presented her with my solution. I helped make her life easier, and I hope to continue helping others through JumboCode!",https://github.com/Candleliving96,4,1,9,12,2,7,11,6,3,5,10,8,"I ranked the projects mostly based on the issues I am most interested in, with food security and education being near the top. I also ranked the West Medford Community Center project pretty high because I have experience writing, publishing, and laying out newspapers from high school. With that being said, I would love to be a part of any one of these projects!",Not that I can think of.,,I have not been part of JumboCode before.
9/13/2024 15:55:02,Jeffrey Li,,he/him,jli48@tufts.edu,2027,No,"I am excited to gain practical experience in programming, especially within a team environment, and contribute to the full development cycle of a project. I also hope to take this opportunity to expose myself to new programming languages.","I was a TA at my town's Chinese school for three years, during which I helped teach topics including Chinese, math, and writing. I also helped to organize and participated in several seminars/rallies for Asian American social justice within my community.",Yes,Yes,"Mon/Wed: before 3pm
Fri: 10:30am-8pm
Sat: all day
Sun: before 8pm","CS 11: Intro to Computer Science, CS 15: Data Structures","C/C++, HTML/CSS, Python",CS11,"I am most proud of gerp from CS15 last semester. My partner and I struggled for a long time with the program's indexing time, which initially took upwards of 2 minutes. We were not sure whether something was wrong with our hash function or implementation of the hash table. After some time we found that we were significantly slowing down our program by using sets instead of vectors to store data within each hash index. After we made the necessary adjustments, we cut down our run time to several seconds and managed to place in the top 10 on the class leaderboard.",,11,8,6,7,5,4,10,3,1,2,9,12,"English at Large:
As a second-generation immigrant, I understand how important overcoming the language barrier was for my parents to find their footing in the US. I am excited to contribute to a project promoting English.

Bread and Roses:
I am interested in the project's premise. Food security is also a very important issue to me, so I hope to contribute to this effort.

LCS Tutoring:
I used to volunteer as a TA at my local Chinese school and am very passionate about promoting education to children. I am also curious whether I can apply some of the ideas from this project to help my Chinese school back home.",no,,no
9/13/2024 16:06:27,Ha Nguyen ,,she/her,ngan_ha.nguyen@tufts.edu,2027,Yes,"I'm eager to gain hands-on coding experience by working on real-world project. I also want to develop the key skills needed to thrive in the industry. Above all, I'm driven to contribute meaningfully and make a positive impact on the community.",I used to volunteer to teach chess for children at an elementary school. ,Yes,Yes,"I'm available Mon and Wed after 8pm, Tuesday after 3pm, Thursday after 5pm and Friday after 12pm. I'm also available all day during weekends.",CS 11: Intro to Computer Science,"C/C++, HTML/CSS, Python",CS11,I haven't built any particular projects yet. ,,3,1,2,11,9,12,5,8,4,10,6,7,All the projects are really interesting and meaningful. I would love to be in any of these projects. My preference is just based on how I feel like I would vibe with the PMs. I think I would learn a lot if I have a chance to work in any of these amazing projects. ,,,No.
9/13/2024 16:38:12,Tika Capon,,He/Him/His,edward.capon@tufts.edu,2028,No,"While I already have lots of experience with NextJS/Full-stack web apps, I hope to give to the community as I feel a great sense of purpose & happiness from volunteering, knowing my efforts are for a good cause.","I have been volunteering for the past 3 years in various roles:
 - 2021/22: Volunteering to maintain/repair a historic railway system
 - 2022/23/24: Volunteering at a primary school to run an after-school club for general-interests (dinosaurs, under the sea), photography club, pottery club.

Furthermore, I have also worked on a website for my school radio (unpaid, but for the good of the community) – found at https://oscar-radio.org/ (OSCAR Radio)",Yes,Yes,"Saturday/Sunday (any time), Tuesday before 6pm, Monday/Wednesday 5-10pm",I have taken A-Level computer science (counted as a elective) & CS-50 at Harvard,"HTML/CSS, JavaScript/TypeScript, React, Swift, Git/GitHub, SQL, Node.js/Express, Python, Learning Golang","I have been taking compsci classes since I was 7, but I started coding (initially Discord bots and webapps) since I was 14","Besides the radio app that I mentioned before (my biggest project yet), I spent one of my summers working on an app for music producers to store/collaborate on their music projects in a secure & efficient/easy manner – basically GitHub for music. I used AWS S3 to store the files, NextJS/TS for the frontend & a separate Fastify backend running GraphQL for the backend. I used ShadCN-UI for components of the project.

The main challenge I faced was not building the application (although it was hard to figure out how best to 'section' each piece of the project – because there's users/projects/songs and then versions of those songs. To add to that, I wanted to use Git (the CLI) instead of building my own VCS, but I realised I didn't need that complexity, but would've been a cool idea) but instead marketing the app to the right crowd – it's very hard to advertise something with no budget & stay motivated with no users! I'm proud of the app as it solved an issue that I know a lot of musicians faced – like instead of emailing back&forth different versions of the same song with a producer, I could just use my app instead.","Github: https://github.com/tika, Website: https://capon.io/ (might be broken, so sorry lol)",1,10,8,11,7,4,12,2,9,6,3,5,"I would love to work on a project that allows me to see the change that we create as a team. In particular, WMCC is particularly appealing because not only do I think the people running it are cool (head of Music Prod Club is on the team ??) and would make great mentors, but I have experience building a suite of tools for media creation (e.g. newsletter) from the radio website and therefore this team is a great fit for me. I am really interested in learning how to work in a team re software as I see myself doing that in future – getting an experience like this would be great because I have only really worked on projects alone due to lack of computer scientists at my previous school.",,,
9/13/2024 17:48:18,Amanda Wu,,she/her,amanda.wu@tufts.edu,2025,Yes,"I want to join JumboCode to apply my skills in a meaningful way while gaining hands-on experience in backend development. With two years of frontend experience, I’m eager to deepen my technical toolkit and build proficiency in backend. By working on projects that uplift local organizations, I aim to create tangible impact and further sharpen my development abilities in a dynamic, real-world environment. cheese",I've volunteered for soup kitchens and led summer camps for inner city children.,Yes,Yes,"Monday 6-9, Tuesday 6-9, Wednesday 6-9, Thursday 6-9","CS 11: Intro to Computer Science, CS 15: Data Structures, CS 20: Web Programming, CS 40: Machine Structures and Programming, CS 105: Programming Languages, CS 115: Database Systems, CS 160: Algorithms, CS 170: Computation Theory","C/C++, HTML/CSS, JavaScript/TypeScript, React, Git/GitHub, Node.js/Express, Python",CS11,"This past summer I worked on a frontend project where I implemented a feedback module that allowed the product to collect useable and impactful user feedback. I did market research to understand what strategies prompted users to provide valuable feedback and developed the module in React. I found many challenges with working with a large corporation/codebase and had challenges integrating the feature with preexisting constraints, but it was very inspiring working with seasoned engineers in the bay area.",,12,1,11,8,2,3,7,10,6,9,5,4,I would like to be on Village Hub Food,,,"Yes, Aaron's Presents and Somerville Homeless Coalition"
9/13/2024 18:31:54,Kevin Aka,,he/him/his,kevin.aka@tufts.edu,2025,Yes,"I want to join JumboCode so I can gain experience on working with on a CS Project with a group of fellow programmers because this is how programming in at a job is like. Working with JumboCode will best prepare me for a professional job as a SWE since I will learn common technologies that the industry uses and will immediately put those lessons into real world use. In addition, I will learn valuable soft skills like teamwork and communication, which aren’t taught in classes.  ","I’m very passionate about being engaged with the Black community at Tufts. Currently, I’m working as an Africana Center Office Intern. As an Africana Center Office Intern, I work closely with the Africana Center manager, Jefferson, on planing and executing social events like the Welcome Back BBQ. In addition, I’m a co-production manager for “Almanac: The Musical” for Envision Black Theater. My job is ensure that we meet our weekly deadlines to ensure our show will debut on time. ",Yes,Yes,I’m free Sundays after 3. ,"CS 11: Intro to Computer Science, CS 15: Data Structures, CS 40: Machine Structures and Programming","C/C++, HTML/CSS, JavaScript/TypeScript, Python",My first introduction to computer science was taking AP Computer Science in high school,"A personal project that I’m proud of is project I worked on for a startup called Stringer. Stringer is a startup focused on exposing the biases in the news. One way they do this is by letting you know how biased news articles are. One way we determine the bias percentage of a news article is by finding out how many bias words the news article has. Bias words are a list of words we compiled based on linguistic research. I used ReactJs to implement this project. I looped through the all the words of an article and counted how many bias words appear. The main challenge was figuring how to use ReactJS in a short amount of time, since I never used it. ",,2,11,10,12,9,1,7,3,5,4,8,6,"I’d love to work with the New England Innocence Project because working on this project will allow me have an impact on the people in New England who suffer from our corrupt justice system. As stated before, I’m very passionate about engaging with the Black community, and an ongoing issue in my community includes wrongful convictions. I would love to work with people who are just as passionate as I am. Also, one of the bonding activities for this project was meeting the clients, and I’d love to meet them. ",No,No,No
9/13/2024 21:46:04,Richard Malloy,,he/him,richard.malloy@tufts.edu,2026,Yes,I hope to gain experience in coding in a group project setting and meet others in the same career path so I could maybe integrate myself more into the tufts cs community,I currently am working in a new program in the city of Everett mass where we are currently trying to end the digital divide and strive for digital equity for the people of Everett,Yes,Yes,week days anything after 6-7 and for weekends pretty much all day,"CS 11: Intro to Computer Science, CS 15: Data Structures, ","C/C++, HTML/CSS, Python, jquery, jsreact",I was coding using python in hihgschool!,using jsreact I made a webste using the youtube api to display AMV's at the click of a button and allowed for pausing and displaying at any moment,None of my websites are public domains :(,12,2,3,8,6,10,7,11,5,4,9,1,I like the Idea of collaborating with tufts and or village hub foods since I feel as though it deals with more data structure oriented programming ,none,if you are reading this I hope your day is awesome sauce >:3,I have not sadly :(
9/14/2024 0:07:16,Tasnim Hossain,,she/her,tasnim.hossain@tufts.edu,2027,Yes,"I’m really excited to join JumboCode because I deeply admire the club's commitment to community through its focused projects and team-building initiatives. As an aspiring software engineer, I believe JumboCode offers a valuable opportunity to gain hands-on experience with large-scale projects and develop both my technical and collaborative skills.

Being part of JumboCode will allow me to work on meaningful projects and grow my professional network, providing valuable exposure to the realities of software engineering. I’m eager to connect with clients, project leaders, and fellow developers, learning from their experiences and contributing to the success of the club’s diverse projects. The welcoming and inclusive environment at JumboCode, along with its strong values of community and growth, deeply resonate with me. I would be thrilled to contribute to the club’s ongoing success and further my development as a software engineer.","Community engagement has always been something I'm passionate about. In high school, I  volunteered at a local park where I helped build a sensory garden for children and participated in beach and trail clean-ups. I also worked with We Care Act NYC, a student-run chapter of the We Care Act non-profit, as their Director of Outreach. Our organizations goal was to increasing access to technology and computer literacy and my department specifically focused on building relationships with organizations for funding and used device donations. Through successful partnerships with local community centers, libraries, and larger organizations, we organized used device donation centers and ran refurbishing workshops. The refurbished devices were then redistributed to underprivileged students.

More recently, I volunteered with Y2Y at the Harvard Square Youth Shelter, where I assisted with serving visitors dinner and helped with the upkeep of the shelter. JumboCode will hopefully help me to become a more active in my current community.",Yes,Yes,I will be fully available for a one-hour weekly meeting and will also be available for the Sunday all-club meetings!,"CS 11: Intro to Computer Science, CS 15: Data Structures","C/C++, React, Python","My introduction to computer science began in my sophomore year of high school when I worked as a research intern at a clinical psychology lab. I had to learn python as my responsibilities were data cleaning, processing and analysis. As I learned python I really enjoyed the aspect of working with data and even more so the challenge of programming itself. It was a really fun experience for me to play around with code and see what I can do with it. This experience is what i credit for my love for cs!My first intro to CS was ","One project I'm particularly proud of is Zap! from CS15. For this project, I implemented Huffman coding to compress and decompress text files.

I built the program by constructing a Huffman tree. Huffman coding is a lossless compression algorithm that builds a binary tree where more frequent characters have shorter paths from the root, and less frequent characters have longer paths. I started by creating nodes for the two lowest-frequency characters and combined them into a parent node. I continued this process until there were only two parent nodes left, which I then joined to form the root. The tree is designed so that the path from the root to less frequent letters is longer, while more frequent letters have shorter paths, ensuring that we use the least number of bits to encode the text.

The most challenging part of this project was figuring out the right traversal method for serializing and deserializing the Huffman tree. This step was critical for accurately reconstructing the tree during decompression and ensuring that the encoded text could be correctly decoded. To solve this, I had to ensure that I understood the different binary tree traversal methods and pay close attention to how the Huffman tree was built. I'm a visual learner, and so pictures of trees and traversal paths were a great help, as well as office hours and lecture slides, which ultimately helped me figure out a variation of pre-order traversal algorithm to serialize and deserialize the Huffman tree to accomplish he compression and decompression.",No github but i'm happy to show you my CS projects/HWs so far,10,6,9,7,5,3,8,1,11,12,2,4,"I'm genuinely excited about all these projects and the impacts they're making in the various fields they focus on. To elborate on my project preference, I was a tutor for several years and LCS tutoring project resonates with be because I know firsthand the difference a well-organized tutoring system can make for both student and tutors. I would love an opportunity to contribute to LCS tutoring and support tutors in the process. I'm also very impressed by the global reach and impact of A2Empowerment. I care deeply about expanding education especially in areas where women typically don't have access to education and I love that A2Empowerment is taking that leap in supporting women and education. I think it's super inspiring the work A2Empowerment is doing with this project and I would love to contribute to this project and show my support for their mission.

The New England project and the tufts counsel project are also two project I'm really interested in joining because of they offer na unique opportunity to dive into the legal side a little bit. I've always been interested in law and this would be a great way to learn somethings about justice reform and compliance along with legal processes and how technology can really fit into this field. I think each and every one of the 12 projects are incredibly inspiring impactful and I would welcome an opportunity to contribute to any one of them!","N/A, I'd be happy to work with any of the groups!",,"I have not, this is my first year applying!"
9/14/2024 0:39:58,Jay Choudhary ,,He,jay.choudhary@tufts.edu,Masters Student (non-Tufts undergrad),Prefer not to answer,"Would gain experience working on real world projects  , working with a team and get experience on web development ",I worked as a volunteer for a non profit organization in the spring.,Yes,Yes,Available ,"CS 15: Data Structures, CS 20: Web Programming, CS 40: Machine Structures and Programming, CS 121: Software Engineering, CS 160: Algorithms","C/C++, HTML/CSS, SQL, Python, Java",Taking an online course on coursera,"Worked on building an e commerce web app as part of group project while taking web development. I led the team and we built a website which shows you products from multiple e commerce sites with the best prices and hence you can save time by getting the best price in a single search instead of going through multiple websites. Uses multiple API calls from Amazon, best buy, Walmart , target and more.
Also built a user login feature using SQL and PHP which enabled users to login , save their favorite products to buy later.",,1,3,2,7,5,11,9,8,6,10,12,4,I live in West Medford so I would like to work on the project based in this region ,No,No,No
9/14/2024 11:34:37,Teny Gatluak Makuach,,He/Him/His,teny.makuach@tufts.edu,2028,Yes,"I want to join JumboCode because I believe it offers an ideal learning environment where I can collaborate with like-minded individuals who are passionate about technology and social impact. Through the club's real-world projects, I hope to not only refine my programming and web development skills but also gain hands-on experience that will prepare me for future career challenges.

By working on meaningful projects that make a difference in the community, I want to deepen my understanding of how technology can drive change. Additionally, I see this as an opportunity to challenge myself by learning new tools and techniques while contributing to impactful initiatives.

Beyond technical growth, I’m eager to expand my professional network, make lasting friendships, and connect with mentors who can provide guidance on my career journey. I also see JumboCode as a platform that could potentially open doors to internship and job opportunities, as I will be interacting with a diverse group of talented individuals and organizations.","I have a diverse background in volunteering and working with non-profits, particularly in educational and community-based settings. I began by volunteering for two months as an incentive teacher at Greenlight Refugees Secondary School, which provided me with an early opportunity to contribute to my community. This experience led to my employment with Windle International Kenya, where I taught for two years after graduating high school.

Additionally, I worked with the National Churches Council of Kenya as a surveyor for two months, further engaging with community-based initiatives. In Kakuma Refugee Camp, I volunteered as a graphic designer for Elimisha Kakuma for eight months, supporting education through design and communication.

I also served as the vice chairperson for our community affairs in the refugee camp, which allowed me to actively engage in leadership and decision-making processes that directly impacted my community. These experiences have deepened my commitment to social good, and I’m eager to continue contributing to impactful causes through platforms like JumboCode.",Yes,Yes,I'm available between 8pm - 10pm on Sundays.,"CS 11: Intro to Computer Science, CS 20: Web Programming, CS 40: Machine Structures and Programming, CS 115: Database Systems, CS 121: Software Engineering","HTML/CSS, JavaScript/TypeScript, React, Git/GitHub, SQL, Python",My first introduction to computer science was after I graduated high school. I started it with Web development.,"I recently developed a machine learning model(PnemoScan) which is a medical software that uses chest x-rays to detect whether someone has pneumonia or not using Python. I then built its UI using React and CSS. I then deployed the app using Fast Api to the UI. Some of the challenges that I faced were time. It was very time consuming as I was learning as I build the project, I did not meet all the requirements of the projects like the database because I was not so focus on all the aspect of project as I am still learning.",https://github.com/makuachteny,1,12,2,11,10,4,9,3,6,7,8,5,I chose this project based on their complexity. I wanted to be a part of the most complex project.,N/A,N/A,No
9/14/2024 12:14:38,Amelia Bermack,,she/her,amelia.bermack@tufts.edu,2027,Yes,"       As someone interested in software development, I find the opportunity offered by  JumboCode to learn new technologies and applications in a team environment while also supporting local nonprofit organizations very appealing. Nonprofits have positively impacted me (I owe my interest in computer science to Girls Who Code, a nonprofit that promotes tech to young women) and I want to give back by helping develop applications that these organizations need to function efficiently. 
	While the theoretical aspects I’ve covered in my computer science classes at Tufts are essential to being successful in a technology-based career, there’s no better education than hands-on experience. Participating in JumboCode will allow me to delve into the project development process and utilize new platforms like Git, AWS, and Vercel, which I wouldn’t learn in a lecture. 
	Being a part of a team will allow me to be a part of a community of people similarly interested in giving back to the community while learning from more experienced team members. I’ve already benefited from the advice of upperclassmen, and I would love to learn more from team leaders, especially about which classes to take and how to best navigate the technology field. This past summer, during my internship, I worked on a team and enjoyed the mentorship and learning environment. I hope being part of JumboCode will offer a similarly rewarding experience. ","       I have been greatly affected by many nonprofits promoting women in STEM careers, especially Girls Who Code. I started in their summer immersion program, then became a participant in my high school’s chapter, and eventually I co-led this chapter and also co-founded a GWC club at the middle school level. At Tufts, I’ve participated in Work Prep programs and gained valuable career advice from mentors in fields that interest me. 
I’ve witnessed first-hand GWC’s impact on the next generation of female students, including me. I’ve had rewarding experiences on both sides, as a mentor and a mentee. It has been rewarding to encourage young students and learn from older professionals as part of a nationwide community of women and nonbinary individuals. 
	Girls Who Code does incredible things for young students, and I’ve loved my experience working with them. I’ve been able to continue participating in female-led groups at Tufts in the Women in Computer Science club, where I am currently on the logistics committee for the upcoming Women in Technology conference. My experiences with nonprofits over the years has given me a deep understanding and appreciation of their impact. Participating in JumboCode offers a great opportunity to continue to make a positive contribution to the broader Boston community. ",Yes,Yes,I am free almost every night after 6pm except Monday and Tuesday. ,"CS 11: Intro to Computer Science, CS 15: Data Structures","C/C++, HTML/CSS, Python",I joined Girls Who Code in high school!,"       This past summer I was developing a project with a friend that lets Tufts students connect by seeing who is in their classes, their clubs, and their dorms. We're both really excited about it, because it was something both of us could've used when we were trying to meet people freshman year. It's still currently in development, but it was a great learning experience because neither of us had built a project on that scale before. We started out using PHP, XAMPP, HTML, and CSS, but then realized that was a really bad idea, so halfway through we switched to Javascript, MongoDB, and HTML/CSS. We faced a lot of challenges along the way, most having to do with working on the backend. We fixed the bugs we found by doing a lot of googling and watching many YouTube videos. It's been a very rewarding experience, and we're going to try and finish it before the end of the year. ",,5,4,8,3,9,7,2,11,6,1,10,12,"I'm most interested in Bread & Roses and the LGBTQ Senior Housing. I find Bread & Roses interesting because at home I've worked with a couple nonprofits dedicated to fighting food insecurity, and I've seen firsthand how impactful these organizations can be. I'm interested in the LGBTQ Senior Housing because as a member of the community, it's inspiring to meet older members and be able to help them. ",,,"No, I have not. "
9/14/2024 14:24:35,Elliot Friesen,,He/Him,elliot.friesen7@gmail.com,2027,No,"I want to be a JumboCode developer so that I can apply my technical skills in an effort that actually does good in the world. Right now, it seems as if the trend of development is toward financial services or other areas that aren't exactly making our community and the world a better place. I'd also like to meet similarly minded people with both a love for CS and helping the community","Currently, I'm the secretary for Tufts Habitat For Humanity, where I spend a bit of my time helping those in our community through manual labor. It is extremely rewarding, but I'd like to help using the skillset I already have from my CS experience.",Yes,Yes,I am free after 6 pm every day except for Thursdays.,CS 11: Intro to Computer Science,"C/C++, HTML/CSS, JavaScript/TypeScript, React, Git/GitHub, SQL, Node.js/Express, Python","I've been coding since I was in around 7th grade, starting with robotics and game development, then transitioning into web",I'm proud of a website I created called edu-gold (https://edu-gold.com). It's a full-stack react application that connects high schoolers to college students for personalized college tours. The hardest part was going from nothing to a fully developed application by myself. I really am looking forward to working with other developers so that development pace can increase.,https://elliotfriesen.com,4,11,6,12,3,8,5,2,9,1,10,7,"I'm interested in Bread & Roses because food insecurity is an issue that I tried to help combat in high school by helping out at many soup kitchens. It's a prevalent problem and developing an application to aid volunteers would continue my ability to help. Also, I am interested in the LCS application because many younger students need people to look up to and I believe that us Tufts Students could provide that for them.",,,No
9/15/2024 16:47:13,Oliver Bello,,they/he,oliver.bello@tufts.edu,2025,Yes,"I love the people, the purpose, and the projects! JumboCode has been one of the best parts of my past two years at Tufts, especially because of the people I've met through the club. They are some of the nicest, most inclusive, smartest people and I hopeful that I can spend another year with the JumboCode community. I'm also always looking to improve my web development skills, and I'm even considering web development as a career. JumboCode gives me such a great, fun opportunity to gain web dev experience! ","I was a CS 15 TA for two semesters! It has been so fulfilling to help other students foster their own confidence and enjoyment of CS. I'm also passionate about activism and I think it is especially important in the tech industry because there are a lot of companies that make products that are very resource intensive and exploit consumers. At JumboCode, the deliverables are only products that will benefit our non-profit partners. They are products that I feel good about making and that makes me really proud to be involved with the club.",Yes,Yes,"Very free throughout the day on Mondays, Tuesdays, and Wednesdays, and most nights","CS 11: Intro to Computer Science, CS 15: Data Structures, CS 20: Web Programming","C/C++, HTML/CSS, JavaScript/TypeScript, React, Git/GitHub","I dabbled with HTML and also learned a bit of Java in middle school, but didn't code in high school, and then took CS11 in college","One of my tickets last year with Theatre@First was really rewarding. Our project was an inventory web app, and I was making a parent component to search the inventory and filter that search using different tags. The hardest part was honestly understanding the structure, and I drew a diagram so that I could visually see how the different child components were related. One child component was the search bar itself, another component was a singular dropdown-style filter (the parent component used multiple of these), and the third component displayed which filters were currently applied to the search. The final solution involved a lot of mouse event handler functions and array concatenation. It was really satisfying to finish the ticket and be able to see the inventory get filtered!",https://bell-oh.github.io/cs20/,10,8,1,7,2,4,6,3,5,11,9,12,"My top choice is The Wily Network! The project sounds very cool, fun to work on, and significantly different than any other kind of web app that I've worked on in the past-- even though the tech stack is familiar to me, I know I'm still going to learn a lot! I loved working with Alana as a CS15 TA and would love to work with her again in JumboCode :)
My second choice is Dillar Academy because the slides were so so good! And, like most people at Tufts, I've dreamed of a better class registration system. Also I love boba!",No,,Yes! The Legacy Project (2022-2023) and Theatre@First (2023-2024)
9/14/2024 14:34:28,Andrew Bacigalupi,,he/him,andrew.bacigalupi@tufts.edu,2028,No,"JumboCode, to me, embodies my favorite parts of programming projects. It’s an organization that does what I have done independently in high school on another level in terms of quality, impact, collaboration, and fun! I want to improve my knowledge of web-development and scripting languages, spend time with coders that are way smarter than I am, increase the number of languages I can read and write, enjoy good food while talking about algorithms, and do more work with databases – my current plan is a major in data science. I want to make a difference, and JumboCode is an incredible opportunity to do just that while benefiting from the experience myself and spending time with people who seem both extremely knowledgeable, welcoming and kind, and pretty hilarious (from what the presentations told me). ","I have volunteered with youth basketball programs, taught golf lessons for kids through a non-profit called First Tee (which aims to increase access to the sport of golf), delivered beds for kids and families in need for the organization My Very Own Bed (for which my mother is one of a few full-time employees), spent time in my old fifth-grade classroom before school, helping out in their math class. I was a tutor for my entire junior and senior year, and I fully plan to be a TA for CS11 next year. I volunteered my time as a manager/assistant coach for my high school basketball team after my season was ended by injury, running pre-season practices and open gyms, starting a website, and keeping the team Instagram I started up-to-date. ",Yes,Yes,"I could meet at that time on all days other than Tuesday, and every evening is free other than Wednesday, when I have class until 7. Mondays and Fridays, I am completely free until 1:30pm.",,"C/C++, HTML/CSS, JavaScript/TypeScript, Git/GitHub, SQL, Python","My dad is an MIT software engineer, so I’ve always been around the idea of computer science and definitely someone who was always excited about it to the dorkiest extent. I first came in contact with code in my junior year of high school, when I took IB CS SL, which was in Python, and then HL in my senior year, which was in Java and focused more on OOP, recursion, ADTs, and other techniques. I am currently in CS 11 only because I had very little experience with memory allocation. ","The project I’m most proud of was my CS Internal Assessment coding project in senior year. Quickly, the IA is simple: find a client, their problem, and use computer science techniques to build a solution. My client was my uncle, who was trying to improve his golf swing by visually comparing his golf swing video to that of some PGA professional, trying to eyeball discrepancies between the two. He wanted a more consistent, accurate, and precise way to compare the two swings to gain useful insight. I took this and wanted to build an app that could in some way “quantify” a golf swing and output numbers that could tell the user information.
This goes pretty in depth, but just wanted to demonstrate my thought processes about the challenges and the actual algorithms.
Using a concept we had been learning about in the IB CS Case Study and through Google’s MediaPipe API, I managed to get a green dot that would track each part of a subject’s body in a video, which is known as Human Pose Estimation. Once the body part key points could be tracked, the fact that each could be represented on a 2D coordinate plane helped me to begin building the statistics. Taking only videos from straight behind the golfer, some of the simpler stats would be something like initial knee bend angle, or initial back angle, which were simply found by discerning the angle between three points in space. One of the most complex statistics to calculate was one that I called top-arm angle, which was essentially the angle at which the golfer’s front arm would make with a horizontal line along the golfer’s shoulder at the moment the wrists were at the highest point of the golf swing. However, you cannot just track the y-values of the wrist and find the max over the entire video, because the follow through is almost always higher than the takeback. Similarly, you can’t solve that problem by taking the second-highest, because it’s very likely that the second highest is also in the follow through. The solution was not perfect, but it worked essentially every time with a video submitted at iPhone slo-mo speed. Using a Python class I built called peakFinder, the current coordinates of the wrist would be constantly stored at each frame of the video until they began to increase (meaning move back down the screen, or when the max point would have already happened). Once this happened, a count threshold variable would begin counting frames that the y-value continued to move down the screen, and once thirty frames had passed it would conclude that the highest point was that last stored maximum. If, at any point, the wrist started going back up, the threshold variable would reset. It wasn’t perfect, however, because often the golfer would move their hands ever so slightly up and down at the beginning of the swing and throw the threshold variable past 30. I added another condition to prevent this: the max wrist value had to be more than 200 pixels above the wrist value in the first frame, making sure it was actually at the top of the swing. I also found success in tracking a stat that would measure how much horizontal shift had taken place in the wrists from the beginning of the swing to when the wrists were at the waist. For example, Rory McIlroy’s number here was 10 pixels forward; Collin Morikawa’s was 10 backward. Mine was 112 forward, so safe to say I had found some useful discrepancy. 
Using OOP in Python, these statistics were all assembled and then compared, in a TKinter GUI for the user, with the same statistics for Rory McIlroy, and then a “Similarity Score” was created with Pearson’s Correlation Coefficient. The score was saved in a SQL database with the user’s name, score, and date, so that their progress could be observed. Overall, in addition to learning so much more about Human Pose Estimation, SQL queries and tables, OOP, and Python in general, I took away how valuable it is to plan out the concept of how an algorithm will work, like the top-arm angle, before ever coding. The fun, for me, was the conceptual problem solving and trying to make something that actually worked. At the end, I submitted my golf swing and the program gave me a 61/100. I chose another pro at random, Collin Morikawa, and submitted a video of his swing. The program scored him a 99.5/100. In some way or another, reasonable analysis was taking place. 
",,9,12,4,10,5,1,11,7,8,6,3,2,"I'm really interested in developing my comfort with Databases and Python in the name of data science, so the University Counsel and the Innocence Project would be great, and AWS is very interesting to me. I also think that these organizations are doing such important work, and I would love to be a part of their effort. ",,"Thank you guys so much for running this amazing organization - no matter what, your mission for community good and learning is top-notch!",
9/14/2024 14:50:24,Wendan Jiang,,She/Hers,wendan.jiang@tufts.edu,Masters Student (non-Tufts undergrad),Yes,"I want to join JumboCode because I’m excited about working on impactful projects that support non-profit organizations. I’m a people-person, and I look forward to collaborating with new friends while contributing to meaningful causes. By joining the club, I hope to expand my technical skills in development and build strong connections with like-minded individuals.","I was a mentor in Women in Tech, a Chinese online organization, where I provided one-on-one consultations to female students, helping them with career planning, mock interviews, and resume revisions. During my undergraduate studies, I also served as a teaching assistant, assisting my professor in designing projects, setting grading criteria, and implementing an autograder for a newly updated mobile app development course.",Yes,Yes,"I’m available for a one-hour weekly team meeting on Monday/Wednesday after 4:30 PM, Tuesday/Thursday after 6 PM, Friday anytime before 7:30 PM, and I’m free all day on Saturday and Sunday.","CS 11: Intro to Computer Science, CS 15: Data Structures, CS 20: Web Programming, CS 115: Database Systems, CS 121: Software Engineering, CS 160: Algorithms, Some of the courses I seletced are not taken at Tufts, but I have completed equivalent courses during my undergraduate studies at the University of Michigan, Ann Arbor.","C/C++, JavaScript/TypeScript, Git/GitHub, SQL, Node.js/Express",A very simple hello-world C++ program in high school.,"The project that I am proud of is decomposing a monolithic messaging backend into containerized microservices deployed on Amazon EKS. While working as a backend developer in the industry, the product's entire messaging backend was a monolith with lots of interdependent features. As the company grew, such monolithic architecture presented significant challenges in supporting increased read-and-write traffic and incorporating new features. Driven by the discovery that few interdependent features in the monolith were tied to messaging functionalities, I explored the possibility of breaking down the monolith into multiple self-contained services. This investigation ultimately introduced me to a concept known as microservices. After collaborating with all messaging teams for 16 months, our team successfully transformed our message backend into a distributed system where features are independently deployable microservices that communicate over a network. Our contributions have thus provided our messaging backend with greater flexibility and scalability.",,3,9,11,6,10,12,7,4,2,8,1,5,I prefer to work on the backend of the projects if it is possible.,,,no
9/14/2024 14:51:14,Selin Tuncay,,She/her,selin.tuncay@tufts.edu,2027,Yes,"I want to have more experience in coding and app developing! I want to learn how to be a teammate for when(if ;) ) I get a job in the future!! Getting to know new people and surrounding myself with people that have similar interests as me, that sounds perfect to me!! But also I just want to be able to get better at coding in general so that people can rely on me on certain things... And I think JumboCode's concept is great in making projects more enjoyable.","I do have a little experience with community engagement. I have and am teaching how to swim to little kids, I've been in a project where I spent time playing with children with autism before. I'm not sure if those count but still.",Yes,Yes,"I can do an hourly meeting with my team. I'm not going to lie, I have a horrible schedule this year, but I can definitely make time for meetings",CS 11: Intro to Computer Science,C/C++,"It was unfortunately CS11... Haha, it was rough. That is also one of the reasons I want to be a part of a project","I once made a tiny car with a pill box using batteries and cables that had wheels, but the main part was the fan on the back side that made it move.",,2,8,5,4,12,7,11,10,6,1,3,9,"1st- Bread&Roses: as a food lover, I really value that everyone's able to eat without feeling shame, or discomfort. I want to help contribute so everyone can have access to meals. Creating an app where And the group leaders seem very fun too! I'd love to trauma bond :D Oh also I'm a gamer so I will indeed challenge you guys.

2nd- West Medford Community Center: It sounds fun to create web-app where we can make newsletters and publications as well as providing the past newsletters, that's awesome. I would also like to be a part of this project. Also Chef Dan? Bonding with food, sign me up :))

3rd:A2Empowerment: This project sounds very interesting, and its very important for me to support women in getting their education. Helping our Cameroon partners by making an app that can make communication and feedback easier sounds very valuable and would love to be a part of it.
Overall, I think all of the projects have their own unique points that are interesting. So, whichever I'm in (if I get in)  I think I'll be happy and learn a lot.",,Thanks for the opportunity! ,No
9/14/2024 14:58:04,Edwin Lu,,He/him,edwin.lu@tufts.edu,2028,No,"My main academic interest is computer science, and I heard many good things about JumboCode from a Tufts upperclassman I met over the summer. I have experience working on programming projects, and really want to be part of group work in this club as it looks super fun. It’ll also teach me about web development, an aspect of cs I haven’t done much of and want to learn.","I volunteered as a TA for several summers at Lexplorations, a non profit that provides summer camp activities for elementary schoolers in the town of Lexington which is right next to Boston. ",Yes,Yes,"Very good availability, my classes each day end at 4:45 pm at the latest",CS 11: Intro to Computer Science,"C/C++, JavaScript/TypeScript, Git/GitHub, Python, Java","I started doing CS extracurriculars maybe 3rd grade, and since then it’s been my main academic interest. ","During AP Computer Science in high school, the final project was to work with a partner on whatever we wanted. At first, we were somewhat uninspired, planning to just copy chess, but our imagination took hold and we made our own custom rules, pieces, and boards. In the end, it was an original product, and we were both super proud of how much it evolved. This wasn’t facilitated by the teacher at all, so we were also proud of our own management skills. ",https://github.com/EnderScythe/AVGDGrapplingGame this is a video game my friends and I made for a different school project (I made contributions as JoeTheSoup),4,12,10,2,9,7,6,3,5,1,8,11,"The projects/non profits themselves don’t affect my ranking much at all, as they are all great projects and I’d be happy to be part of any of them. My first 2 choices are for the recreational activities, as I love switch games and visiting a museum sounds really cool. My 3rd choice is because I used to have a job teaching kids, so the project does sound extra appealing to me in this case. After these top 3, my ranking is pretty arbitrary, just based on how much of an impression each one made on me during the GIM. All of them seem great to be a part of.",No,,"No, I’m a freshman"
9/14/2024 15:19:39,Sina Khazaei,,He/Him,sinakhazaei328@gmail.com,Masters Student (non-Tufts undergrad),No,The main reason I really want to join JumboCode is due to the current phase of my career I am in. Since my undergraduate is in Biology/Statistics I have struggled to find a place where I can grow as a student and learn as I become an asset to any team and project. I want to build projects and be apart of an organization that will allow me to learn and grow as a student while I refine my skills to become a better programmer. JumboCode since it is student run allows me to learn and grow as a student to be a better programmer and be ready for a full time job. This is an area I can learn from other programmers who are students and learning as well. Since I am struggling to land internships due to my lack of experience this would be the perfect environment for me to grow as a student. ,"Social activism: Coordinated and planned Women, life, freedom rallies at my university for the women in my country who lack basic human rights within Iran. Planned school protests and joined larger public protests as this cause is important. 

Volunteering: Volunteered at homeless shelters within the San Jose, CA, area where we helped prep meals for dinner for those who are disadvantaged within my community. ",Studying remotely,Studying remotely,Available any time on the weekend. ,"CS 11: Intro to Computer Science, CS 15: Data Structures, CS 115: Database Systems, CS 116: Introduction to Security, CS 160: Algorithms, CS 131","C/C++, HTML/CSS, SQL, Python",My first introduction to computer science was a programming course at my Highschool which funny enough at the time I did not enjoy at all ,The project I really enjoyed was a neural network project I designed to predict mice cognitive behavior based on the specific activations of the mice's brains. This was a model that would learn based of prediction and improve the guessing each time. ,https://github.com/sina328/Capstone-project-Predicting-cognitive-behaviors.git,2,5,9,7,12,1,4,8,6,11,3,10,Not too picky I am open to any project in reality as they all do seem very interesting in their own respective ways. The legal service project by Rebecca and Sachin is rather very interesting in my opinion and that one did peak my interest the most. ,None,"None, Im eager and hope I do get selected for this role!",No
9/14/2024 15:38:02,Ke Chen,,She series,ke.chen668936@tufts.edu,2028,No,"I want to see what the programming skills I've accumilated so far can do, and how I can use my ideas to help those in need. I think JumboCode, not only being a great place to meet like-minded programmers and improve one's skills, is also a really important place to discover current world issues and what someone like me can do about them. Before attending the GIM, I never thought about how there exist technological limitations among the Uyghurs ethnic group, and that I can contribute to improve it. So I wish by joining the club, I am able to learn more about what I can do for many issues around the world, and eventually, being able to start projects that improve these issues.","I volunteered bi-weekly for an non-profti thrift shop called Opportunity Village during high school and summer. And in terms of community and engagement, I was a chair on the Inter-Club Council at my high school, with many responsibilities of communicating and setting up events for all clubs across my school. I have many experiences of getting to the exact needs of a club, and how I can communicate with school admins, and what I can do, to help them get what they need.",Yes,Yes,"My class schedule is pretty open, so I have availability for both weekends, and monday, tuesday.",,"C/C++, HTML/CSS, JavaScript/TypeScript, Python",My first introduction to computer science was the summer before my first AP computer science class in HS junior year. I had always been interested in programming so I decided to learn and get ahead to work on my own projects.,"One of the projects I'm most proud of was a personal game project I made. it was an RPG dungeon exploration game with both pre-written and generated dungeon levels for players to get through. I was, and still am very proud of this, as it one of the largest programs I've written, with several sections, methods, etc, that all come together to form an actually playable game. I wrote several classes that contained the different aspects of the game, like one for the graphics outputs (it was a console game and no actuall graphical UI), enemies and NPC, players, items, and environment. And I combined it in main with a bunch of while loops. I had only limited skills at the time and only knew one language (C#), and my computer did not have the best specs, meaning I could not work with unity well. So I had to make this game without those things, resulting in my choices of using a text-based console. I was able to overcome this challenge though, as I quickly figured out how to make intuitive and refreshable ASCII interfaces that did what I needed.",https://replit.com/@churr0-567 (not rly a complete portfolio as it was more for school collabs and syncing code),11,9,2,6,1,12,4,5,3,7,8,10,"I honestly look forward to joining all projects, and there are any one that I do not want to contribute to. But my top three, Dillar Academy, the Willy Network, and English at Large, are three that have goals that resonate with me the most, and are the projects that I believe I have the best fit of skills to help with.",n/a,n/a,"No, this is my first year."
9/14/2024 18:41:40,Jessie Katz,,she/her,jessie.katz@tufts.edu,2025,Yes,I hope to get more experience in developing web apps. I have previous experience as a designer in JumboCode and would like a more hands on role with coding. I hope to gain exposure to technologies many teams are using like Next.js and also working/configuring with databases. ,"I have been involved in volunteering ever since middle school! As I got to high school and college, I worked with non profits in New York to build their websites and branding. Some of these opportunities I was able to get through a program called America on Tech. At Tufts, I have previously been a designer in Jumbocode my sophomore year and hope to be a developer this year! I also participate in WiCS events throughout the year and held the mentorship coordinator position on e-board. Outside of CS, I love engaging with the Tufts and Medford community members through the WMFO radio, where I am currently working in the radio operations department and host shows every Monday. ",Yes,Yes,"Monday after 5, wednesday all day except 3, Thursday after 6, friday 10-2, saturdays and sundays","CS 11: Intro to Computer Science, CS 15: Data Structures, CS 20: Web Programming, CS 40: Machine Structures and Programming, CS 105: Programming Languages, CS 160: Algorithms","C/C++, HTML/CSS, JavaScript/TypeScript, React, Git/GitHub, SQL, Node.js/Express, Python",An introduction to cs course in Java in high school,"A project that I’m proud of was a project I did over the summer at my internship. It required gathering all of the relationship data across all of the applications within the firm I worked in. The relationships are basically how the apps are connected to each other and which way/how data flows between them. This was around 100 applications and thousands of app relationships. My original project used an API that my company uses, but because there was so much data, much of which was unnecessary to what I needed, it was extremely slow (gathering all the data would have taken hours). So I built a new process that only exports app data within the specified department and excludes any irrelevant information unrelated to the app relationships. This sped the process up to around 10 seconds to extract app information. This project was done with a Python script to extract the relationships. ",https://jessiekatz.github.io/,6,8,12,5,3,11,2,9,4,7,1,10,"I found A2Empowerment, LGBTQ Housing and Dillar Academy to be the most interesting. Other than that the teams were extremely enthusiastic and welcoming, helping international minorities in this manner is a rare opportunity that I’d like to be a part of. Additionally, with many friends in the LGBTQ community, LGBTQ senior housing is a group that gained my interest. ",,,Aaron’s Presents
9/15/2024 0:18:50,Hannah Rappaport,,she/her/hers,hannah.rappaport@tufts.edu,2026,Yes,"Having effective technology can make a world of difference in what an organization is able to accomplish, and I'm really excited about the opportunity to use my programming skills to make a meaningful contribution to my community! My CS courses have equipped me with strong programming skills, but I'm hoping to gain more holistic knowledge about product development and user experience design, as well as valuable experience collaborating with a team! ","I have been a TA for CS 61 for three semesters, where I lead office hours and workshops as well as work one-on-one with students. I have also been a leader with Tufts FOCUS for two years, leading small groups of incoming first-years through discussions of critical service and doing community service activities at local organizations. I've additionally served as the Chapter Director for Strong Women Strong Girls for two semesters, an organization of college female and nonbinary students who go to local elementary schools to serve as role models to empower the students. Finally, I've been an instructor for the past two years with Kode with Klossy, an organization providing free coding education to young girls.",Yes,Yes,Available M W and Th mornings/afternoons and any nights! Also super flexible on the weekends,"CS 11: Intro to Computer Science, CS 15: Data Structures","C/C++, JavaScript/TypeScript, Swift, Git/GitHub","My first introduction to CS was AP Computer Science Principles freshman year of high school! I initially took the class purely on a whim, but loved the logical problem solving and have been coding ever since!","In high school I worked at my local swim club's snack bar, which was terribly organized -- we had to manually keep track of every item we sold and then calculate how much money we should have left at the end of the shift. The totals were almost always off due to human error which was incredibly frustrating! At the time I was taking my first real computer science class and decided to code a super simple program to keep track of the quantities of each item that were sold and calculate a total. Although the programming itself was not complicated, I was really proud of myself for noticing a solvable issue and finding a creative solution. I faced problems not necessarily in the coding but in convincing my manager that it would be a more effective system! It ended up being implemented across all snack bar workers and made our jobs much easier. ",,5,6,7,10,1,4,11,2,3,12,8,9,Would be excited to work with any of these teams!!! No strong preference,,,n/a
9/15/2024 0:56:31,Benson Jiang,,he/him,jiangbenson805@gmail.com,2027,No,"I want to learn more about what web development work looks like in a professional environment, and I also want to gain experience working with a team on large projects. JumboCode teams also hold bolding events which I want to attend to learn more about other members. 

I hope to gain some experience on how contributing to a large scale software project looks like. I am also relatively new to web development and I hope to learn more technologies and possibly work both front and back end. I also want to gain a network of peers in JumboCode to connect with for the future.","I volunteered as a tutor at my local library in Chesapeake. I worked with K-9 students, helping them prepare for their Virginia state SOL tests. It was a mix of math and English lectures that I enjoyed teaching on weekends.

I also volunteer at the Harvard Homeless Shelter during weekends last semester. Likewise, I was apart of the Salvation Army, where I helped provide meals and shelter for those in need in the Virginia Beach area.

I also give back to the environment by participating in clean-up events with Keep Virginia Beautiful. During these events, we would clean the beaches along with the surrounding coastline.",Yes,Yes,"I am available on Monday all day and on Saturday, Sunday, and Wednesday evenings.","CS 11: Intro to Computer Science, CS 15: Data Structures, CS 20: Web Programming, CS 40: Machine Structures and Programming","C/C++, HTML/CSS, JavaScript/TypeScript, React, Git/GitHub, Python",My first introduction was CS 11.,A project I'm proud of is my flappy bird reinforcement learning agent project. The project involves training the bird to pass pipes using a method called Deep Q-Learning. This method uses deep neural networks to choose the best action given the data about the current environment. I built this using the OpenAI gymnasium API and Pytorch. I then trained the agent using an epsilon greedy approach which allowed it to explore different actions in numerous environments to learn which was the best. I then saved the model file into a pickle file to use for later trials. Some challenges I faced was trying to make the model converge to a good policy such that the bird could pass over 100 pipes before crashing. I also have trouble finding a good value of epsilon for exploring the environment.,"https://github.com/BensonJiang1     ,      https://bensonjiang1.github.io",11,8,10,9,12,6,1,7,5,4,2,3,"The projects that involve education resonate with me more because I grew up in a less fortunate family and I want to help provide other people the opportunity of a good education across the globe. 
The ranking I chose also is my ranking on the tech stack that each team is using and which ones I prefer more.
The community bonding activities that each one has also influenced my preference. 
I also chose this because I preferred working on portals and dynamic projects as opposed to mainly database query heavy projects.",I am fine with working with everyone.,I hope to learn more about the club and hopefully build something cool if I am selected!!,I have not been apart of JumboCode.
9/15/2024 1:24:56,Minyada (Minnie) Chotichaicharin,,she/her,minyada.chotichaicharin@tufts.edu,2027,Yes,"I want to join JumboCode because I'm passionate about helping local community-based organizations with effective software tools. Growing up in a suburban area of Thailand, I was part of a tight-knit community where I got to see firsthand the lives of the underprivileged. This experience made me realize how much tech solutions could benefit communities like mine. I like that JumboCode offers a structured environment where I can contribute to impactful software projects in an organized manner which does not seem overwhelming. Ultimately, I want to join JumboCode because the idea of using our knowledge of technology to make a tangible difference in people's lives is something that I want to be a part of.","I have many experiences with volunteering, working with non-profits, and engaging in social good activism. Last semester, I volunteered at the Broken Tail Rescue Cat Adoption Center, where I spent my Sunday mornings caring for cats. This hands-on experience deepened my commitment to animal welfare and community service.

In the aspect of community engagement, I am part of the logistics team for the Women in Tech Conference. I organized various aspects of the event, including scheduling, volunteer coordination, and space planning. My team ensured smooth communication and collaboration among multiple committees.

Additionally, as the co-founder of the Society of Women Engineers (NEXT) of my high school chapter, I led the planning and execution of a Women in Leadership seminar that attracted over 100 participants, including industry professionals and aspiring engineers. My team and I also developed educational tools, like 3D-printed microscopes, for hands-on STEM lessons, helping to spark early interest in science and engineering among Thai elementary school students. 

Lastly, a few years ago, I founded UPWEAR, a non-profit organization that focused on creating sustainable bucket hats for cancer patients. This initiative allowed me to combine social responsibility with entrepreneurship, resulting in the donation of over 200 hats to more than 10 cancer wards and hospitals across Thailand. 
",Yes,Yes,"M, W: after 7:30pm | Th: 12pm-5pm and after 7:30pm | Fri: after 12pm | Sat/sun: anytime",CS 11: Intro to Computer Science,"C/C++, SQL, Python",CS11,"One project I’m particularly proud of is my work during my internship at AI AND ROBOTICS VENTURE: CARIVA, where I developed a text classification system for medical notes. The project was exciting because it involved applying natural language processing (NLP) and information retrieval techniques that I learned from Stanford’s XCS224U course. I used tools like Jupyter Lab, Python, Pandas, Scikit-learn, and spaCy to preprocess and classify medical notes, accurately matching them to the appropriate headings.

Another project I am proud of is that I created a chatbot capable of answering medical questions with a 90% accuracy when compared with the given cases. This involved extensive testing of different models from Hugging Face and refining preprocessing techniques to achieve reliable performance. One of the major challenges I faced was selecting models that could provide a high accuracy rate. This involved extensive experimentation with various models and testing different preprocessing tools to determine the most effective approach. 

Overall, the experience was highly rewarding as it allowed me to combine my technical skills with real-world medical data, creating a system that could potentially streamline the workflow for healthcare professionals.
",,10,5,9,12,8,1,11,6,2,4,3,7,"I chose the New England Innocence Project as my first choice because, as an international student, I'm eager to learn more about the U.S. legal system. This project offers a unique opportunity to gain insight into how legal processes work while contributing to a cause that has a profound impact on people's lives. My second choice is English at Large because, having gone through the process of learning English and adapting to a new culture, I’m passionate about helping others facing similar challenges. Contributing to their journey of gaining confidence and integrating into their communities is something I deeply care about. This is my third choice because, as a woman in STEM, I'm passionate about empowering women through education. Having founded SWENext in high school and being active in Women in Tech, I know how crucial mentorship and support are. This project aligns with my values, helping A2Empowerment streamline their process to provide academic scholarships and mentorship effectively. Ultimately, I’m happy to work on any project, as each provides a chance to make a meaningful impact and contribute to positive change in the community.",,,No
9/15/2024 11:01:26,Chance Rebish,,He/Him,chance.rebish@tufts.edu,2027,No,"Joining JumboCode would allow me to fulfill two important ambitions of mine while in college: making a meaningful impact through my developer skills and gaining significant hands-on experience working with industry technology. Creating a web-app to improve the lives of non-profit workers and users would be a fulfilling experience to be a part of. Additionally, the opportunity to be around talented developers and leads and absorb knowledge from them makes joining JumboCode so appealing to me. These points make JumboCode an ideal opportunity for me, one I know I will be passionate about.","In the past, I have volunteered at places such as the Claremont Prison Library Project, senior centers, animal shelters, and botanical gardens; however, I have had a difficult time continuing these activities while attending college outside of my home state. This opportunity would help me continue bettering my community in a different form while I am away for school. I am excited for the opportunity to possibly work with a non-profit organization and improve the community surrounding Tufts.",Yes,Yes,I am available in mornings before 12pm and after 8pm everyday. I am very flexible for other times too.,"CS 11: Intro to Computer Science, CS 15: Data Structures","C/C++, HTML/CSS, JavaScript/TypeScript, Git/GitHub, Python, Small experience with AWS and Vercel",CS 11,"I created a personal project to help users practice their typing skills called ""Typing Practice."" The program gives the user a random sentence to type and starts a timer to show the user how fast they typed the sentence. After the user completes or fails to complete the word, they can retry the sentence to improve their time or try a different sentence. This project was challenging because I used technologies I had very little to no experience with before starting. The program was built using JavaScript and HTML/CSS, managed using Git/GitHub, and I experimented with deploying it on AWS and Vercel. I am proud of this project because of how much I learned throughout the process of creating it. Having limited experiences with the technologies made the development process very enjoyable and I look forward to learning other technologies through this method. I had to work around many obstacles while making this program, which made me a better developer and gave me valuable skills that can translate to other projects like JumboCode.",https://github.com/crebish,1,5,11,12,8,4,9,7,6,2,10,3,"I ordered my preferences based on how passionate I believe I would be to work on the project and how connected I feel towards the cause. All of the projects are great options and I would be excited to work on any of them, but the ones towards the top are ones I feel align with what's import to me the most.",,,No
9/15/2024 12:50:30,Adetoye Adebayo,,He/Him,adetoye.adebayyo@tufts.edu,2028,Prefer not to answer,I hope to gain more coding and programming experience as well CS based opportunities,I was the Head of youth services at a motherless babies fundraiser we had.,Yes,Yes,Thursday 8-9,,"HTML/CSS, Python",I self-taught myself a bit of coding in python but now I am enrolled in CS10,I helped develop a fantasy game in my high school utilizing players on the soccer team ,,1,2,6,3,5,11,12,8,4,7,9,10,I love the idea of creating a database/app to manage different issues and I noticed this trend explaining all my top picks,,,No
9/15/2024 13:10:24,Tomas Maranga,,he/him,tomas.maranga@tufts.edu,2028,No,"I want to join JumboCode because it combines two things I'm passionate about: making a positive social impact, and doing so through the means of coding. I'm captivated with the chance to use my technical skills to contribute to real-world projects that benefit communities, an opportunity I didn't realize was so accessible at Tufts until I researched JumboCode during my college application. By joining the club, I hope to gain hands-on software development experience, as well as learn how to best work in teams on a project, as most of my coding experience has been individual. I'm also excited to make like-minded friends who share the same drive to create change through code.","Throughout middle and high school, I actively volunteered for several non-profits focused on community engagement and inclusion. I worked with the Miracle League of MA, a baseball league for children with physical and cognitive challenges, where I assisted players on the field. Additionally, I volunteered with AB PIP STEM, a non-profit that organizes free STEM activities for K-12 students in my hometown. I've also contributed to local food preparation efforts for homeless individuals and families in Massachusetts. Finally, in my senior year, I served as a TA for the AP Computer Science A class at my high school.",Yes,Yes,"Assuming the meetings are at night, I have class from 6:00 - 7:15pm on Monday, 6:00 - 8:20pm on Wednesday, and 6:00 - 9:00pm on Thursday. Other than that, I'm available at any time. (Also free most afternoons if that's the case).",,"C/C++, Git/GitHub, Python",My first introduction to CS was through Khan Academy around 3rd grade. I started by making simple games like Space Invaders.,"One of the projects I’m most proud of is a website I built with a fellow AP Computer Science A TA during my senior year. Our goal was to simplify the coding experience for students, particularly when it came to running unit tests for their assignments. The existing platform, repl.it, had unit test integration, but it was difficult to navigate and often left students confused about how to verify their code. We saw this as an opportunity to make the process more intuitive.

We developed a website where students could paste their code, select which JUnit tests they wanted to run, and immediately see which tests passed or failed, with clear feedback. This project was particularly exciting because it allowed us to solve a real problem students were facing in real-time. We used JavaScript and HTML to create the user interface and connected it to a back-end that ran the JUnit tests (I mostly worked on the back-end). One of the biggest challenges we faced was implementing testing for all of the specific rules, such as indentation conventions, which had a lot of special cases.",,7,6,12,5,4,9,11,3,1,2,10,8,"English at Large: As a child of immigrant parents, I've seen firsthand how language barriers can create a sense of isolation and hinder opportunities for integration into a new community. This project resonates with me because it directly supports people who are actively working to improve their English skills and engage in their communities. The idea of creating a library system to organize resources for tutors excites me because it automates a process that shouldn't be manual. I'm passionate about automation and building efficient systems, and I believe this project offers the perfect opportunity to apply those skills while making a meaningful impact.

Bread & Roses: I've had the opportunity to volunteer preparing meals for homeless individuals and families, and I've seen how access to nutritious food can uplift a community. Bread & Roses' mission to provide meals in a welcoming environment draws me to the project too, I think it's really cool that the volunteers form relationships with Merrimack Valley's community members. Additionally, I'm enticed with the fact that the team is creating a scheduling web-app, as I keep a pretty meticulous schedule myself. (Also, Late night LeetCode sounds really fun I've been grinding LC recently)

LCS Tutoring: As a former tutor, I know that the tutoring experience is so rewarding for both the tutor and the student. Helping others grow in their academic understanding and confidence is something I'm passionate about, so I'd love to be a part of a project streamlining matching tutors and tutees. It's also awesome that we would be helping students at Tufts. I'd love to be able to help my friends here get help for their classes, especially so they stop complaining about their professors (jk).

Dillar Academy: I'd like to join this project for similar reasons as English at Large and LCS tutoring - helping students access education is something I deeply care about, especially when it comes to learning a language that would help unite people. Also, even as a freshman, I've already had my own issues with SIS, so I know that it can be frustrating to have a class registration platform that is inefficient/dysfunctional.

I'd love to join any project, but these particularly caught my interest!",,,"I haven't, being a freshman."
9/15/2024 13:43:27,Yuying Wang,,she/her,yuying.wang@tufts.edu,2027,Yes,"I would love to join the JumboCode community! One thing that really stood out to me after attending the GIM was that developers learn as they go, which excites me. As someone who entered college with minimal coding experience but enjoyed taking CS11 and CS15, I’m eager to dive into new challenges and expand my skills as a JumboCode developer. I’m especially excited about the opportunity to work on web development and app design, improving both front-end and back-end design systems. I also love the idea of helping local businesses set up more effective and efficient systems! By joining JumboCode, I hope to get better at working with various types of interfaces and design while gaining hands-on experience. Additionally, I see this as a fantastic chance to connect with fellow developers, project managers, technical leads, and designers, building relationships that will enhance both my social and professional growth. I can’t wait to be part of this amazing community, learn from others, and contribute to meaningful projects!","Throughout all four years of high school, I was involved in a non-profit organization that teaches youth AI and coding—AiGoLearning. In my roles as an instructor, Vice President, and Head of Training (volunteer), I taught children Scratch and Python, developed lesson plans, and led the #STEMForAll initiative, which provided free sessions to underrepresented communities. I also worked on recruiting and onboarding high school and college instructors, including interviewing them and reviewing parent feedback. This experience taught me a great deal about teaching and the behind-the-scenes work of a non-profit organization, which was newly established during the COVID-19 pandemic. Additionally, I served as a Leadership Intern (volunteer) at Camp Invention in my hometown for four years. There, I led groups of about twenty elementary school children, collaborating with instructors to guide campers in building STEM-related projects and encouraging them to think creatively using recycled materials.

In college, I am an avid volunteer. I volunteer weekly at Boston Children's Hospital for four hours, where I plan events with employees and interact with patients to give caretakers a break from the hospital's chaos. I am also a volunteer at the Y2Y (Youth to Youth) shelter in Harvard Square, where I serve dinners to young adults in collaboration with Harvard University dining halls. My duties include interacting with residents, serving food, cleaning, preparing bedding for new guests, and helping guests develop certain life skills. In my spare time, I am part of the Cultural Bridge Club, continuing from high school, where I tutor children from Mainland China in English. Lastly, I am involved with the SIS Lab (Social Identity and Stigma Lab), where we work on coding projects to highlight stigmatization and attend conferences to present various projects. This year, I hope to become a mentor for children in a few other clubs, such as Junior Jumbos and Strong Women Strong Girls, where I can inspire and support the youth.",Yes,Yes,"Below is my availability for a one-hour weekly team meeting:

Mondays: 6:00 PM - 10:00 PM
Tuesdays: 12:00 PM - 2:00 PM and 8:00 PM - 10:00 PM
Thursdays: 4:00 PM - 6:00 PM and 8:00 PM - 10:00 PM
Fridays: 6:00 PM - 10:00 PM
Saturdays: Anytime after 12:00 PM
Sundays: Anytime after 12:00 PM",CS 11: Intro to Computer Science,"C/C++, Git/GitHub, Python, I am a fast learner and am eager to learn!","In the summer before my freshman year of college, I taught myself Python. CS11 was my first formal introduction to C/C++.","Last year, I participated in BostonHacks with a friend and two people I met at Boston University. We developed a mobile app called RELASTIC to make eco-friendly choices more intuitive. Specifically, by using eco-friendly products, users could earn points, and this reward system allowed them to redeem points for other items. I was the designer for the team, focusing on creating a user-friendly interface and selecting color schemes. I also collaborated with the Boston University students on the back-end development. Personally, it was challenging because we were working under a time constraint and I was learning as I went, but we managed to finish on time.

Another project I enjoyed was SushiGo! in CS11. SushiGo! is a game my family and I often played when I was younger, so it was nostalgic to turn this card game into a Terminal and VSCode application. The coding portion was obviously challenging, especially when it didn’t pass the tests despite knowing how it was supposed to work, but the desire to see the end result motivated me to persist.",My projects are shared on GitHub.,5,8,2,10,4,9,12,7,6,3,1,11,"Honestly, I can see myself being a good fit for any of the groups mentioned – lovely vibes 🤭. Since this is my first year applying to be in JumboCode, I based my preferences on my past experiences with volunteering and working. With extensive experience in teaching and tutoring children, I ranked the teams focused on education highly. Additionally, having worked in a food shelter, I was particularly interested in teams addressing food security. After considering my interests and how much I relate to the various teams, I ranked them accordingly. That being said, I am very open-minded and would be excited to work on multiple teams within JumboCode that address different issues.",I am happy to work with anyone and look forward to meeting new people!,I would love this opportunity! Thank you for your time and consideration!,This is my first year applying to be a part of JumboCode!
9/15/2024 16:53:17,Brian Yang,,he/him,brian.yang@tufts.edu,2026,No,"I want to join JumboCode because I would love to have the chance to work with other like-minded Tufts students in building a product. I have always enjoyed participating in hackathons, but I want to explore a more real-world opportunity. I hope to learn more about being part of an actual team and using modern tech stacks.","In high school, I often worked with God's Love We Deliver, a nonprofit organization where you can prepare and deliver meals to people who, because of their illness, are unable to provide or prepare meals for themselves. Currently, I am a tutor in the StAAR Center.",Yes,Yes,Not Tuesday and Thursdays please,"CS 11: Intro to Computer Science, CS 15: Data Structures, CS 40: Machine Structures and Programming, CS 160: Algorithms, CS 117, 126, 168","C/C++, HTML/CSS, JavaScript/TypeScript, React, Swift, Git/GitHub, SQL, Python",I was introduced to coding in the beginning of high school in a Google Code Next program.,"I'm proud of a mobile app a hackathon team and I developed called Ouro. It was a app kind of like Sidechat, but you could send reports directly to staff and administration. This was not only to help the social scene of a school, but also more regular activities, like maybe the water fountain didn't work anymore. I enjoyed this project a lot since most of our time was actually not spent on coding but rather ideating and discussing what problem we were going to solve and how we were going to solve it.",https://brian120488.github.io,3,6,10,7,4,9,12,8,2,1,11,5,"I chose based on project details and overall vibe! Specifically for Bread and Roses, I feel like the project really closely aligned with what I have done in the past, and I would love to help continue that endeavor. I was honestly quite convinced by the ""Why Us?"" section. I am taking CS105, so would love some TA help. I also am always down for food, games, and coding sessions.",,,No
9/15/2024 20:20:18,Robert Stark,,he/him,Robert.Stark@Tufts.edu,2027,No,"I am eager to join JumboCode because it offers a unique opportunity to work on impactful, real-world projects while allowing me to sharpen both my technical and collaborative skills. Contributing to large-scale initiatives alongside other students mirrors the dynamic environments I hope to participate in during my career. Learning from experienced upperclassmen, attending pre-professional events, and being part of a tight-knit community of driven computer science students will not only expand my skill set but also help me build lasting connections that will extend beyond club events.",My favorite experience with volunteering was leading my high school’s Students Against Destructive Decisions (SADD) organization. Our club helped organize a mentorship program that paired upperclassmen with elementary and middle-school students to provide guidance and help reduce the issue of substance abuse in our community. We also hosted mental health workshops and developed a student-operated helpline to offer peer support and resources for those struggling with addiction and personal issues. I found it incredibly rewarding to see my friends become healthier and more connected from our efforts.,Yes,Yes,"Saturday, Sunday: Available all day
Tuesday, Friday: Available after 2 PM
Wednesday, Thursday: Available between 2 PM and 6 PM","CS 11: Intro to Computer Science, CS 15: Data Structures","C/C++, HTML/CSS, Git/GitHub, Python, Experience working with Django framework",CS11,"During the summer, I developed an NFL season forecaster inspired by Nate Silver of 538. The forecaster integrates betting odds, Elo ratings, and historical performance metrics, to generate dynamic and accurate predictions. To refine its forecasts, the tool accounts for a wide array of variables, such as point differentials, player injuries, team travel schedules, and rest days. 
One of the greatest technical challenges I faced was incorporating the NFL’s complex playoff structure, particularly the seeding tiebreaker rules. I had to implement trackers for head-to-head results, conference records, and strength of victory comparisons. 
The initial version of the forecaster was developed in Python, however, I am currently in the process of transitioning the project to C++ to highlight it as a data-structures project and improve the tool's efficiency. 

(I’m currently in the process of converting the scripts, so the tool on my GitHub is poorly documented and requires some manual data entry before running. The main scripts are available, but if you’d like to see it in action, feel free to PM me).",https://github.com/Rstark28,7,6,5,10,12,2,9,4,11,1,8,3,"When sorting the projects, I considered each organization's mission, the proposed solution's features, my interest in building the solution, the tech stack and my comfort level with it (or my desire to learn it), and the skills and interests of the project leads.

I landed on my top choice, Bread and Roses, because of the organizations direct involvement in community relations and the enthusiastic project leads.",No.,,
9/15/2024 20:54:51,Yoda Ermias,,He/Him,yodahie.ermias@gmail.com,2026,Yes,I want to join JumboCode because I want to put to use my web dev skills. I learned so much last year being in JumboCode and I don't want to lose the skills I learned through lack of practice. JumboCode is a great opportunity for me to hone what I have while also making an impact to my local community.,"I've worked for non-profits for a good portion of my life. I've been volunteering every summer since 8th grade at my local non-profit organizations like the food bank or just helping out local organizations like my local library. I've also been TAing for the past 5 semesters in CS11 and CS15, so I've been very engaged with the CS community here as well!",Yes,Yes,My schedule is pretty open,"CS 11: Intro to Computer Science, CS 15: Data Structures, CS 20: Web Programming, CS 40: Machine Structures and Programming, CS 105: Programming Languages","C/C++, HTML/CSS, JavaScript/TypeScript, React, Git/GitHub",Junior year of high school was my first introduction to CS,"My CS20 final project is something that I'm really proud of. It was my first time as a team lead making a bigger web app with industry tools like mongoDB. Unfortunately, we weren't allowed to use React and had to default to using javascript with the ejs module, but nevertheless, the end product came out amazing! A big challenge I faced though was delegating appropriate tasks to people on the team. Everyone on the group had varying levels of experience in web programming and CS in general, so balancing out tasks based on peoples experience was a bit tricky.",https://github.com/ermiayn3962,1,3,8,12,6,7,11,5,4,9,2,10,"I've always wanted to learn more about cloud programming and seeing as two of the teams this year are working with aws, it seems like a great opportunity to learn. On top of this, my top 3 choices are about topics that mean something to me personally, especially the A2Empowerment team.",,,
9/16/2024 1:10:51,Naomi Gillis,,She/her,naomi.gillis@tufts.edu,2027,Yes,"I did JumboCode last year and really loved it! I hope to continue to improve my knowledge of frontend and backend coding, foster connections within the CS world at tufts, and be able to see exactly how computer science can be both useful and influential in the real world. Often coding feels impersonal, so I love being able to have a purpose and code knowing it will be helping people improve their lives.","I’ve volunteered at a food shelter and a women’s shelter in Colorado for the last five or so years. I also helped build a playground for underprivileged children in Colombia. A few summers ago, I interned at Colorado School of Mines with an organization that specifically helped young girls find a love of stem. I am also a Discrete TA.",Yes,Yes,I have Discrete office hours until 8 but I’ll be able to be there at ~8:15,"CS 11: Intro to Computer Science, CS 15: Data Structures","C/C++, HTML/CSS, React, Git/GitHub, Python"," In high school, it was a requirement to take an engineering course of some kind, so I took Intro to CS in Python and I loved it. I ended up then taking APCSA and then Data Structures.","I would say the project I am most proud of would have to be the website I helped design last year with Casa Myrna. We created a website to help volunteers and staff track their schedules more efficiently and we also included a group chat, an announcement page, and a profile page. It took a ton of effort and research to complete our website, I’d never coded in react before, I’d never thought about how much went into actually making a website. We did face a ton of challenges too, including access issues over who was a volunteer vs a manager, importing jpgs to use as specific buttons, and figuring out mobile vs computer layouts. Ultimately though, the website ended up looking polished and professional and it was very cool to be able to directly influence a nonprofit and help them with their problem. ",,11,1,10,12,9,2,6,8,7,4,3,5,"My two main passions with volunteer work are identity related(gender/sexuality/race) or food insecurity, so I’d love to be placed in one of those groups if possible!",,,Yes! I was a developer for Casa Myrna last year! 
9/16/2024 10:12:19,Johann Zhang,,He/Him,johann.zhang@tufts.edu,2026,No,"I want to continue to learn about working with different backend apis, as well as continue to work to make software that helps a real userbase.",I did Jumbocode in my freshman year where we made a website for a cancer nonprofit that was selling lip balm to fund cancer research.,Yes,Yes,Everyday after 3:00 pm except for thursday,"CS 11: Intro to Computer Science, CS 15: Data Structures, CS 40: Machine Structures and Programming, CS 121: Software Engineering, CS 160: Algorithms","C/C++, HTML/CSS, JavaScript/TypeScript, React, Git/GitHub, Python",It was AP computer science in high school,"Over this summer I built a web app for a student led startup allowing users to anonymously rate their landlords. I built it with this tech stack: Front End: React, Tailwind CSS, TypeScript, Backend/database: Prisma, MongoDB, Full stack framework: NextJS. One challenge for me was that before starting the project, I had very little experience working with backend frameworks, and I had to brush up on my front end understanding as well. I also learned along the way that the way I was passing backend components to the frontend was not safe because I was passing the whole database object, which potentially had sensitive information. Thus, I had to adjust all of my api calls to only send the certain bits of information that the frontend needed.",,1,3,8,9,6,11,12,7,10,2,5,4,"For the first three projects, they seem like something I would really want to work on. While working on the startup this summer, we had made plans to try to make a blog/newsletter page, so I think working on the West Medford Community Center would be a really good experience on learning how to do that. The other two were projects that I thought the motives was especially powerful and as a person who likes food, I would like to contribute to their causes.",,,
9/16/2024 11:30:47,Owen Prendergast,,He / Him,owen.prendergast@tufts.edu,2025,No,"I am very interested in joining JumboCode for the opportunity it presents to grow my collaborative programming skills and learn more about web development. I also am eager to use these skills to contribute to amazing organizations around the area by creating effective platforms tailored to their needs and goals. It is great to build software like this, and even better to know that it is guaranteed to be used in a positive way.","I was the marketing coordinator for Tufts Thirst Project for several years, raising money for Water for South Sudan, and I have been TA'ing CS105 this year. I worked on a web development project for a California organization focused on water management transparency and equity over the summer, as well as an app called FreeBites which seeks to foster community engagement and provide access to free food in the Tufts area. I have also volunteered at AEGIS Living, a senior assisted living facility, and been involved as a youth board member at a local community arts organization in Seattle.",Yes,Yes,"I am available most evenings after 7 or so, as well as most times Sunday in general. There are a number of other smaller blocks I have available throughout the week as well.","CS 11: Intro to Computer Science, CS 15: Data Structures, CS 40: Machine Structures and Programming, CS 105: Programming Languages, CS 160: Algorithms, CS 170: Computation Theory, Big Data and Game Design","C/C++, HTML/CSS, JavaScript/TypeScript, React, Git/GitHub, SQL, Node.js/Express, Python",My first introduction to computer science was doing code camps with my dad in middle school.,"Over this summer I worked on a web development project for a California organization affiliated with UC Berkeley called COEQWAL (Collaboratory for Equity in Water Allocation). I was both excited and nervous for this, since it was my first time doing a major web development project, and I was tasked with building an accessible data visualization web tool up from scratch. This was a major challenge for me since I had no prior experience setting up a Node.js environment, a server with Express, or a postgreSQL database, all of which were things I needed to learn. While the project is still in progress, (I am currently redesigning the frontend to use React) I was able to create an effective prototype that handles the data management, and I am very proud of my work so far.","GitHub: https://github.com/owennjpr, FreeBites: https://github.com/freebites/product ",3,6,4,5,10,11,8,9,1,2,7,12,"English at Large sounds like an exciting project to me and is my top choice because it has a clear and important audience, and creating a cataloguing system for their resources sounds like a fun and interesting challenge. Bread & Roses sounds like a great organization, and food insecurity is a deeply important issue. Creating a volunteer management system sounds like a great way to positively impact their ability to do important work. The West Medford Community Center project also sounds very interesting to me, since I think community centers are super useful and important, and being able to effectively market them with a newsletter is critical.",,,I have not
9/16/2024 12:23:32,Brian Becker,,he/him,brian.becker@tufts.edu,2027,Prefer not to answer,"Joining JumboCode will enable me to work on large scale CS projects with a complete team. I have thoroughly enjoyed my experience with software engineering whether it be with my LLM research over the summer, the personal projects I have pursued, or participating in hackathons with my friends. With that being said, the projects have participated in were on a short term scale, implemented by myself or both. 
Jumbocode places CS developers in a place to succeed; the project itself is what fosters community instead of the community fostering the projects. I hope to build a stronger network of peers in the field of CS in combination with working on large scale projects which will be invaluable for me as I find a career in software.","I was president of a music tutoring organization which matched high schoolers with elementary students to provide both music instruction and motivation for the students. I was also president of Math Honor Society in high school, holding monthly meetings with peers teaching a variety of challenges related to discrete mathematics. I constructed over 20 borders in my local community garden to promote greater environmental sustainability and prevent weed infestation for gardeners. At Tufts, I volunteer tutored math to high schoolers in the local area on a weekly basis. ",Yes,Yes,"Mondays, Tuesdays, Thursdays: 6:30pm-11pm, Wednesdays 9pm-11pm, Saturdays 9am-2pm.",CS 11: Intro to Computer Science,"C/C++, HTML/CSS, JavaScript/TypeScript, React, Git/GitHub, Node.js/Express, Python",  My first introduction was a game development class I took in Python my junior year of high school.,"One challenge many restaurant reviewers face is that they want to publish a review of a website but either do not have the time or energy to physically write a compelling review. I developed ReviewWritePro which prompts users to provide targeted and specific information about their experience at a restaurant they went to. I used Google Places API for  users to pull restaurant data and generate location information about the restaurant itself. At the end of the prompting, the user can copy and paste their prompt and paste into a chatbot of their choice. I used React js for full stack implementation. The hardest part of the implementation was making sure all the data could be imported onto the results page.

Project website: https://66ce310fd759537c98a36914--jovial-lily-8ebc87.netlify.app/","ReviewWritePro: https://66ce310fd759537c98a36914--jovial-lily-8ebc87.netlify.app/, Personal Website: https://b1becker.github.io/",2,7,5,4,3,9,12,8,6,1,11,10,"Bread and Roses stands out to me for two reasons. The heavy focus on e-list creation and volunteer scheduling appear to me because of my previous research in CNN architecture with professor Yingjie Lao this summer. I not only would want to be involved in the creation and sorting of e-lists, but also finding a way to use AI to schedule volunteers in the most compatible manner. I volunteered at Harvard Square Homeless Shelter this summer and experienced many suffering from food insecurity. Efficiently and accurately collecting food selection information will help the organization significantly in the fight of food insecurity.
In addition to looking into ways to efficiently sort the volunteers, I would like to explore a way to use content analysis which could interpret volunteer's written preferences into the scheduling system.
West Medford Community Center and Dillar Academy also appeal to me because of the ambitious and relevant tech stack software. I look to not only familarize myself with the standard software on the tech stack, but also explore some of the AWS implementation used for email lists. Access to English education is something we take for granted in the United States, however it can be crucial for children to learn in other areas of the planet as it often leads to greater job opportunities.",None,,
9/16/2024 12:47:24,Andrew Lin,,He/HIm,andrew.lin@tufts.edu,2026,No,"I hope be able to help communities with my skills in full stack and web dev, while also keeping those skills sharp for my career. I also want to learn more technologies in the hosting and db side of full stack. ","I've worked for a non profit ecological organization called Pollinator Pathways before. The organization builds native plant gardens for local pollinators. In addition, I have participated in food drive events before, such as Rise Against Hunger. ",Yes,Yes,"Tuesday 12-4:30 and 5:45 - 9:00, Wednesday 10:00-4:30, All of Friday, All of saturday","CS 11: Intro to Computer Science, CS 15: Data Structures, CS 40: Machine Structures and Programming","C/C++, HTML/CSS, JavaScript/TypeScript, React, Git/GitHub, SQL, Node.js/Express, Python",CS11!,"A project I worked on last summer was for an internship. The project was internal software for managing our clients. In common financial company practice, the software had been created in 2001 and had only been overhauled once, so my team had to build the project from the ground up using the old software as a guideline. During this project, I was assigned my own tickets and built my own React pages, working with my coworkers more as equals than as a mentee. I am extremely proud of the work I was able to accomplish on this project.",Github: https://github.com/NilYdna04 Website: https://nilydna04.github.io/ LinkedIn: https://www.linkedin.com/in/nilydna04/,4,1,7,2,9,11,6,3,8,5,12,10,"My first choice is Village food Hub as I am very passionate about giving food to those who need it and solving hunger. My second choice is the Somerville museum as I also think that museums are important and would be very happy to have the opportunity to help one. My third choice is LCS tutoring as I used to be a tutor and care about getting quality education to those who seek it. Finally, my fourth choice is the West Medford Community Center as I am curious to learn the technologies behind programs that allow people to use templates. ",,My resume can be found on my website if you are interested. ,
9/16/2024 14:33:20,Jet Yotsuuye,,He/Him,Jet.Yotsuuye@tufts.edu,2027,No,"Growing up in an environment where computer science was not strongly supported, I had to teach myself most of my coding skills. While I was able to learn the basics of coding in multiple languages through various online courses, the actual application of these skills remained unclear to me. Through JumboCode, I hope to learn how to apply my abilities to give back to the community by helping create websites and automating tasks for local small businesses and volunteer groups. Additionally, I look forward to the networking opportunities JumboCode offers, hoping to receive mentorship from both upperclassmen and professionals in software engineering to guide me on my next steps.","Over the summer, I worked with a team of 12 full-stack developers to develop a new application called ""FreeBites"", giving 1500+ students around Tufts access to free food on campus. I am also the current co-president of the Japanese Culture Club and have been working around the clock to keep membership high and engaging. Finally, I have been president for my local Young Buddhist Association team for around 4 years, raising thousands of dollars to financially support the Tacoma Buddhist Temple. ",Yes,Yes,"Every weekday after 7:30 until late October, where I will be available after 2:45. On weekends, I am open all-day Saturday and Sunday mornings (excluding 11-12). ","CS 11: Intro to Computer Science, CS 15: Data Structures","C/C++, HTML/CSS, JavaScript/TypeScript, React, Git/GitHub, SQL, Node.js/Express, Python",My first introduction to computer science was in high school when I took the online introduction to python class offered by MIT,"I have two different projects I am really proud of. One is helping create the ""FreeBites"" app. This was first ""Full-Stack Developer"" position and was able to learn so much from my time working on the app. I picked up various languages such as typescript and MongoDB Query Language (MQL) and got experience working on backend systems such as Firebase and MongoDB. Although I had faced many different challenges during the production, I was able to solve most of them through a combination of asking tech leads, Google, and Chat GPT. The other is my virtual home network I worked on over the summer. This project helped me learn how data is sent and received over a network and the various routers, switches, and end devices used in a LAN. Because I used Cisco Packet Tracer as the simulation device of choice, it took a while to get accustomed with their interface, but I was quickly able to adapt.",https://github.com/Jet4stream,11,6,4,8,3,9,7,12,1,2,10,5,"Having family members who immigrated from Japan, I have seen firsthand how difficult it can be for immigrants to learn English and adapt to American culture. There have been times when I had to translate documents for a family member and explain various American slang used in modern communication. Providing a resource where these individuals can access books and guidance to help them integrate into American society would be a great help to my family and others in similar situations. This is why I would like to work on the English at Large project.",No one!,,This is my first year of JumboCode
9/16/2024 15:29:23,Kenny Zheng,,he/him/his,ken.zheng@tufts.edu,Masters Student (non-Tufts undergrad),No,"I want to join JumboCode to use my skills in software development to create impactful solutions for organizations. I hope to collaborate with a driven team, learn from real-world projects, and contribute to technology that serves a greater purpose.","I have over 350 hours of volunteer experience from my time at Liberty Science Center during high school, where I supported educational initiatives. I’ve also volunteered with nonprofits in cities like Dorchester and Newark, NJ, providing food and resources to the homeless. In particular, BU's Food Rescue and MicroFinance Club (to raise fund for financially disadvantaged communities). These experiences have deepened my commitment to community engagement and social good. ",Yes,Yes,"I am open to the following and other options if necessary: Wednesdays from 10 AM -11 AM, Saturdays and Sundays","CS 115: Database Systems, CS 116: Introduction to Security, EE200: C/C++","C/C++, HTML/CSS, Git/GitHub, SQL, Python",I was first introduced to HTML in middle school. I created a website and never touched code again until senior year of HS when I went to a Hackathon competing against other colleges. ,"I'm proud of the IoT Kitchen project I created, which was designed to enhance the cooking experience for amateur home cooks. The project utilized Google Firebase for real-time data storage, Java for backend development, RFID tags to manage inventory, Arduino for sensor integration, and Natural Language Processing (NLP) to enable interactive voice commands. This project was done in collaboration with a client from General Electric.

The goal was to create a seamless and interactive cooking assistant that could guide users through recipes, suggest meals based on available ingredients, and manage kitchen inventory. One of the biggest challenges was integrating multiple technologies to work together smoothly, especially the real-time data synchronization between Firebase, Arduino sensors, and the Java backend. Additionally, training the NLP model to accurately understand user commands in a noisy kitchen environment required extensive testing and refinement.

Through this project, I not only strengthened my skills in IoT development, software integration, and machine learning but also learned the importance of iterative testing and user feedback. It was exciting to see how these technologies could come together to create a user-friendly solution that could have real-world applications.",https://github.com/YDKDevelop,10,6,3,1,11,5,12,7,4,9,8,2,"I've previously worked with Zack and Hannah and found them to be great collaborators, which is why I'm excited about the opportunity to work with them again. The Somerville Museum project also caught my attention because of my experience volunteering at a museum, where I enjoyed contributing to community-focused educational initiatives. My preferences are driven by my interests and the desire to commit my time to projects that I find engaging and fulfilling.",N/A,,No
9/16/2024 15:39:03,Yi Gu,,she/her,ygu07@tufts.edu,2026,Yes,I want to join JumboCode since I want to gain more coding experience in group outside the class setting. I wanna do project with group members and do some fantastic coding!,I volunteered to teach English to children with poverty and disability during 2021 in China.,Yes,Yes,"My availability is all Friday/Saturday/Sunday, as well as Monday/Wednesday morning.","CS 11: Intro to Computer Science, CS 15: Data Structures, CS 20: Web Programming, CS 40: Machine Structures and Programming, CS131 Intro to AI, CS61 Discrete Mathematics","C/C++, HTML/CSS, JavaScript/TypeScript, Git/GitHub, SQL, Node.js/Express, Python, Matlab",It was cs11,"I was proud of the project done in intro to ai course, it was a personal project about artificial neural network. The task was to build and train an ANN to classify the plants based on user input. I wrote the code in Python and since it was my first time learning about ANN so the hardest part was to design an efficient network. It took me much time to test and debug but it finally turned out to be an efficient program which can identify the plants quite well.",,9,8,2,5,1,10,3,11,6,4,12,7,"I have prior experience teaching English to non-native speakers and beginners, which makes Dillar Academy an appealing choice for me. Additionally, as a former Art student at SMFA, I am drawn to the Somerville Museum. Lastly, I am passionate about addressing food insecurity, so Bread & Roses is another project I'd like to join.",no,"I am a person who really enthusiastic in coding and collaborating with others, really looking forward to being enrolled into JumboCode and work with other excellent programmers to make a better world :)",not yet but expected to be!
9/16/2024 16:00:34,Matthew Bastardi,,He/Him,matthew.bastardi@tufts.edu,2028,No,I have taken a few classes in computer science in high school and I have always been interested in computer science. I want to be able to use these skills in a real world application and I especially want to be able to help people.,"I was the community service leader for my grade from 8th grade to senior year, so I led various food drives and clothes drives each year. I also volunteered with a program in my town for 4 years where I would play soccer with kids with special needs every week.",Yes,Yes,"I will be available to meet during the week mostly at night. I currently have class from 6-7:15 on Mondays and Wednesdays and from 6-9 on Tuesdays, but I can meet after those times.",,"Python, Java","I took a class my freshman year in high school where we did a little programing, but my first real introduction was when I took AP computer science my junior year. ","Last year, I made a program that predicted the outcomes of NFL games by taking data from past games and running it through a machine-learning algorithm. I wrote it in python and I had to implement a python library called Tensor Flow that allowed me to create my own neural networks.",,11,9,6,7,10,1,12,2,8,4,5,3,I really like the New England Innocence Project and the LCS tutoring program.,There is no one I would feel uncomfortable working with,,I have not been a part of jumbo code before.
9/16/2024 16:18:19,Ryan Poon,,he/him,ryan.poon@tufts.edu,2026,No,"The main reason I want to join JumboCode is that I want to get more involved with the CS community at Tufts, as well as wanting to contribute to a project with actual clients and working in a team with other students. I like that all of these projects benefit real people as opposed to CS homework which only benefits me. ","I've been a TA for CS11, CS15, and this semester CS105. To be honest, I haven't worked with non-profits outside of volunteering at a kitchen in my hometown. In high school I made a chrome extension that blocked facebook ads and also collected a database of those ads to see the extent by which facebook allowed misinformation in its ads. ",Yes,Yes,"I should be mostly free on weekends, and throughout the week I have a lot of availability on Mondays and Wednesdays. ","CS 11: Intro to Computer Science, CS 15: Data Structures, CS 105: Programming Languages, CS 160: Algorithms","C/C++, HTML/CSS, JavaScript/TypeScript, React, Git/GitHub, SQL, Node.js/Express, Python",My dad showed me scratch when I was in elementary school.,"I'm pretty proud of the Facebook adblocker chrome extension (which I no longer maintain :( ), since Facebook in particular is pretty sophisticated about disguising their ads as normal content. At least at the time that I was making my adblocker, the word ""Sponsored"" which they were required to include for every ad was split in the HTML source code so that every letter was in it's own tag. Furthermore, between every letter was a bunch of junk letter tags (much like filesofpix), so that figuring out whether or not a post was sponsored or not from the HTML required examination into which letters were actually showing up on the page, and which ones were hidden. There were some other details which I don't fully remember, but that was the main challenge that I was really relieved to figure out, since at the time most of the main adblockers couldn't block facebook ads. I was also pretty happy about the result, since I was able to assemble my own database of facebook ads, and I was able to find some ads that were sketchy. For example, there was an ad for a sign that said ""No vaccine solicitation"", which by itself isn't misinformation. However, following that ad to it's website led to a website spewing misinformation about vaccines. It was fascinating to me comparing the extreme ads in the database to the ads that my parents saw in their facebook feeds, since the types of ads they saw were far different. IDK if this info is important but I used typescript to make the extension and mongodb for the database. ",,1,7,5,6,8,9,11,2,4,3,10,12,"I chose my top project choices because I feel that they are especially connected to communities within Tuft's local surroundings, and I feel like I could do more to involve myself in them. In particular, I like that these projects help programs that encourage community engagement from within the community rather than acting as an outside force to the betterment community, although that is still obviously valuable. That being said, I wouldn't have a problem working on any of the projects and would be happy on any of these teams. ",,,No. 
9/16/2024 16:26:13,Joe-Ansel Puplava,,He/Him,Joe-Ansel.Puplava@tufts.edu,2026,Yes,"I'm currently a Junior at Tufts University and have substantial experience programming from classes or personal projects. However, I have never programmed for a business or for the community, and I believe that it would be a rewarding experience for me. I hope that by joining JumboCode, I will be able to utilize the skills I have been honing for the last few years for something greater than myself.",Currently I'm a TA for CS105 and I've volunteered to help my community back home in the past.,Yes,Yes,I'm available Wednesday's from 11am-4pm and 5pm-10pm. I'm also available Tuesdays from 6pm-10pm.,"CS 11: Intro to Computer Science, CS 15: Data Structures, CS 105: Programming Languages, CS 115: Database Systems","C/C++, Git/GitHub, SQL, Python",My first intro to computer science was in my junior year of highschool when my school offered a new class called AP Computer Science.,I'm very proud of the final video game that I created for Game Design last year. To create the game I was in a team of 5 and I was one of 3 programmers. This project taught me how difficult it can be to schedule meetings and compromise conflicting ideas. But it also taught me how a team is able to create an amazing product in a short amount of time if everyone communicates properly. ,https://github.com/JoeAnselPuplava,1,2,5,4,7,9,3,11,10,6,8,12,"I would happily work on any projects on the list as they are essential for the community. I chose these three as my top three projects because each strives to strengthen the local community. The West Medford Community Center project will enable WMCC to create and send newsletters more efficiently, allowing them to spend more time planning events and community activities. The Village Food Hub project will allow for the management of food resources to reduce waste and ensure community members are getting the right resources. The LGBTQ+ Senior Housing project will enable residents to be better informed about local events and communicate more easily with the LGBTQ+ Senior Housing. Additionally, the rest of my preferred list is where I would be most suited to contribute.",,,"No, this would be my first year!"
9/18/2024 8:54:00,William Goldman,,He/Him,wgoldm03@tufts.edu,2028,No,"I want to join JumboCode for three main reasons: to use my web development skills to benefit others, to connect with people who share similar interests, and to improve my personal and professional skills by working with a client and a team. Up until now, the websites I’ve built have been for personal enjoyment or as platforms for social media and outreach, either for myself or a school group, without a larger purpose. Joining JumboCode would allow me to continue doing what I love while making a meaningful impact for a broader community.

At the GIM, I saw that the current members of JumboCode are the kind of people I would enjoy collaborating with. Everyone was friendly, outgoing, and most importantly, excited about their projects. Some of the clubs and student groups I’ve been in before have been less friendly towards newcomers so I am excited to work with a group of people as equally motivated as me. 

Currently, I would describe myself as an amateur web developer, as I primarily use raw HTML, CSS, and JavaScript to build my projects. Based on the tech stacks presented at the GIM and the workflows described by the Tech Leads, I believe that joining JumboCode will help me develop more professional web development skills. This experience would allow me to create more accessible websites in the future, making them usable for a wider range of people.","	In high school I did a lot of volunteer work with a community farm called Unity Farm Sanctuary that rescues large animals in the area around my hometown. This has been my favorite volunteer experience as there were many events such as open houses which spread awareness about the cause and I also got to know the animals. I also volunteered for two summers at my town library as an English, Math, and Computer Science tutor for young students. There weren’t many tutors for young students (elementary - early middle school) in my town, so the library started the program to fill in the education gap.",Yes,Yes,"- Monday 7:00am - 5:00pm
- Wednesday 7:00am - 12:00pm
- Thursday 7:00am - 11:00am
- Friday: 11:00am - 10:00pm
- Every other Saturday: 7:00am - 5:00pm

I could also meet via Zoom if teams prefer that!",In the process of taking CS11!,"C/C++, HTML/CSS, JavaScript/TypeScript, Python",Scratch and Code.org in elementary school! Scratch became my favorite platform for computer science as I enjoyed being able to draw art and use it in my games!,"This summer I worked with a group of Tufts students to develop a website for a platform called ‘Puppy AI’. Puppy AI is a series of lessons centered around the LEGO SPIKE that teach students the basic concepts of reinforcement learning. When I joined the team they had already developed the lessons and built a very basic website. Thus, my primary role became front-end development for the site. 

We used raw HTML, CSS, and JS to build the website. We stored everything (code, images, icons, etc) in a GitHub repository and committed to the repository via VS Code through GitHub Desktop. The project was unique because all of the code that we had to run on the SPIKE was in Python. Thus, we used Micro Python to embed and run Python files and Python editors in the page. 

Many technical challenges arose due to the two-way communication challenges between the site and the SPIKE itself. We also struggled to enable Bluetooth functionality. Working primarily on the front-end development, I faced many redesigns after we tested the website on students in the area and also on my coworkers. In particular there was a code editor portion of the website that took a while to build as all of its features needed to be clear to the user yet not too overwhelming to use. This was the first web dev project I had ever really done in a group so it was difficult at first to coordinate all of our commits to the repository. However, once we started to communicate more it became very fun to be able to bounce ideas off of my teammates!
",Personal Website: https://www.goldmanwilliam.com/  Github: https://github.com/iliketocode2,4,8,10,1,7,11,9,5,2,3,6,12,"Somerville Museum Group
My first choice is the Somerville Museum Group because I am an avid museum-goer! I’ve always enjoyed visiting the Science Museum, the Museum of Fine Arts in Boston, and others. In my opinion, helping museums is very important since they allow others to share their art and ideas, encouraging self expression while also preserving culture and history. I’ve never really thought about how museums archive their collections, so this would be an exciting opportunity to learn more about that process. In addition, creating a database for the store and for the archives seems like it will be a challenging but interesting problem; I have never created a large database before so this will be a first! Holden and Zach brought great energy to their presentation, and I believe working with them would be a lot of fun! Finally, I have yet to actually go to the Summerville museum, so this would also be an opportunity for me to learn about and actually contribute to a museum in my local area. 

English at Large
I chose English at Large as my second option because during my time teaching I could have benefited from a similar resource. The last few summers I’ve been teaching students how to code. However, the curriculum for many of these programs is often patchy and doesn’t provide a full education for the students. Having an easy place to pull resources from would have made a huge difference in how I was able to teach students and progress them through their learning. Although English at Large focuses on a different subject area than my own experience, I can see how this project could significantly impact both teachers and students. It would feel very rewarding to know that my work could make such an impact on the education of others.

Bread and Roses
I ranked Bread and Roses third due to my past experience working with food pantries. When I lived on Cape Ann, my school held food drives for The Open Door, a local food pantry. I think that food security is one of the most important issues in our country and people should never have to go hungry. The impact of Bread and Roses is substantial in our state and I would like to be part of this change.

Remaining Preferences
I ranked the rest of my preferences based on how connected I feel to the cause each group supports. I was drawn to certain organizations because of my personal background and past experiences. Additionally, I’m excited about the possibility of working with Amazon Cloud Services, so I prioritized those projects slightly higher on my list.",Nope! Happy to work with anyone. : ) ,,N/A
9/16/2024 17:33:47,Marten Tropp,,he/him,marten.tropp@tufts.edu,2026,No,"I want to join JumboCode to meet new people in the CS community at Tufts and work on a project for a good cause that has a positive impact in the real world. I hope to make new friends in the CS program, improve my web development skills, and, hopefully, make someone else's life easier by being a part of one of the projects.","This is my second semester as a 40 TA. I have been an assistant referee at countless track meets and community runs. Last year, I made Valentine's Day cards for veterans. I am also on the track team here at Tufts. ",Yes,Yes,"Most weekday nights except Thursday, the whole Friday, and the weekend","CS 11: Intro to Computer Science, CS 15: Data Structures, CS 40: Machine Structures and Programming, CS 160: Algorithms, CS 170: Computation Theory","C/C++, HTML/CSS, JavaScript/TypeScript, Git/GitHub, Python",I was in a coding club in middle school. I absolutely loved it!! :),"At HackHarvard 2023, I was part of a team of four who built EverEase, a chatbot to help caregivers manage patients with neurodegenerative diseases. I handled the front-end design using Figma and implemented it with HTML, Tailwind CSS, and React. The challenge was not just the time crunch but also learning new technologies on the fly, as I had limited experience with some of the tools we used.",https://github.com/marten720,3,11,10,12,4,1,5,8,2,7,6,9,"I put the projects that seemed more interesting and I would love to particpate in higher in the rankings. All of the projects seemed cool, but I had to make a ranking and came up with this.",,,
9/16/2024 17:51:14,James Molloy,,He/him,James.Molloy@tufts.edu,2028,No,"I want to gain real world programming experience. Although I am undecided, I am about 90 percent sure I will be a computer science major. Considering this, I want to improve my coding skills and understand what it’s like to do an actual, real-life project outside of the classroom. 
Alongside the experience, I also want to refine my coding skills outside of just computer science classes. This club will give me extra practice.
On a non-academic note, I hope I can make some friends who share my common interest in computers.","In high school, I was class president for two years, where I was constantly planning fundraisers for my class. I also was a member of national honor society, where I volunteered often. I did a lot of volunteering regarding youth basketball. I did FOCUS as well this year, where I volunteered for my week of Pre-Oriention at Tufts, specifically in schools around the Medford area.",Yes,Yes,"I am around Mondays, Fridays, and Thursdays after 330 PM. I am around any time between 12 and 5 on weekends",EN1: exploring comp sci,"C/C++, HTML/CSS, JavaScript/TypeScript, Python",I took CS courses all through high school and got a 4 on AP CSA.,"In high school, I used html to build a website about myself. It was challenging having the website go from one part of the site to another, because I was new to html. I don’t have any experience with specific out of school projects, but I did a lot of smaller ones in school.",N/A,8,3,5,7,4,12,9,6,2,1,10,11,"I really don’t mind doing any project. However,  I would love the experience and the ability to help others through volunteering my coding abilities. My two top choices stand apart from the rest for me. I love the idea of helping the hungry and those struggling with English. I feel like this makes a direct impact to the community around tufts, but not tufts specifically. I like the idea of helping those in need, and it will make me even happier to be able to see and interact with these people, especially around my hometown of Boston. I think food insecurity and lack of opportunity for immigrants in America are both prominent problems, and helping with these 2 problems specifically would make me very happy. However, I would work with any other group as well, because I know that no matter what I am doing, I will be able to help others.",No,I would be a very devoted worker and would love to help on any project!!,No
9/16/2024 18:01:26,Aray Arigngazina,,she/her,aargin01@tufts.edu,2028,Yes,I want to join JumboCode because it provides an incredible opportunity to develop and apply my skills in computer science while making a meaningful impact through technology. I am excited about working on real-world projects with non-profits and collaborating with a diverse group of students of different backgrounds.,"My interest in social activism began when I started volunteering as a tennis coach for children with Down syndrome, autism, and later for Kazakhstan's national tennis wheelchair team. However, there were insufficient funds for the athletes to continue developing and playing tennis, so I raised funds that cover the rent of tennis courts, equipment, practice sessions, and travel. Additionally, my friends and I collaborated with a non-profit called DARA to develop an app for accessible education for children with special educational needs. In addition, we also developed a demo app that assists shelters and volunteers in establishing a centralized system for tracking stray animals. ",Yes,Yes,"monday 12pm - 1pm; 3pm-6pm
tuesday 10am-11:30am; 3pm-10pm
wednesday 3pm-7pm
thursday 10am-11:30am; 3pm-6:30pm
friday 10am-1:15pm; 3pm-7pm
saturday whole day
sunday whole day",CS 11: Intro to Computer Science,"C/C++, HTML/CSS, Python",classes in high school ,"One of the projects I'm most proud of is Alaqai, an Android app that I developed with friends to support children with special educational needs in Kazakhstan. The app provides personalized educational content to help children with cognitive disabilities engage with learning more effectively.

We worked closely with teachers, parents, and the DARA clinic, gathering feedback to create a user-friendly interface that caters to different learning paces. Our biggest challenge was balancing technical development with user needs, but collaborating with experts like a UN activist and a Paralympic athlete gave us insights into making the app truly inclusive. Visiting the children and seeing the impact of our app firsthand was incredibly rewarding.

Through Alaqai, I realized how powerful technology can be when it meets societal needs, and this experience fueled my passion for creating solutions that make a real difference.",,11,7,5,8,4,6,10,1,12,3,2,9,"I have a strong interest in LCS Tutoring since I have had previous experience in working as a tutor and understand how important it is to provide children with a matching teacher. Moreover, the opportunity to provide women in Cameroon with accessible education is incredibly empowering and largely contributes to inclusion and equality",No,No,no
9/16/2024 20:49:37,Will Cordray,,he/him,William.Cordray@tufts.edu,2026,No,"I want to get more experience with web programming, while at the same time doing a project that has a meaningful impact and isn't just some bootcamp. There were a couple of projects that really stood out to me as helping a community I'm interested in, so I see it as a win-win.","Honestly, not as much as I would like it to be. This is my 4th semester being a TA for CS10/CS11, and I've done one off community service projects like park cleanups. But, I'm looking to build a more structured way to give back, which I'm hoping JumboCode can offer me.",Yes,Yes,"This isn't a comprehensive list, but generally I'm free on Monday, Tuesday, and Wednesday nights as well as all-day Saturday.","CS 11: Intro to Computer Science, CS 15: Data Structures, CS 40: Machine Structures and Programming","C/C++, HTML/CSS, Git/GitHub, SQL, Python",My first true introduction to programming was CS10 in the Fall of Freshman year.,"The project I’m most proud of is a program that, when given a series of people and the times they are available, creates an optimized schedule according to various constraints like their availability, who they want to work with, etc.. I originally created it after looking at how CS office hours are manually scheduled, and it works by comparing the shifts that need to be filled to people's availability and then optimizing the solution. It was a passion project that I worked on over winter break last year and it took a lot of learning and time. When I first came up with the idea of the project, I had only just taken CS11, so it was a challenge to even get started. And after that, working on such a large system with so many intersecting parts was difficult, but also a good learning experience. I recently went back and cleaned up/optimized the code, and I’m incredibly proud of what I’ve accomplished.",https://github.com/willcordray,7,3,8,1,11,4,12,2,9,5,10,6,"While all of the projects look amazing, Somerville Museum is of particular interest to me. I've worked in an archives before, and understand the pain of trying to keep track of everything, so I feel as though I have a certain connection to it.",,,
9/16/2024 21:08:49,Kalyan Patel,,He/Him,kalpat314@gmail.com,2026,No,"I want to join JumboCode in order to put my knowledge to use helping an impactful community organization around Tufts. I have learned a lot as a programmer both through Tufts courses and personal projects, and want to employ my skills on a project which can make a valuable impact in the community and directly impact the lives of others. I have experience in web development, and have taught myself several technologies for a full stack app I am currently working on (React, Express, Node, MongoDB, etc.). I would be excited to put my current skills to work on a team, and am driven to learn any new technologies/frameworks. 

Working alongside experienced tech leads/developers would be an amazing opportunity, allowing me to learn new tech and receive insight from their previous experience in JumboCode. I also hope to meet many other passionate developers on my project team. If accepted, I believe I can contribute a lot to my team and learn new skills throughout the process.","I have experience doing volunteer tutoring at a women and children's nonprofit, where I taught math to elementary and middle schoolers. I did this several years and really enjoyed working with the kids and seeing their progress.

In high school I was also a Boy Scout, where I helped volunteer at community events including local fundraising runs and school beautification projects. In my senior year, I planned and led a project to install a sensory garden at a home for low-income senior citizens.",Yes,Yes,"I am available weekday evenings, Saturday middays, and anytime Sunday. The best time for me would be right before or after the all-club meetings, though I am flexible.","CS 11: Intro to Computer Science, CS 15: Data Structures, CS 40: Machine Structures and Programming, CS 160: Algorithms, CS135 (Intro to Machine Learning), CS131 (Intro to AI)","C/C++, HTML/CSS, JavaScript/TypeScript, React, Git/GitHub, Node.js/Express, Python, MongoDB/Mongoose, Firebase user auth","My first introduction was through Harvard's free online intro course called CS50, which I took the summer before Freshman year. The first coding courses I took in a school setting, however, were at Tufts (CS11).","I am proud of a personal project that I started over the summer which is currently in the works called Tufts Handoff. It is a full stack web app that will allow Tufts students to buy/sell furniture or other items to other students, and I got the idea when I had trouble finding furniture for my off-campus rental. I started working on the project with no web dev experience or classes under my belt, but was able to teach myself a lot of interesting tech. Through online tutorials and doing smaller projects for each technology, I was able to teach myself React, Express, MongoDB, and how to build a RESTful API from scratch. I also implemented user authentication with Firebase and image storage with Cloudinary. I have a large portion of the project done, and plan on learning/implementing the remaining features to hopefully get the website online this semester. I am proud of the hours I put into Handoff and believe I will have an easier time learning new skills because of it. I would be excited to apply web development knowledge in a more formal team setting and continue learning from experienced tech leads and developers.",,1,9,12,7,11,10,8,5,4,2,6,3,"My first choice is the West Medford Community Center, as it is a challenging project that blends technologies I am accustomed to (React, Tailwind, MongoDB, TypeScript) with those I am excited to learn (Prisma, AWS, Vercel). WMCC has a broad outreach across the entire Medford community, and I would be excited to work on a project that can reach such a large number of people of all ages. I know firsthand that the team leaders are all very experienced, as I've actually met with Winston before to get advice about my personal web development project. 

My second choice is Bread and Roses. I have experience volunteering at food pantries and I know the difference that providing meals can bring for those who need it. Making the volunteer sign-up process as streamlined as possible will make it easier for Bread & Roses to gain new volunteers and make the entire volunteering process as easy as possible. This project also has several technologies I am familiar with (React, Tailwind, Mongo, TypeScript), and I would be eager to learn all of the others used in the project.

My third choice is Office of University Counsel, as it would be engaging to work with an organization involved in the University's operations. I was formerly a pre-med student and am still very interested in the medical field. In addition, Python is one my strongest languages believe I would be able to effectively apply my skills to a web development setting. I have experience implementing a RESTful API to connect a backend to a front end, as well as experience implementing user authentication. If accepted for this project I hope to apply my knowledge and also learn more while working on the app.

These are my top three choices, though I would be very happy to work on any project if accepted.",n/a,,"n/a, this would be my first year."
9/16/2024 21:20:37,Alekha Rao,,She/Her,alekha.rao@tufts.edu,2026,Yes,"I want to join JumboCode for a couple of different reasons. Firstly, I have always wanted to study Computer Science so that I can make real change for those who need it and JumboCode is an incredible way to do so. I hope to create and build these web applications that really change people lives because that's why I am studying this. I also want to just become more experienced in the various technologies that are used for building these full scale web apps. Lastly, I am excited to meet and work with all of the incredible developers/designers/product managers etc in this environment and do good work with all these great people. ","Volunteer work at Sivananda Rehab home, a nonprofit institution founded by my great
grandmother in Hyderabad, India. Taught children who recovered from leprosy basic English
speaking skills.",Yes,Yes,Monday/Wednesday Before 12 and After 6. Tuesday 11 to 1 or 3 to 4. Thursday 3 to 4. Friday Before 12 and after 4,"CS 11: Intro to Computer Science, CS 15: Data Structures, CS 20: Web Programming, CS 40: Machine Structures and Programming","C/C++, HTML/CSS, JavaScript/TypeScript, Git/GitHub, SQL, Node.js/Express, Python",My first introduction to Computer Science was when I started writing scratch programs at the age of 8. I then started in writing code in Python just a few years later at the age of 10.,"One of my most favorite projects is a portfolio website that I built this summer (linked below). It is basically just a website that displays all of my professional information including education, experience, projects I've done and more. I think the biggest challenge I faced was that it was the first time I had really tried to build a full scale web app on my own and so I really had to learn all the various technologies. I ran into so many issues regarding styling the website and just making it have the best UI/UX that it could. Additionally, at the start I had a hard time introducing all the javascript elements that I wanted to use. But in the end it all ended up working out and I am incredibly proud of it. ",https://alekha-rao1.github.io/,7,1,2,9,3,11,10,4,6,8,5,12,I am honestly open to work on any project but the one that I am most hoping to work on is Village Food Hub. I think that this is an incredibly meaningful web app that can also be used be a wide variety of other organizations in the future and therefore would really want to be part of the team that builds it. But I am completely open to working with any other team as I know they are all doing great work for the community. ,,,
9/16/2024 21:29:16,Emily Yuan,,She/her,emily.yuan@tufts.edu,2026,Yes,"As an aspiring software engineer that aims to engineer and develop for communities in need, JumboCode aligns with my passions towards coding for social good. I have had experience teaching programming skills to underserved communities and have seen how this has greatly impacted students. Enlightened by the fact that my technical skills can help others in the community, I am empowered to continue this during my time here at Tufts and beyond. I believe JumboCode will serve as a pivotal step towards my goal of learning and developing robust technical skills and above all, to advance in my desire of developing impactful software that addresses social challenges. It will not only provide me with diverse exposure to the field of technology but also allow me to offer a unique perspective stemming from my own experiences as a first generation woman of color in technology. ","I am currently the secretary of Society of Women Engineers (SWE) here at Tufts and I am always actively looking to expand our network of female engineers and provide them with the necessary opportunities and resources. Harnessing the strength of student voices, I compile our ideas in order to bridge the gap between female identifying engineers and the technical field. From providing access to women in tech conferences to facilitating technical and career prep workshops, I am able to see the growth of my peers while also being able to learn myself. Similarly, I am also currently an Autodesk Make & Design ambassador and am constantly engaging with the community at Tufts. For individuals interested in 3D design, I raise awareness and help students learn more about both the design and engineering industry by connecting students to Autodesk software workshops and networking events. ",Yes,Yes,"Monday/Wed: before 1:30pm, after 5:45pm, Tuesday/Thurs: before 12pm, 1:15pm - 4:30pm, after 7:15pm, Friday: before 12pm, after 1:15pm ","CS 11: Intro to Computer Science, CS 15: Data Structures, CS 40: Machine Structures and Programming","C/C++, HTML/CSS, Git/GitHub, Python","I have always had a keen interest in the applications of computer science that extend beyond simply coding. My first introduction to computer science was when I was a youth intern for Code Tenderloin during my junior year of high school. During my time there, I was exposed to the cross-functional nature of the computer science industry, sparking my interest in being at the forefront of leading coding workshops for the underrepresented. Using the HTML and CSS skills I had developed through the program, I also designed accessible mock websites for local organizations to use in order to garner more traffic. Furthermore, throughout the internship, I’ve met various individuals who have not only helped me learn more about the computer science industry but have also ignited my excitement about my potential in the field. These fruitful interactions, combined with my own desire to learn more about computer science, is the reason why I am still pursuing computer science in Tufts course curriculum and beyond. ","Excited by the fact that I could learn more from different people, I participated in my first all female identifying hackathon last October. I had been placed into a random team consisting of a very diverse group of people and we had the creative freedom to engineer anything. We all had different coding backgrounds, knew different coding languages and therefore, we had no common ground. Despite this initial difficulty, I took initiative with minimal direction by leading the project. Gauging the different levels of each member, we decisively chose to code in a language that we could all easily learn and research about. 

Using HTML, CSS, Javascript, and Replit, we developed a front end implementation of a website to express our passion towards women empowerment. From celebrating the stories of powerful women to offering guidance for the underrepresented in our website, we successfully executed our idea. We even discussed future plans of developing the back end and implementing a database of users to use our website. If permitted with more time, I would have dedicated and allocated certain people to be responsible for what they were more passionate about, which in this case, was either the front end or the back end. In retrospect, I learned that I should create a more detailed implementation plan with my team members prior to coding. However, this project was one that was executed according to what we had envisioned and since we were all happy about the result, it is a project that I am ultimately very proud of. ",https://github.com/emyuans,12,1,2,8,7,6,10,9,4,3,11,5,"Village Food Hub is a project that I would like to join because I am passionate about accessibility to healthy food and environmental sustainability. For the nonprofit to run more productively, this project that focuses on keeping track of their inventory, demographics of volunteers, and food pantry recipients will significantly impact Village Food Hub’s overall functionality. By helping the organization be more productive, it will make it easier for them to continue executing their mission. With my background in developing web applications and working with data, I believe this project will play a critical role in making their system more efficient. I am excited to offer my technical experiences in order to help organizations in the community and create long term positive changes. ",No,,N/A
9/16/2024 21:40:21,Henry Brittan,,He/Him,henry.brittan@tufts.edu,2026,No," I enjoy helping my community, and I think JumboCode will give me that oppurtunity, while also improving and diversifying my coding ability.","Last year, I volunteered at an elementary school and read books to 1st graders. I also have volunteered for 2 years at a non-profit called Camp Harmony, where we support underprivileged kids by giving them a free week away at summer camp. I helped renovate an old barn at a State Park near my home in Los Angeles as well. In highschool, I was a counselor for a soccer camp for autistic children for a summer as well.",Yes,Studying remotely,"Sunday noon-4 PM, Wednesday 6PM-10PM, Thursday 8PM-9PM, Saturday during the day.","CS 11: Intro to Computer Science, CS 15: Data Structures, CS 40: Machine Structures and Programming","C/C++, Python",CS 11,"I was proud of Arith in CS40. It was extremely difficult, me and my partner were having a problem where our program would leave out several colors from the compressed image. We discovered that this was because we did not allocate enough space for the color information. Once we hurtled this challenge, we were able to finish the problem shortly. It was quite a grind overall, and we put in a lot of hours, but that was the main issue that slowed us down.",,12,5,1,2,8,7,10,4,3,9,11,6,"I made my choices by a combination of groups I was more interested in helping, as well as what projects seemed more interesting to me. For example, the Wily Network personally resonates with me; even though I am lucky to have a safety net, I have friends from Tufts, who I grew up with who do not have the same assurances my family provided. I think it would be a great opportunity to serve and support other students who want or need the support.",,"My hours are usually very flexible outside of my classes, so making more time most likely will not be an issue, and I would like to devote a significant amount of time to my project.",I have not been part of JumboCode
9/16/2024 22:06:36,Gabriel Klaris,,He/Him,gabriel.klaris@tufts.edu,2026,No,"I want to join JumboCode because I am passionate about using my programming skills to create meaningful projects with real world application. I have always wanted to make an impact on people, and through the club's projects I would be able to do that. I am also excited for the team environment that the club offers and hope to gain experience working in a larger group on a project that extends over the year. Lastly, I think all of the projects and activities the club does would be enjoyable to me and I hope to have a fun time programming and bonding with a team.","I have experience working at an overnight camp for three summers and a day camp for a summer before those. I really enjoyed being able to mentor and watch kids grow up, especially when I would see them consecutive summers.  ",Yes,Studying remotely,I am generally available Wednesday nights and Fridays. ,"CS 11: Intro to Computer Science, CS 15: Data Structures, CS 40: Machine Structures and Programming","C/C++, HTML/CSS, React, Git/GitHub, SQL, Python","My first introduction to computer science was in my second grade when I did the FLL robotics league. We had a lego robot that would move around on the play board and try to solve different tasks for points. I did not have a great understanding of coding it just used block statements(similar to scratch), but I loved the problem solving that came with it. The excitement I had in seeing the robot operate on the instructions I wrote is still part of the reason I program today.","One project that I am proud of is a personal project that I did involving discord and google APIs. The project integrates google calendar with discord to format and send out an overview of your google calendar. Originally, I made this in high school as a way to have better time management and for the messages to highlight free blocks in the day. As time went on I also wanted the program to be reproduceable, so anyone could clone the repository and set up a bot for themselves. The biggest problem I faced with this project was mostly learning new libraries and techniques. I had mostly taught myself programming until this point so I had to fill in many gaps in my skills and go through a lot of documentation to get what I wanted. This was especially hard as I already had an idea of what I wanted the end project to look like, and sometimes the libraries could not do that so I had to balance compromising on features or putting in more work. ",https://github.com/Gabe-Klaris,11,5,7,3,10,12,4,9,6,2,1,8,"I chose A2Empowerment as my first choice as I believe it seems like it is the project that can have the most amount of impact and is the most unique. I have always wanted to be able to make a real world impact using my programming skills and A2Empowerment is an ideal way to do so. The idea that a program I write here could be used to improve lives all the way in Cameroon is extremely exciting to me. I'm especially drawn by the connection to education as my dad was a teacher and I understand how important education can be for improving lives. Additionally the problem that the project is working on is a great combination of skills that I already know, and new skills, so it would be a great opportunity for me. I would love to work with you all!",,,No
9/16/2024 22:34:41,Sheza Chaudhry,,she/her,sheza.chaudhry@tufts.edu,2026,Yes,"I want to join JumboCode to hone and apply my skills to meaningful projects that help nonprofit organizations. I’m excited to work in a team environment and gain hands-on experience by creating software that makes a real difference. By joining, I hope to sharpen my technical skills, collaborate with others who share similar passions, expand my network, and contribute to impactful projects beyond classroom learning. It’s a chance to grow both personally and professionally while giving back to the community.","I have always been interested in community service and giving back to my community. I’ve done this in various ways, including Computer Science tutoring at my local library and through online platforms. I was also the Logistics Chair for the Tufts Women in Tech conference in 2023, where I thoroughly enjoyed working with a team to organize an event that benefited many in the Computer Science community. Additionally, I am a member of the South Asian Political Action Committee, where I’ve had the opportunity to participate in fundraisers and community service events. I’m eager to explore the intersection of technology and social activism through JumboCode!",Yes,Yes,"Mondays 3pm-7pm, Tuesdays 2pm-5pm, Wednesdays 3pm-7pm, Thursdays 2pm-4pm, Friday 10am-12pm","CS 11: Intro to Computer Science, CS 15: Data Structures, CS 20: Web Programming, CS 40: Machine Structures and Programming, CS 160: Algorithms","C/C++, HTML/CSS, JavaScript/TypeScript, SQL, Python","My first introduction to computer science was through my mother, who is a Software Engineer. She encouraged me to join coding platforms and since then I've evolved from block coding to more advanced projects!","I am proud of a travel website I made with my team for our final project in CS20 using HTML/CSS, SQL, and JavaScript. The website allows travelers to customize their vacation by choosing a destination, hotel accommodations, and transportation. This project seemed very difficult when we first started working on it since there were many moving parts that all relied on one another. While coding, we faced challenges, including figuring out how to split up the work equally while also depending on each other's code. Another big issue was time management, as we all had busy schedules, making it difficult to find a time when everyone could work together. However, despite these challenges, we were able to produce a website that is both helpful for users and user-friendly with a pleasing aesthetic.",,4,5,9,10,2,8,11,1,6,7,3,12,"I am very interested in contributing to the education of the younger generation and improving access to tutoring services. Through the LCS web app, I can contribute to a project that will help connect many tutors with students who need them, a resource I wish I had growing up. Additionally, the team bondings presented seemed very interested and I think this group would be a great fit for me.",,,No
9/16/2024 23:14:25,Alex Li,,he/him,alex.li663974@tufts.edu,2027,No,"I want to join JumboCode because I want to utilize my passion for programming to benefit those in my local community. During my first year of JumboCode last year, it was amazing to collaborate with my team and see our mobile application on display at the nonprofit center. It was such an exciting introduction to industry software engineering, which centers around creating tools that can help others. By joining JumboCode, I hope to be able to continue to meet and collaborate with new programmers who share different experiences than me. I think it would be a great opportunity to work with all kinds of programmers and delve deeper into the web frameworks together. Overall, I want to join JumboCode to contribute to a programming project larger than myself, while also meeting new individuals and improving my skills along the way. ","In terms of my involvement at Tufts,  I was a Developer in JumboCode last year, where I worked to create a mobile web application for the Emerald Necklace Park Conservatory in Boston. I really enjoyed my time programming alongside my team and building friendships with these new teammates. Outside of Tufts, I interned at MIT Sea Grant this past summer, where I worked to design underwater robotics programs to help further K-12 STEM education. My team and I presented our project at many Boston/Cambridge public schools, where students really enjoyed learning science and programming from our robotics modules. Lastly, I was a teaching volunteer at my town’s nonprofit summer camp, Kaleidoscope. I taught programming fundamentals in Python to 30+ middle schoolers per session and organized science field trips for the campers each week. ",Yes,Yes,"On Mondays/Wednesdays, I am free anytime from 10-2PM. On Tuesdays/Thursdays, I am free anytime after 4:15PM. For the weekend days, I am free in the mornings and early afternoons. ","CS 11: Intro to Computer Science, CS 15: Data Structures","C/C++, HTML/CSS, JavaScript/TypeScript, React, Git/GitHub, Python","My first introduction to computer science was at my town's summer camp, where I learned Scratch animal programming in one of my courses. ","A project that really excited me was the Gerp project in CS15: Data Structures. The project task was to create a program that given a file directory, could query the directory for user-inputted words. It needed to be able to search in case-sensitive and insensitive. The project excited me because of its complexity - to build it, my teammate and I represented the file directory as a tree. We then parsed through this tree, storing each word of each file as a key in a HashMap that mapped words to their occurrences (line #, directory, and line) within the file system. The biggest challenge I faced was with duplicate capitalization words on the same line during case-insensitive search - our program incorrectly printed duplicate lines for the different capitalizations of the same word on the same line. We ultimately solved this using a Set and storing all the file#, line# as pairs within this set, then reprinting manually the lines using this set. Apart from this, it was just an amazing and exciting challenge to think of the numerous project parts - a 2D vector to represent files and their lines, a giant HashMap of words, a file tree, etc. But ultimately, it was my most proud programming project ever since it was quite complex and so rewarding when it finally worked out in the end. My partner (Jennifer Luo, PM of English at Large) and I had so much fun working together on this project. ",,6,12,11,5,8,3,9,7,2,4,10,1,"I'm really interested in the Tufts General Counsel team because I'm particularly interested in the intersection between software and healthcare - with both parents having been Software Engineers at medical companies, I found it amazing how the software built could impact so many lives, and I hope to be able to make a similar impact on others through working on this project. Moreover, I've been very interested in learning more about the Python language for back-end development, and I think this team would be a great opportunity for that learning experience.  I'm also very interested in the English at Large project - I think it would be such a meaningful opportunity to program software that could help bridge the gap between different cultures and languages. I also think it would be an outstanding chance to meet a diverse group of individuals at English at Large, and also work with other programmers who share a similar interest in developing software to celebrate culture/language diversity. ","No, I feel comfortable working with anyone!",Thank you very much for considering my application.,"Yes, last year I was a Developer on the Emerald Necklace Conservatory Project, where I worked to develop a mobile web application for the park's visitor center. "
9/16/2024 23:17:39,Harrison Chang,,He/Him/His,Harrison.Chang@tufts.edu,2025,No,"I’ve always enjoyed participating in community events or fundraisers, and it feels good to give back to my hometown, but my interest in CS never really aligned with any volunteer opportunities I found. I haven’t seen an opportunity to use my Python skills or my familiarity with HTML to do social work before JumboCode, so I’m really interested in getting on board with it. It seems like a good opportunity to better connect with like minded people in the Tufts community, give back to the town that's been hosting my college education, and practice my CS skills. It would also be good for my resume lol.","- Volunteered as part of a micro finance NGO in Senegal, working to help local business owners (farmers, restaurants, women-owned shops, etc.) gain access to loans and better credit systems
- Worked as a math tutor for elementary and middle school students, focusing on algebra and triganometry
- Worked as part of a cleanup group picking up and disposing of waste in public areas around the Brookline area (parks, beaches, reservations, lakes)
- Sang in a choir that frequently performed for religious events or other happenings at local churches",Yes,Yes,"Monday: Before 2pm
Tuesday: Before 11:30am & After 2pm
Wednesday: Before 2pm
Thursday Before 11:30am & After 4:30pm
Friday: All day
Saturday: All day
Sunday: All day","CS 11: Intro to Computer Science, CS 15: Data Structures, CS 20: Web Programming, CS 40: Machine Structures and Programming, CS 121: Software Engineering, CS 160: Algorithms, CS 23: Game Design, CS 61: Discrete Math","C/C++, HTML/CSS, Git/GitHub, Python, Java, C#, Unity",I took a few game design classes in elementary school,"At a class here at Tufts, I was tasked with making a full game to release online for anyone to play. We were given instructions on how to use basic Unity features and tutorials on C# scripting, but outside of that and office hours we were mostly left to our own devices. I basically had to juggle coming up with the concept for a new game, learning how to use a new game editor, learning a new programming language, being the project manager, and staying on top of the rest of my school work as well. Frankly, I’m not sure how I managed to pull it off, but the game was fully released with a trailer on YouTube a few months ago. My team definitely came in clutch for me too; they helped handle most of the art assets and picked up lots of slack in the coding department. Making and playing games is something I really love, and I’m really happy I got the opportunity to do so at Tufts. I’d love to work on something like that again.",https://onelines.itch.io/oneline,11,9,5,3,2,6,1,4,7,10,8,12,"Ever since I came out as bisexual and started gathering the courage to embrace my sexuality, I’ve always been really interested in supporting LGBTQ+ initiatives. Even just being LGBTQ+ and understanding that part of yourself can be really difficult, and I’m more than eager to help lighten the load however I can. My parents also both were forced to leave China at one point for certain unfortunate reasons, so I feel sort of connected to other groups in China that were/are being exiled or persecuted, like Uyghurs. I feel like both of these initiatives hit close to home for me, so I’d really love the opportunity to help here.",N/A,N/A,No
9/16/2024 23:25:48,Zoya Amrit ,,she/her,tanvi.amrit@tufts.edu,2026,Yes,"I'm interested in joining JumboCode because I want to work on a concrete project that has real-world value. While I have done some independent projects, they've been very abstract. I want to apply what I've learnt in a relevant context and collaborate with people of different experiences to see what we can come up with together. ","I've worked as a RA on campus for a year and recently started working as a TA for 105. As an RA, I've had many responsibilities relating to community engagement. I enjoy working with the community and believe that active communication is critical in building engagement. I haven't recently worked with non-profits but did so regularly in high school and really enjoyed it. I think this would be a great opportunity to get back into social activism.",Yes,Yes,"Thursday 4-6, Friday Evenings","CS 11: Intro to Computer Science, CS 15: Data Structures, CS 40: Machine Structures and Programming, CS 105: Programming Languages, CS 160: Algorithms, CS 170: Computation Theory","C/C++, HTML/CSS, Git/GitHub, Python, Processing, learning html/css ",My first introduction was CS11,"I'm really proud of a project I worked on over the summer, which was an exploration of the Processing software. I developed an art concept around showcasing human relationships through a network of circles and lines and then began developing with the code. I played around with many features of the code - audio, interactions, elapsing time etc. It was challenging to learn something from scratch, especially when I was trying to experiment with it but I really enjoyed it.  ",https://github.com/zoyaamrit,2,1,9,4,10,11,6,3,5,8,7,12,"I'm most interested to work in the Village Hub Food project, the aims of the project are really interesting and I think implementing some kind of web-based database/tracking system is interesting. Such a network would be really helpful to anyone and I think the ""pantry inventory' is a really fascinating idea. I think the West Medford Community Center is also really interesting and I the the newsletter creation/publication process build up is engaging and I've worked with similar interfaces below. ",- ,- ,No
9/16/2024 23:42:54,Andrea Cabochan,,she/her,andrea_lorraine.cabochan@tufts.edu,2027,Yes,"I’m excited to join JumboCode because it offers the perfect blend of community engagement and technical growth. Being part of a group that’s focused on using technology for social good deeply resonates with my passion for making a tangible impact. I’m eager to connect with like-minded individuals who are equally driven to create solutions that benefit others, and I see JumboCode as a place where I can contribute to projects that truly make a difference.
I’m particularly interested in web development and full-stack development, and I’m looking forward to applying my current skills to meaningful causes that help real people. At the same time, I’m excited to expand my knowledge, learn from the talented peers around me, and work on projects that challenge me to grow. For me, JumboCode isn’t just about coding—it's about collaboration, making lasting contributions, and growing together as a team.","I have a diverse range of experience in volunteering, community engagement, and working with non-profits. I volunteered with Knowsnack, a startup focused on creating digital flashcards for children, where I collaborated with a team to redesign their website and integrate a payment gateway. I also developed a WhatsApp chatbot for managing flashcard attributes and conducted user and competitor research to guide design decisions. My role involved creating pseudocode for front-end implementation using HTML, CSS, and JavaScript. Additionally, as a Teaching Assistant at Tufts University, I assisted in C++ data structures labs, graded assignments, and provided weekly office hours to support students in debugging their code. I also volunteered as a video editor and graphics producer for my local TV station, where I worked with non-profit organizations to create videos and support their causes. ",Yes,Yes,"Mondays after 5, Tuesdays 2-4:30, Wednesdays after 5, Fridays after 6, all of Saturdays","CS 11: Intro to Computer Science, CS 15: Data Structures, Web Art","C/C++, HTML/CSS, JavaScript/TypeScript, React, Git/GitHub, Python","My first introduction to computer science was through my senior thesis project, where I built a pixel platformer game using Java. This project was a unique opportunity to incorporate Filipino culture into the gaming space. I spearheaded the development of core game mechanics, such as monster AI, movement, attacks, and tile implementation. I also faced and overcame several challenges, including optimizing game performance and balancing gameplay elements to create an engaging experience.","One project that really excited me was an interactive art installation I developed called By The Car Window. The goal of the project was to create an immersive experience where users could interact with a digital environment through hand gestures. I led the entire development process, utilizing TouchDesigner, Python, and UltraLeap technology to bring it to life.

The core of the installation involved using Leap Motion sensors to track users' hand movements. I designed a motion-tracking system that captured these gestures in real-time, allowing users to interact with an illustrated car window environment. As users moved their hands, they could manipulate objects outside the car window—such as changing the weather or adjusting the landscape—creating a dynamic, personalized experience.

One of the major challenges was ensuring precise hand-tracking and smooth interaction. Leap Motion sensors can be sensitive, and I had to fine-tune the system to avoid lag and ensure that every gesture translated accurately on the screen. Additionally, I had to balance the aesthetic aspects with the technical demands, making sure that the visuals and interactions felt natural and engaging while maintaining performance.

Ultimately, this project was a rewarding challenge because it merged art, technology, and interaction in a way that captivated users and pushed me to refine my skills in both creative coding and interactive design.",https://github.com/acabochan,12,8,7,5,10,2,1,11,3,6,4,9,"The LGBTQ Senior Housing project resonates with me because it addresses the unique economic and social challenges faced by LGBTQ seniors, many of whom have led the fight for LGBTQ rights. The progress made—whether legalizing same-sex marriage or securing workplace protections—rests on the shoulders of these elders. I feel a responsibility to honor their contributions by ensuring they have access to safe, affordable housing. LGBTQ seniors often face discrimination, isolation, and lack of family support, making welcoming and inclusive housing vital. What excites me about this project isn't just about providing housing but also creating a space for connection and community building.

The New England Innocence Project (NEIP) also stands out. Their work in correcting wrongful convictions addresses systemic issues in the criminal justice system that disproportionately affects marginalized groups. Wrongful arrests often stem from racial bias, socioeconomic inequality, and inadequate legal representation. NEIP’s work to exonerate individuals requires immense data, coordination, and time. I believe technology has the power to be a step in solving these social issues, and building an exoneree database that streamlines client management for the NEIP could make a huge difference in their advocacy work.

The English at Large project draws me in due to its focus on helping immigrants improve their English skills. As someone from a Filipino immigrant household, I’ve seen how challenging it can be to learn a second language, especially when it’s essential for navigating everyday life, from securing employment to simply feeling a sense of belonging in a new country. My family’s experience has shown me how language barriers can create feelings of isolation. That’s why I’m passionate about initiatives like this, which aim to reduce those barriers and open up new opportunities for immigrants. Helping to build a system that supports this mission resonates with me on a personal level.

Overall I would be extremely appreciative to join any of these initiatives or projects. I am deeply passionate about social work and hope to be a part of supporting a community in any way I can. I would be extremely appreciative to join any project and hope I can contribute my skills effectively. ",,,
9/17/2024 0:45:01,Jasmine Kim ,,she/her,jasmine.kim@tufts.edu,2027,Yes,"I want to collaborate with other developers and designers to create UIUX projects. In a positive environment, I would able to improve as a designer and learn so much from people I would be able to connect with. ","I tutored an Afghanistan refugee remotely by developing learning materials to help improve his English and help him receive a better education on various subjects. Also, as a Project Manger at the Giving Hands club, I knitted hats in collaboration with Random Acts of Kindness and Community Service Club to deliver them to the Women and Children’s Home, made charm bracelets for donations; sewed bags for Anna’s House and pillow cases for Ryan’s Case for Smiles!, a volunteer organization that helps families undergoing hospital treatment, and made handcrafted goods for pediatric patients at Children’s Hospital in Salt Lake City. As a part of the Museum book translation team, I translated Korean books about comfort women into English in collaboration with Museum of War and Women’s Human Rights. In the Green Club, as a Secretary and Public Relations Leader, I created educational infographics about the nature and environment, deepened knowledge of the student community about environmental issues, and organized campaigns to raise awareness of environmental issues. As a member of the WWF club, I organized petitions to help preserve wildlife, made infographics, invited guest speakers, and led schoolwide campaigns to promote environment friendly lifestyles, and identified images of walruses and provided data to researchers to use them towards supporting an eco-friendly environment. Lastly, as a communications leader at Friends Without Borders, I organized campaigns and fundraising events to help refugees and foreigners to settle down in Korea, created a logo for the organization, and developed and designed Friends without Borders website to streamline fundraising. ",Yes,Yes,I would be available almost all the time at night when I do not have classes or any other responsibilities ,,Figma,"I am not too skilled in CS, but I can make UIUX designs","I am currently working on a project with other designers and developers for an app about improving trave; experience. I also worked independently to construct and design an app for fashion as well as redesign an existing app. It was challenging at first to benchmark different apps and pitch unique ideas that hasn't been done already but through practice, I gained experience in building apps. I have experience in Figma and other tools for UIUX design as well as graphic design. ",,2,3,4,1,10,9,11,6,12,5,7,8,"As an SMFA, I would love to work in an artistic environment, but I am also greatly passionate about education, human rights, etc. ",,,No
9/17/2024 1:08:19,Fahim Rashid,,he/him,fahimrashid790@gmail.com,2027,Yes,"     As a first-generation, low-income Bengali student, I haven’t had a lot of opportunities to enrich my experience in computer science due to limited access to programs to do so. Now that I am in college, I am excited about opportunities like Jumbo Code to further enrich my skills while helping my community in the process. Jumbo Code was introduced to me through my peer mentors in my pre-orientation BEAST, and I immediately fell in love with the idea of collaborating with students at Tufts to create an application that benefits local businesses and companies.

     Through Jumbo Code, I would like to develop my CS skills further, and my ability to communicate effectively with a team of developers, designers, and client. I also explore and learn different frameworks and software such as React, and Node to expand my toolbox. Further developing my interpersonal skills, I would like to meet more like-minded people I can be friends with, and eventually collaborate with in the future to create more amazing projects to help other communities and companies in need. 
","     I have volunteered at a couple of organizations while I was in high school. I used to go to the YMCA very often to play basketball, or workout with my friends, and during my time there I met a lot of locals that also went there often. After talking with the employees, whom I chatted with more over time, I was told that the YMCA often had trouble managing hordes of people on Sundays when they did food banking. My Sundays were usually free so I decided to help out, and I was usually in charge or directing and guiding people to their respective locations to pick up bags of food in the most effective way possible. 

     I also volunteered for an organization known as KEPPO Dreams where we volunteered and tutored elementary school children in English and Math. I was able to work with children and found a fun way to make learning fun for them, which was by incorporating a lot of jokes and talking to them about their interests.
",Yes,Yes,I am free usually after 6PM every day,CS 11: Intro to Computer Science,"C/C++, HTML/CSS, JavaScript/TypeScript, React, Git/GitHub","My first experience with computer science was in my 8th-grade computer class. Throughout the class, we mainly focused on how we can type the fastest but eventually delved into basic web development which we learned through Code.Org. We learned HTML, CSS, and a little bit of Javascript at the time. The website used blocks to let us code our websites, but there was a functionality to turn off the blocks so we could write the code ourselves. I wanted to challenge myself so I did that, and found that I had a general understanding of the syntax, and began to continue teaching myself how to code. I fell in love with coding. Being able to create and see results of your hard labor is extremely inspiring and only keeps me driven to keep learning CS. ","     A year ago I was introduced to a program called Tech Flex Leaders by my cousin who was previously in this program. This program taught HTML, CSS, and Javascript, and then assigned you to groups of 4 to create a website for a mock client. My team only had 3 people because one of the members didn’t contribute to the project at all, so my team and I were forced to take on more responsibility. We were assigned to make a cookbook recipe app, where if you put in 3 ingredients the program will spit out 4 recipes that you can use and replicate in the real world. I was in charge of the Javascript, while my other team members split the HTML and CSS. Taking on the Javacsript alone was daunting, and I came across a lot of issues during it. One of the most prominent issues was figuring out how to make the program give out 4 recipes when the API only taught how to give 1. This process involved a lot of W3 schools and a lot of dead ends, however eventually I realized the solution was staring at me in the face. I had to add another input to the function that was I, so each recipe was assigned to that value of I, and then I was able to spit out a recipe for that. My team put a lot of hard work into that website, and it eventually paid off in the end resulting in us doing well during our presentations to the other students.
",https://final-project-spring-2023.darrylde.repl.co,5,10,7,9,1,4,8,6,2,3,11,12,"1. Im very passionate about this project because I am also a muslim person and knowing that the Uyghur people can easily have a more accessible education from work that I can work on really speaks to me. I am really enjoyed hearing from the PM's as they all seemed like amazing people to work with! 2. I also really liked the idea of English at Large because my entire family are immigrants and they have struggled to learn English at common community college classes so an application to help through small group instruction would be beneficial to both them and the Boston community. 
3.Bread and Roses is also a project that I am passionate about working on because there is a lot of food insecurity in my neighborhood in los Angeles so making an application to tackle that would be beneficial for both residents in Boston and in cities. 
4.New England Innocence Project: I was interested in learning about this project from the presenters because this isn't a issue that Is common from where I am from but the idea of helping these innocent people and prevent future wrongful convictions would be something I am very interested in!
5. The West Medford Community Center is something I am interested in as well because I liked the idea of bringing people together through newsletter and publications.
The rest of them I ranked based on personal interest!",No!,Not at the moment!,Yes! I worked in the Lantern Club with my PM's being Sristi and Thomas.
9/17/2024 12:32:10,Joao Victor Quintanilha,,He/His,joao.quintanilha@tufts.edu,Masters Student (Tufts undergrad),Yes,"As a fifth-year student at Tufts, I’ve always wanted to participate in JumboCode but never found the time. Now, I’m excited about the opportunity to finally engage in one of the projects and connect with more people in the CS community. Being part of JumboCode would allow me to check off a long-standing goal, while expanding my network and contributing to meaningful projects.

Another key reason I want to join is to diversify my resume. In past job interviews, I’ve often been asked about my ability to work in teams and contribute to the success of group efforts. JumboCode presents a great chance to strengthen these skills by collaborating on real-world coding projects. I’m eager to refine my teamwork abilities and contribute to impactful, collective work.

Lastly, I have a solid background in web development, including experience with JavaScript, HTML, CSS, and hosting methods for application deployment. As a TA for CS-20, I’ve built on this knowledge and I’m now looking to apply it in a practical setting. By joining JumboCode, I hope to deepen my understanding of frameworks like React.js and Next.js, and gain exposure to a broader tech stack. This experience will not only help me solve real-world problems through technological innovation but also shape the next steps in my career.","Since my freshman year at Tufts, I’ve been actively involved in volunteering. I coordinated a national project in Brazil (BRASA-Pre) to mentor 100 students—80% of whom were from public schools—to prepare for American college applications.

At Tufts, I engaged with the Tisch Scholar program, the university’s highest civic honor program, for three years. Through this program, I took courses in the Civic College and volunteered at the Cambridge Health Alliance in their Public Health department, where I provided IT support and assisted in the allocation of half a million dollars to NGOs during the COVID-19 pandemic.

Additionally, I volunteered as a web developer for Professor Lisa Diorio, helping build a website for the Tufts Human Factors & Ergonomics Society. Though this eventually became paid work, it began with my desire to gain experience and contribute to a meaningful project.

Last summer, I utilized the Tufts Career Grant to teach robotics and project innovation to children in Brazil, preparing them for the FIRST LEGO League (FLL) competitions, which focus on building autonomous robots using LEGO. I’ve also volunteered as a judge for FLL regional tournaments in Brazil.

",Yes,Yes,"Monday: 4-8pm
Tuesday: 4-8pm
Wednesday: 4-8pm
Friday: 8am-6pm
Saturday: 8am-6pm","CS 11: Intro to Computer Science, CS 15: Data Structures, CS 20: Web Programming, CS 40: Machine Structures and Programming, CS 105: Programming Languages, CS 160: Algorithms, CS 170: Computation Theory","C/C++, HTML/CSS, JavaScript/TypeScript, React, Git/GitHub, SQL, Python",FIRST Lego League Robotics in high school,"One project I’m particularly proud of is building the website for the Tufts Human Factors & Engineering Psychology Society. I was invited to work on this by Professor Lisa Diorio, who reached out to me after I performed well in her Web Programming class. This opportunity allowed me to apply my web development skills in a practical setting while learning new concepts along the way.

The project was a great way to keep my web programming knowledge fresh, and I learned the importance of creating user-friendly interfaces. For example, the site needed to be easily maintained by non-technical users, so we opted to use WordPress as the content management system—something I initially didn’t see as a priority but later recognized as essential for long-term maintenance.

One of the biggest takeaways from this experience was the importance of client feedback and communication. Regular check-ins with the clients helped reduce unnecessary revisions and ensured we were aligned on the goals of the project. Additionally, I learned the value of maintaining consistency in design, especially when working in teams. Following the same CSS guidelines for colors, fonts, and spacing minimized confusion and made collaboration smoother.

This project challenged me to think beyond just writing code and focus on user experience, client needs, and effective teamwork—lessons that will undoubtedly help me in future real-world projects.",https://fifth-island.github.io/fifth-island-portfolio/,1,2,5,4,11,7,3,6,10,9,8,12,"West Medford Community Center (First Choice)

I am particularly drawn to the West Medford Community Center project because of the opportunity to build a user-friendly web app that simplifies newsletter creation and management. Improving user experience (UX) is a skill I want to further develop, and this project provides an excellent platform to design applications that are accessible, intuitive, and useful for users with varying technical abilities. Additionally, the tech stack for this project is exciting. I have a strong interest in CSS and have been eager to explore TailwindCSS as a way to enhance my frontend design capabilities. This project will also give me the opportunity to further my experience with Prisma, which I’ve worked with in the past year.

Moreover, I’m currently enrolled in a Big Data course, where I’m increasing my knowledge of Amazon Web Services (AWS). This project’s use of AWS aligns with my academic focus and will help me build a stronger foundation in cloud services. Overall, this project combines several of my interests, from UX to cutting-edge technologies, making it my top choice.

Village Hub Food (Second Choice)

I am also highly interested in the Village Hub Food project. The mission of increasing food access and promoting sustainability resonates deeply with me, as I have experience in this area from my time volunteering with the Cambridge Health Alliance. During that time, I helped maintain the Somerville Food Coalition’s website and track food access, which helped me realize the value of using tech for social good. Although I didn’t build a web app then, this project offers me the chance to apply my skills in a meaningful way.

The tech stack is another aspect that excites me, as it shares similarities with the West Medford project, including the use of TailwindCSS and Prisma. Additionally, building a system to track food pantry inventory and demographics would allow me to use my skills to support a cause I’m passionate about, while gaining valuable experience in web development.",,,No
9/17/2024 14:23:16,Keiji Numata,,He/Him,keiji.numata@tufts.edu,2026,No,"I want to join JumboCode because I want to experience what it has to offer, specifically making a significant impact on people through my project. I hope to gain more experience coding in a group environment, guidance/mentorship in anything computer science related, and to make good connections with other developers/designers.","I have volunteering experience in the past, helping out with food drives and local community events.",Yes,Studying remotely,"I am free all of Saturday most of the day Sunday, and all weekdays past 6pm.","CS 11: Intro to Computer Science, CS 15: Data Structures, CS 20: Web Programming, CS 40: Machine Structures and Programming","C/C++, HTML/CSS, JavaScript/TypeScript, React, Git/GitHub, SQL, Node.js/Express, Python",CS 11!,"For the past year, I have been working on a project called Freebites, in collaboration with other developers, where we are creating a mobile app that can alert students of free food opportunities around campus! (We're releasing that app soon so you should totally download it :))

We built it using React with Expo, MongoDB and firebase for the backend and typescript. We also had designers using figma to come up and share the design with us. 

Starting off, I faced the challenge of being completely unfamiliar with the coding environment. Things like Github, typescript, the fullstack structure -- everything was new to me.  Through help from other members on the team ",https://github.com/keiji-numata,4,7,6,5,3,12,9,10,1,2,11,8,"I am most interested in joining the English at Large project as the project has a personal connection with me because my parents are immigrants that struggled to get comfortable with American culture along with speaking English.

I am also interested in Bread & Roses and Dillar Academy because it closely aligns with my interest of helping out a community with my project.",No,Nope! Thank you!,No
9/17/2024 15:19:14,Rindha Reddy,,she/her,rindha.reddy@tufts.edu,2027,Yes,"I did JumboCode last year as a developer for HomeStart. I had a great experience working with that team and creating our web-app, so I'm really interested in being able to do it again and contribute to a different project. Last year, I contributed to the project mostly on the front-end side, but this year I was hoping to help with the back-end side more so I can learn and gain experience in both. Also, I really like the club as a whole, so I'm interested in joining Jumbocode as a Project Manager in the future and maybe applying for the Board my junior and/or senior year. I would love to get the chance to be a part of this club again because I think it's great that we are able to contribute to real projects and help our communities. It's very rare to get an opportunity to do that.","In high school, I was the treasurer for my school's National Honor Society chapter. During the 2 years that I was treasurer, we raised money for our local Food Pantry and UNICEF. Also, we hosted a blood drive, and organized community cleaning events. That was a really fun experience, and I got to lead efforts to help the community and raise money. 

In addition, I created a website to raise money for underprivileged girls in India to get an education at manufacturing schools, and have the resources and help to get a job in manufacturing after that. 

Finally, I did participate in FOCUS Pre-Orientation last year, so during that time I painted the walls of an elementary school, volunteered at Cradles to Crayons, and helped with a community art non-profit. Also, as I said above, I was a part of JumboCode last year, so I contributed to the developed of the HomeStart Web-app.",Yes,Yes,"I'm available anytime after 4:30pm on every weekday except for Tuesday, and I have pretty flexible availability on weekends.",CS 11: Intro to Computer Science,"C/C++, HTML/CSS, JavaScript/TypeScript, React, Git/GitHub, Node.js/Express, Python","My first introduction to computer science was a Girls Who Code camp in 9th grade. In that camp, we made personal and group projects, such as making a personal website and designing a buzzfeed-style quiz. I really enjoyed that, so I continued joining classes and camps that taught me more languages and skills.","One project I've worked on that I'm really proud of was a Machine Learning Project I made in high school. I joined AI Camp, where I worked with a team of 3 other students from around the country and a mentor. This was a year-long experience, and by the end, we had designed a functional Machine Learning Project. Our project could take in any picture, and identify if the people in the picture were facing towards or away from the camera, and it would draw a box around their face to identify them. It felt great to see the project come together, because machine learning is a long process with many steps. We collected data, labeled the data, and programmed the models. There were many challenges during this process because none of us had any prior experience in machine learning. However, through many trials and error, we continued to make little edits to fix the program until it worked. I also had to do side research in addition to the mentor's teaching to completely learn the models, and implement fixes to the program. This project is what got me interested in AI.",,4,1,12,11,2,6,8,5,10,7,3,9,I would be happy with any of my top 5.,None,,"Yes, I was a part of JumboCode before. Last year, I was a developer for HomeStart, and I had a great experience with that team."
9/17/2024 17:24:41,Martyna Romanowski,,she her,mroman10@tufts.edu,2028,Yes,"I have always enjoyed coding and spent three years studying Pre-IB/IB computer science in high school alongside coding camps, specifically ones that promoted breaking the gender gap in tech. I love JumboCode's goal and am glad to see coding being used for social good. I studied using AI for social good so it's definitely a mission I want to continue building on. In addition, I mainly know Python and Java; all of the tech stacks have languages/IDEs/libraries/etc that I have never used and I would love to learn about them in a fun, supportive manner. Furthermore, I am currently between majors in the SoE. I would love to explore all my prospective fields during my first semester, before declaring a major, and I feel like this club is the ideal place for me to continue exploring computer science. ","My main volunteering experience has been the Embody Love Club, the body positivity club I led for all four years of high school, alongside my co-leaders. We raised over $1,000 for a NEDA Walk-a-Thon, sent holiday cards/bracelets to three Monte Nido locations, and organized many holiday-oriented fundraisers for donations, along with, of course, weekly meetings. We also created a curriculum about eating disorders with the help of professionals and taught it to the underclassmen. Moreover, I launched a Girls Who Code chapter at my high school. We taught Java and fundraised to supply and teach Raspberry Pis to members. I was also a member of the peer tutoring club and Save the Children branch. ",Yes,Yes,"Tuesday (11am-3pm), Friday (7pm-11pm), Saturdays, Sundays, Wednesday (12pm-5pm), Monday (8pm-11pm; would not prefer Mondays)",,"HTML/CSS, Swift, Git/GitHub, Python",I took Pre-IB CS during my sophomore year and IB CS HL during my junior and senior years. I was also part of coding programs during the summer (Kode with Klossy).,"My IB CS HL IA (internal assessment; essentially a final project) was probably the biggest project I've worked on. I used Python and VSCode for my IDE and built three academic games. The first one was a math asteroid shooter game where players had to shoot asteroids at the correct answer given a problem. The second game was a CS trivia game and the final one was a typing/spelling game. This project required a ton of documentation which was helpful in building it (visuals I made on LucidChart for the UI/UX, flowcharts, UML diagrams, etc). I struggled with connecting the three games on one platform so I stuck with three separate platforms, but I would love to figure out how to organize them in one cohesive place.",https://github.com/martynaromanowski,9,6,8,1,7,3,12,11,5,4,2,10,"I would love to join the Somerville Museum team because I love fashion; I think it combines many of my interests and the tech stack is fairly unfamiliar to me so I will learn a lot! My second choice is A2Empowerment because I spent a lot of time in peer tutoring and working at Kumon so I resonate with the mission. Finally, I am also interested in the New England Innocence Project because I am passionate about their mission; I learned SQL briefly at a coding camp and have never learned Node.js so I am excited to explore those more!",Nope!,,No
9/17/2024 18:51:23,John Puka,,He/Him,john.puka@tufts.edu,2026,No,"Over the past three years, my college experience has transformed my relationship with coding making me more fond of the discipline, especially since I had little exposure to it before coming to Tufts. Now that I have a more developed foundation than three years ago, I want to join JumboCode to continue nurturing my passion and explore the meaningful impact coding can have on nonprofit organizations and beyond. JumboCode offers me the invaluable experience of working on real-world projects while connecting with like-minded individuals who can help me grow. I’ve faced countless challenges, frustrations, and self doubt in my coding ability, but my journey with coding has also taught me patience, perseverance, and how to overcome failures. Furthermore, those moments have elevated my ability to tackle coding problems at a level than I initially thought possible. I’ve come to realize that the process of taking a project from concept to completion brings me immense satisfaction, and I’m excited for the opportunity to further test and develop my skills with JumboCode. Achieving quality working code is what makes the journey worthwhile, and it drives my hunger to grow as a developer and expand my toolkit. Joining JumboCode would also allow me to contribute to the community in a meaningful way and knowing that our work could have the chance of impacting organizations in a positive manner is incredibly exciting and rewarding. ","Last semester, I took a class called “Computing for Developing Regions,” which gave me the opportunity to work on research projects focused on addressing the needs of underserved communities. My project, a web application called Find-A-Friend, aimed to connect isolated and needy individuals in South Asia (specifically India, Pakistan, Bangladesh) who had access to WhatsApp, the region's most popular messaging platform. I worked mainly on the front-end interface and leveraged a custom WhatsApp chatbot and AI to match people based on shared interests and conversation patterns. While the project initially targeted low-income users, it became clear that it could also serve a broader audience. However, the experience challenged me to account for the specific limitations faced by low-income individuals, such as limited internet speed, technology costs, ease of use, and cultural factors like gender roles, which significantly shape how technology is used in countries like Pakistan (in class, we learned that men in Pakistan hold more power than women and as a consequence, technology is more widely used in the male gender). In addition to this experience, I recently joined the Tufts Theta Chi Philanthropy Committee and will be participating in initiatives such as the Tufts Day of Service, the Breast Cancer Walk, and fundraising activities like Waffle Sales, where all proceeds go to the Harvard Square Homeless Shelter. I also have experience working with the YMCA of Metropolitan Los Angeles as a summer camp counselor, where I chaperoned and mentored kids of various ages.",Yes,Yes,I am flexible this semester and will be available weekly. I'm only taking three courses for this fall with the intention of devoting a good amount of my time to clubs I'm involved with and other extracurricular activities.,"CS 11: Intro to Computer Science, CS 15: Data Structures","C/C++, HTML/CSS, JavaScript/TypeScript, React, Git/GitHub, Python, MongoDB, Tailwind (basic knowledge), Figma",CS11,"One personal project that excited me this summer was building my own website. The project went through several iterations and, while it’s not yet accessible online, it has been a valuable learning experience. Initially, I used HTML, CSS, and JavaScript to build the basic structure and functionality. I also used Figma to design the layout, which helped me visualize the user interface. Once I gained a foundational understanding, I transitioned to using React for its component-based architecture, and Tailwind CSS to streamline styling. The main goal of this project was to expose myself to different web development tools and languages, learning as much as I could along the way. Although my website is still in production and hasn't been hosted yet, the process has been both challenging and rewarding. Two key obstacles I’m currently facing are: 1) mastering the learning curve of Tailwind CSS to implement a more dynamic and responsive design, and 2) navigating the process of purchasing, registering, and efficiently using web hosting for my domain, as I plan to maintain the site long-term. My vision for the site is to create a sleek, modern, and highly interactive experience, similar to the personal websites of experienced developers I admire. While I recognize that achieving that level of polish requires a deep technical understanding, I’m eager to continue improving my skills and overcoming these challenges as I move forward.",https://github.com/jpuka01,8,2,12,5,1,11,6,7,9,3,4,10,"All the projects show great potential in terms of my interest for working with web applications, as well as more database driven projects. However I lean towards more on web-app based projects as the front-end programming languages mentioned in the GIM is what I feel most comfortable working with, but I also back-down on more back-end oriented projects as well if need be.",n/a,Just excited to hear back!,N/A
9/17/2024 19:21:02,Fouad Sayegh,,He/Him,fouad.sayegh@tufts.edu,2027,No,"I am enthusiastic about joining JumboCode as it presents an ideal opportunity to merge my passion for technology with a profound commitment to effecting positive change in the nonprofit sector. I am eager to collaborate with a diverse team of developers, designers, and project managers to create innovative, pro-bono web and mobile applications that directly serve communities in need. I aim to improve my technical skills, augment my comprehension of project management, and confront the practical issues encountered by organizations. This journey will facilitate my personal and professional development while effecting a meaningful impact in the world.","During my time back home, I had the opportunity to volunteer to support the less fortunate, focusing on those who were deprived of essential resources like food and shelter. I engaged in community outreach initiatives, assisting in the distribution of meals, clothing, and essential goods to individuals and families in need. The experience was profoundly humbling, enabling me to engage with vulnerable communities by providing both practical aid and emotional support to individuals enduring considerable problems. This experience reinforced my dedication to contributing and positively influencing the lives of others. In a collaborative setting with a diverse team of developers, designers, and project managers, I am eager to contribute to the creation of creative, pro-bono web and mobile applications that directly serve communities in need. Furthermore, I aspire to refine my technological competencies, augment my comprehension of project management, and confront the tangible issues encountered by charities. This journey will facilitate my personal and professional development while effecting a significant impact on the world.",Yes,Yes,I am available.,CS 11: Intro to Computer Science,"C/C++, HTML/CSS, Git/GitHub, Python","My first project involved creating a game for new students who experience a lack of belonging in middle school. This game resembles Akinator; however, instead of the genie posing questions to guess a celebrity, the genie asks questions about my friends to determine if the new student would connect with any of them, thereby facilitating new friendships and interactions.","The project that I completed when I was in high school is one that I am quite proud of. It was making gas detectors available and affordable to everyone at a price that was affordable. In addition to teaching me a great deal about hardware and software, it featured the internet of things, which is a feature that is still new and upcoming.",,9,3,8,2,5,7,12,6,4,10,11,1,"I chose ""Tufts University Counsel (PM: Rebecca, TL: Sachin)"" as my first choice due of my interest in the intersection of legal compliance and healthcare, particularly about openness in pharmaceutical endorsements. By assisting with the development of a web application that enhances the analysis of disclosures, I may contribute to the promotion of ethical practices while deepening my comprehension of legal and medical rules in an academic context. I have experience with initiatives back home, where I facilitated the organization and tracking of compliance for healthcare professionals, assuring openness and conformity to ethical and legal standards.","No, thank you!","No, thank you!","No, I have not."
9/17/2024 21:35:19,Arietta M. Goshtasby,,she/her,agosht01@tufts.edu,2028,Yes,"I stumbled upon freelance web design in an attempt to teach myself HTML and CSS in high school. In order to practice what I had learned, I reached out to struggling local businesses asking if I could redesign their websites; before long, this became one of my main extracurriculars. Although this work was extremely rewarding, I lacked a mentor and the backing of a team in order to scale the project to non-static content. What stood out to me about JumboCode was the robust support and opportunities that it provides for students like myself to build impactful web solutions. Since I did not have access to mentorship in my freelance position, I really appreciate that each team offers a formal structure with upperclassmen PM, TL, and Designers who supervise each project. For this reason, I also plan to be very active in the JumboCode community through participating in technical workshops, trainings, and any other networking opportunities.","PRESIDENT AND FOUNDER, Sage Hill Coders OCTOBER 2020 TO JUNE 2024
Ran events and weekly meetings | Developed and implemented coding projects for school clubs and other members of the community | Competed in team hackathons | Created website | Managed Instagram

CODING TEACHER, Sage Hill School SUMMER 2022, 2023, 2024
In charge of annual coding camps | Curates and teaches stimulating courses in website development and artificial intelligence | Only student teacher | Privately tutors custom curriculums year-round

FREELANCE WEB DESIGNER AND SOCIAL MEDIA MANAGER,
JUNE 2021 TO PRESENT
Designs and updates websites | Shares engaging content on Facebook and Instagram, increasing number of followers by 200% on average | Works with small local businesses in Southern California

HEAD OF WEBSITE DEVELOPMENT AND TEACHER’S ASSISTANT, Sage Prosthetics
AUGUST 2022 TO JUNE 2024
Handled all updates to our website | Mentored younger students on website management | Supervised student projects, primarily including free, custom hand prosthetics for children

C.E.O. AND FOUNDER, Super Pengoo Studios JUNE 2021 TO PRESENT
Published Therabot! (mental health journaling app) on Apple and Android App Stores | Distributed Therabot! for use in clinical trials and formal therapy sessions | Designed website

TAEKWONDO INSTRUCTOR, Victory Taekwondo JULY 2021 TO PRESENT
Leads classes multiple times per week (when I'm back home!) | Supervises community events | Mentors young students | 3rd degree black belt

STUDENT LEADER, Sage Advocates of Multicultural Education [SAME]
MAY 2021 TO JUNE 2024
Lead weekly inclusivity efforts on campus | Presented yearly at Sage Hill’s Multicultural Symposium | Attended SDLC in 2020 as the first freshman nominee and Impact: Creating Youth Advocates in 2021",Yes,Yes,"I am available Monday-Wednesday after 10:30 am, Tuesday-Thursday after 4:30 pm, and Friday-Sunday all day -- with a few exceptions. Monday, I have a lab from 7-9:30, and Wednesday, I have a recitation from 3-3:50 and a lab from 6-8.","CS 11: Intro to Computer Science, ES 4","C/C++, HTML/CSS, JavaScript/TypeScript, Swift, Git/GitHub, Python, Java + JavaFX, Gluon Mobile, Swift, Unity, and C#","I took an ""Hour of Code"" workshop in 7th grade and immediately began weekly coding lessons with my grandfather, a computer science professor, that lasted until my senior year of high school and reached the graduate level.","I believe in mental health awareness, specifically destigmatizing self-care such as psychotherapy, journaling, and meditation. During the pandemic, I was startled by the lack of access and recognition for mental health resources. Mental health struggles are real, and, contrary to public belief, they affect everyone. 

To address this issue, I developed a journaling program, Therabot, using Java and JavaFX. Beyond offering custom journaling prompts, Therabot stores the mood score, or self-reported mood change, from each journaling session in an encrypted, local file and reports insights from that statistic using an artificial intelligence-based algorithm. Therabot received first place in the Orange County Science and Engineering Fair, but I knew that its potential extended further. I immediately contacted my school’s administration to orchestrate mass test trials at my school. With overwhelmingly positive feedback, most testers improved their mood score but noted that the software would be more convenient on their phones. Thus, it was very important that I created Therabot!, the mobile application; however, this process did not come without challenges.

The biggest hurdle I climbed was adapting Therabot! for both Apple and Android, who maintain separate requirements. Java, JavaFX, GitHub, CSS, XML, Gluon Mobile, NetBeans, 
Eclipse, Ubuntu, Terminal, and Swift, most of which I was unfamiliar with prior to pursuing this project, made this mobile diversity possible. Without a mentor to help me learn these languages, I utilized YouTube along with public forums during the learning process. Initially, I had difficulty, but as my expertise grew, so did my patience. I am proud of myself for persevering because I was able to implement all the features I had hoped to include.

With accessibility at the forefront of this transition, the app is available for free and independent of Wi-Fi. Therabot! has received recognition from Congress and within the mental health community. The most valuable reward from this extensive project, however, has been the skills gained and lives touched along the way.

My experience in developing Therabot excites me because it demonstrates how computer science and education empower us to impact the world. I find it inspiring that coding allows us to positively impact our greater community and address topics that matter to us. ","I'm still working on organizing my portfolio, but let me know if you want to see a specific project that I've mentioned!",9,6,10,1,4,11,5,3,8,2,7,12,"1. Somerville Museum - Designing the database for a museum so close to us here at Tufts sounds super impactful, and I appreciate how much flexibility there is in building a project from scratch. Also, I really appreciated the shitpost on the slides; it seems like the leadership team in that project is really chill. :)

2. Bread & Roses - This project also sounds really impactful as food insecurity is still a major humanitarian issue. I think the concept of making a web-app for volunteers sounds very effective and in-alignment with my previous experiences. Additionally, the leadership team also seems very fun for this group.

3. LCS Tutoring - Speaking from personal experience, finding the right tutor can make all the difference for a struggling student. I think integrating technology into the matching process is a really effective way of tackling this problem. I also really appreciate that this project impacts our fellow Jumbos!",n/a,Thank you so much for considering me for JumboCode; I look forward to hearing back from you!,n/a -- I'm a freshman :(
9/17/2024 21:39:10,Helena Fu,,she/her,helena.fu@tufts.edu,2027,Yes,"I want to join JumboCode because I want to develop meaningful projects while improving my software engineering skills. As someone who's not from Boston, I'd love to explore the city and community more to make it more like a second home. I want to interact more with local businesses, nonprofits, and people in general. I also want to meet new and motivated CS peers at Tufts.","I founded a nonprofit, Science Accelerates Girls' Excellence, which provided free, peer-to-peer mentoring and tutoring services to thousands of girls world-wide. Within the nonprofit, I taught several classes in CS and robotics. I also frequently led outreaches for my robotics team. ",Yes,Yes,I am free every day after 3PM except for Wednesday.,"CS 11: Intro to Computer Science, CS 15: Data Structures","C/C++, HTML/CSS, JavaScript/TypeScript, React, Git/GitHub, Node.js/Express, Python",I started coding for robotics in high school.,"At the Tufts Human-Robot Interaction Lab, I'm proud of how I demonstrated my ability to dive into ongoing projects, quickly adapt to large existing codebases, and meet tight deadlines. When I onboarded, I was originally a research assistant. However, the project to develop the VR environment was behind schedule, so I stepped up to be a Unity Developer and Technical Programmer. Despite having minimal formal course experience in Unity, ROS, DIARC, Docker, and various other scripts, I welcomed the challenge. One specific problem was minimal documentation for DIARC and the HRI's form of ActionScript, which I needed to use to program simulated robot behavior. I developed an informed plan; first reading through established research papers and gitlab documentation, then identifying key parts of missing context I needed to gather from more senior researchers. After that, another challenge I ran into was the unconventional programming language-- the coding IDE wasn't even able to label keywords, and there was minimal documentation online. To learn the syntax and logic, I used my prior knowledge of conventional programming standards and searched in the codebase for examples. In the end, I was able to program key robot behaviors and speed up the project to complete on time. Through these experiences, I have enhanced my problem-solving abilities to tackle technical challenges with creativity, preciseness, and persistence.",https://helena-f.github.io/,3,6,7,4,9,10,12,11,1,5,2,8,"As someone who really loves reading, I want to learn what goes into cataloging websites. As a child who admires the strength and determination of my immigrant parents, I also want to enable other immigrants to get their necessary resources to build a good life. ",,,
9/17/2024 23:23:38,Cheng Li,,He/his,cheng.li649965@tufts.edu,2027,Prefer not to answer,To learn something won't be taught on class. To practice knowledge in industrial tasks. To meet with intellectuals and fun people,Used to participated in a program in boston that helps Fushun laborers in language and meal.,Yes,Yes,I have availability for that.,"CS 11: Intro to Computer Science, CS 15: Data Structures, CS 40: Machine Structures and Programming","C/C++, Pascal. But I think no one is using it (heard of it).",Programming competition in middle school,Designed and implemented an actually playable board game.,,11,4,8,5,1,2,10,12,3,6,9,7,1. Dillar Academy: it was similar to the program I used to participated. 2. New England Innocence Project: looked coolest and mostly formal. 3. English at Large: feels a good community; I am secrectly expecting some privileges from the library they are building.,,,Nope
9/18/2024 0:30:31,Manuel Pena,,He/Him,manuel.pena654576@tufts.edu,2026,Yes,My main goal for joining JumboCode is to use the skills and technologies that I have learned in school to do something good. I really like the idea of collaborating with other students and meeting new people to create an application that will help others for a good cause. I also would like to meet more people in the CS community and this is probably one of the best ways to do that!,"In high school, I volunteered with my mom at a children's home in Tijuana and also a food shelter also in Tijuana that helped immigrants with food. There are a lot of immigrants that go to Tijuana to cross the border from Mexico to the United States so this place is where they went to get meals. 

I also helped at my local church back home, again with my mom XD, where I helped with the events that the church had.","I am on campus this semester, but studying abroad in the Spring.",Studying remotely,"I can meet at any time Friday, Saturday, and Sunday. Monday to Thursday I am free after 6, except for Tuesday and Thursday after 8 pm.","CS 11: Intro to Computer Science, CS 15: Data Structures, CS 20: Web Programming, CS 40: Machine Structures and Programming","C/C++, HTML/CSS, JavaScript/TypeScript, React, Git/GitHub, SQL, Node.js/Express, Python, I know AWS too.",I started coding senior year High School in an arduino class.,"The project that I am most proud of is FreeBites, it is a mobile app that we are scheduled to release this Friday 09/20. We have a team of developers, designers, and PM where we have worked on this project for a year now and it has been really awesome. I have met some really cool and talented people there and work with them regularly to work on the app. The most challenging part about this project was the learning curve to learning mobile app development, it was my first time doing a big scale project. Now, I am more experienced using React and Typescript, as well as working on teams. Hopefully the app is widely used and that people use it!! https://github.com/freebites/product (here is the link to the project!)",https://manuelpenam.com/,5,12,8,10,3,6,7,11,2,1,4,9,"1. Bread & Roses: I have volunteered before at food shelters with my mom in Tijuana (i mentioned it before) which is why I am interested, this project would help the community running the shelter and it would be really cool to help. Also I really liked their presentation and their vibes (excited for late night leetcoding XD)!

2. English at Large: I really like this project because as a Mexican I see a lot of older Latinos struggling to adapt to American Culture even within my close relatives. I also liked the vibes and the team!

3. Dillar Academy: This is a really cool project that would help Uyghurs, I think this project has a lot of impact on a marginalized group in China and it would be amazing to work on something that would help this community. I also like the vibes with the team!

4, 5: I know AWS, I got certified a couple of weeks ago and used it over the summer. 

6-beyond: They all seem really cool but I am highly interested in top 3!!",,"Nope, thanks for reading my app!! ",No
9/18/2024 2:13:14,Yuvit Batra,,he/him,yuvit.batra@tufts.edu,2027,Prefer not to answer,"I want to join JumboCode because it offers the chance to apply my technical skills to socially impactful projects. Previously, I partnered with 5 NGOs to create a system that coordinated food distribution to government schools, where I developed a website to manage and streamline the entire process. Recently, i have also started to volunteer at a food shelter nearby. I'm someone who is passionate about leveraging technology for good, and JumboCode’s mission aligns perfectly with my goals of making a positive difference through coding.
I hope to build on the skills I developed during my internships at DigiSprint and Paytm, where I gained hands-on experience in web developement and database management. JumboCode offers the opportunity to deepen my software engineering expertise and work on frameworks like react while helping the community using projects like english at large. Additionally, I want to gain experience working in an organized, collaborative environment, which will help me improve my problem-solving, project management, and communication skills. Ultimately, I’m excited to grow as both a developer and a teammate while contributing to projects that make a meaningful impact.","As a Resident Assistant at Tufts University, I manage a community of over 40 students, focusing on fostering a positive and inclusive environment through mentorship and event organization. This role has enhanced my leadership and communication skills, helping me address diverse needs within the community.

I also created an online library platform to facilitate book borrowing and promote knowledge sharing. My experience teaching computer science at government schools in India deepened my appreciation for the impact of education.

Additionally, I developed an app with NGOs to streamline coordination between schools and NGOs, ensuring that students in underserved areas receive daily meals. These experiences reflect my commitment to community engagement and social activism, and I’m eager to bring my passion for tech and social good to JumboCode, contributing to projects that make a meaningful difference.",Yes,Yes,"I am free after 1 on Mondays, Wednesdays and Fridays. Free after 6 on Tuesdays and Thursdays and free on the weekends","CS 11: Intro to Computer Science, CS 15: Data Structures","C/C++, HTML/CSS, Git/GitHub, SQL, Python","My first introduction to computer Science was when my sister had an exam and used my laptop to create a website. It mystified me, how she was able to create a website so easily and i started to explore computer science where i first learnt HTML and CSS and further went into SQL and then started a course called cs50 which taught me a lot including C, the use of flask and several important programming principles.","While applying to college i made a personal portfolio which is something i really enjoyed making. It can be found on https://yuvitbatra.github.io, due to financial issues i can't afford to host a lot of my websites anymore tho","https://yuvitbatra.github.io, https://github.com, https://github.com/CcompProject/health_website1/blob/main/templates/layout.html, /yuvitbatra/Online_lib/tree/main/Online_Lib,, https://github.com/code50/87696768/tree/main/finance",11,4,7,8,9,5,6,10,1,2,3,12,"I am aware JumboCode requires you to dedicate time to build projects, Hence i want to work on projects i am passionate about so i know i would want to put my 120% effort. I feel being an international student with an accent and being someone whose first language isn't English i am empathetic with people who need help learning English. Not only do I want to help build this app i soon want to start tutoring people with this and help them. Further another issue i am very passionate about is food and its availability to everyone, even i highschool i worked at a food shelter(which i plan to continue this semester as well) and build an app so NGOs and schools could co-ordinate and food could be delivered to everyone who needed it.",,"I had a lot of my websites hosted but recently due to change in financial situations of my family i had to take a few of them down, i am planning to get all of them up again as soon as possible further i am working on a web app right using which you can actually schedule appointments with doctors, order medicines from different pharmacy's and find the closest hospitals, emergency video calls etc.  however i am trying to find an alterative to google maps api that might be free and it is still in development i hope to get it running by end of this year and regardless of weather i get into JumboCode or not i would love help to creat that for the people so we can help them",No
9/18/2024 2:19:26,Terell Johnson,,he/him,terell.johnson@tufts.edu,2027,Yes,"Jumbocode offers a unique opportunity to merge my professional development goals with meaningful, community-centered work. I’m eager to gain hands-on experience in software engineering and to develop my proficiency in SQL, a critical skill for the data science and analyst roles I am pursuing. However, what excites me most about Jumbocode is that the projects directly benefit communities in need, which resonates with my personal desire to use my computer science skills to help those less fortunate than myself. By collaborating with a diverse team of computer scientists, I hope to learn problem-solving from other perspectives and gain the experience necessary to drive change both for my career and within different communities. ","I’ve always been committed to fostering social change within my community, particularly by helping others access professional development opportunities. I was fortunate to attend schools with strong networks that provided resources to help me secure internships and prepare for my career. Many of my peers, however, didn’t have access to the same opportunities. As a way to give back, I’ve worked to bridge that gap by connecting them to my personal network and helping them find internships and career-building resources. My goal is to facilitate introductions between young people in my neighborhood and professionals in fields they are interested in. My hope is to continue supporting underprivileged communities by helping them overcome barriers to success.",Yes,Yes,I'm available everyday after 2:45 and 11:45 on Friday. I'm very flexible on the weekends.,"CS 11: Intro to Computer Science, CS 15: Data Structures",C/C++,My first introduction to computer science was an Introduction to Java course I took my Sophomore year of high school.,"The project I’m most proud of involved measuring the amount of misinformation about stocks and investing within the Tufts community using Bayesian modeling with PyMC. This was a significant milestone for me, as it was the first time I had to acquire new skills from scratch. Prior to this, I had no experience with Bayesian statistics, very limited knowledge of Python, and no familiarity with the PyMC package. Through a combination of seeking guidance from peers and professors and dedicating time to self-study, I was able to grasp the fundamentals of Bayesian statistics and effectively utilize PyMC to build a Bayesian model. This model used student test scores to represent and quantify the level of misinformation surrounding stocks and investing at Tufts. Completing this project not only deepened my understanding of statistical modeling but also strengthened my problem-solving and learning abilities, which I now apply to other challenges.",,10,5,2,4,7,1,12,9,3,11,8,6,"I like the New England Innocence project the most in terms of impact. It always invokes much emotion when I see or hear about a person being wrongly convicted of a crime. This project is the one I'm most passionate about. It also like many of my other top 5 choices, uses SQL for the backend which is the skill I'm looking to develop.",,,I haven't been part of JumboCode before. 
9/18/2024 13:30:05,Alexander Violet,,He series,alexander.violet@tufts.edu,2027,Yes,"I want to learn more of how to actually apply what I'm learning to the real world, and I feel that JumboCode is the perfect place for that because it's accepting to beginners while also having very impactful projects for those who need them. I believe that this is the perfect club to get a feel for seeing how software engineering is actually implemented with a team of people who can teach me exactly what I want to know. What's also appealing is satisfaction of actually helping people through what I'm learning. Overall, I want to get a sense of how these projects actually come to life and contribute what I can our community.  ","I came from a volunteer heavy community back home, but, especially at school, it always felt very transactional. I never had super high numbers of volunteer hours but I always tried to do what I could ever now and then. I would often take leftover food from my job and donate them or sign up for a couple volunteer events my school hosted about once a month. During my senior year of high school I was part of my schools community engagement board to help organize volunteer events for food insecurity specifically. More recently, I've been a FOCUS support staff and plan to apply for leader next year, and I'm currently a CS11 teaching assistant. I really just try to have the mentality of leaving whatever I'm doing better than how I found it, even if it's just picking up a piece of trash. ",Yes,Yes,Around that same time should work for me every day except monday and thursday. It's honestly tough for me to say because I have a lot of scattered gaps in my schedule. I believe that evenings to nights usually work great since there are no class conflicts. ,"CS 11: Intro to Computer Science, CS 15: Data Structures",C/C++,CS11 was my first ever introduction. Never coded before. ,"Over the summer I made a super bad rock paper scissors game, but it was something I made entirely by myself with no help despite its flaws. It wasn't anything crazy complicated like SushiGo for CS11, but I'm proud of myself for coding that entirely on a six hour flight offline. The hard part was trying to debug without constantly asking google or a TA. I actually had to think for myself and just try to produce something resembling rock paper scissors. ",,4,1,2,12,10,9,8,7,11,3,6,5,"I've worked with food insecurity and education in the past, so I would greatly appreciate working with something in that style again. I understand that most of the options fit into this, so I'm honestly excited to work for any of these. I mostly curious to see how this implementation works first then worry about the details once I understand the structure of the club. ",,,
9/18/2024 14:43:11,Liam Smith,,he/him,liam.smith@tufts.edu,2025,No,"I want to join JumboCode so I can contribute to an impactful project in a collaboratitve context while improving my CS abilities! I really enjoy being a part of the CS community at Tufts, and I want to be able to continue building community as a part of this club alongside others who are passionate about computer science. Generally, I hope to continue to work with technology that intersects with social change.","Recently, when I was abroad in Hong Kong, I facilitated a relationship between my student cohort and a local school in Hong Kong where we could spend time with some students and volunteer in their school. Aside from that, I spent a couple years with Tufts Thirst Project to help underdeveloped communities combat water scarcity. I also TA'd for 11 for two semesters and currently TA for 15, which I really enjoy as a way to help students while improving my teaching skills.",Yes,Yes,"sunday, monday, tuesday, and thursday evenings","CS 11: Intro to Computer Science, CS 15: Data Structures, CS 40: Machine Structures and Programming, CS 116: Introduction to Security","C/C++, HTML/CSS, Git/GitHub, Node.js/Express, Python",CS11,"This past summer I worked at MITRE where I was fortunate to work on a project called XRTAK, where I could contribute to a project that amplified DoD goals while branching out with my CS skills. It marked a shift from the classroom setting that I was used, and I was finally able to apply what I had been learning for a couple of years to a real world project that would have a powerful impact. The most prominent challenge I faced was familiarizing myself with the code environments that had existed. I had to learn the ins and outs of code that developers had been working on for years while simultaneously learning a new language. I contributed to building the project alongside a close team of three where we each worked on intertwining environments and presented our work in weekly sponsor meetings for feedback.",,5,2,3,6,8,11,4,12,7,10,9,1,"My first choice is Tufts General Counsel because I believe their work is vital and will have tremendous impact in the healthcare sector. I also want to become more familiar with the technologies they plan on using! I also love their team's energy!
My second choice is Village Food Hub because I also find their mission to be important, and I also want to become more familiar with the backend technologies they mention.",,,no
9/18/2024 15:41:33,Frank Li,,He/him,yunzhe.li@tufts.edu,2026,Prefer not to answer,I want to join Jumbocode to learn more about software development and collaboration as a team. I am in CS40 which involves a lot of teamwork and I think by joining the club I can benefit from the experience of team programming. I am also interested by the networking opportunity that I get with other CS majors as well as people in different year. I hope to know  more about possible career paths from people who have more experience with internships and working in the field. The social engagement part also intrigues me because as a CS major I feel there is not a lot of opportunity to be involved civically and I think this is a great chance for me to be more involved with volunteering. ,"I was a member and team lead for the IDEA lab for two years and we were working with a non profit that helps to use machine learning to identify different types of plastic for better recycling purpose. In high school, I was heavily involved with community advocacy for STEM education especially for underrepresented minority students. ",Yes,Yes,"For the second meeting, I am available for most of Monday and Wednesday since I only have one class on the days. I am free after 7 for other days as well.","CS 11: Intro to Computer Science, CS 15: Data Structures, CS 20: Web Programming, CS 40: Machine Structures and Programming, CS 121: Software Engineering, CS23 game development in Unity","C/C++, HTML/CSS, JavaScript/TypeScript, Swift, Git/GitHub, SQL, Node.js/Express, Python, Unity",I was first introduced to CS when I took a class in highschool that taught python. After I became really interested and took an online course CS50 which ultimately led me to choose CS major.,"I was working on a web app called Spusic in web programming class. The basic concept is that it plays a random music from a playlist that you choose in your spotify and you have to guess the name of the music to get points. We used json, MongoDB for the database and backend, HTML java and css for the front end and online database that links with the backend of spotify so users can login in their own account. There were a lot of challenge with MongoDB since it is very inflexible in its design and doesn't support any SQL which makes it hard to sync and test.",,9,6,7,5,1,4,12,11,3,2,10,8,I think DIllar academy is interesting because I have also used online resource to learn english before and I think it is really empowering to do the same and extend the opportunity for more people.,,,No
9/18/2024 15:43:44,Oliver Zhang,,He/Him,ozhang01@tufts.edu,2027,No,"I want to join JumboCode because I am excited to use my technical skills to help local businesses while also gaining valuable hands-on experience. Working on real world projects will allow me to use the concepts I’ve gained and apply them to practical situations, which will help me grow as a developer. I’m particularly interested in the English at Large project because of its potential to make a meaningful impact in the lives of adult immigrants learning English, and I would love to contribute to such an impactful cause. I look forward to working with a diverse group of students, and learning from our shared experiences. I also hope to develop my skills further by working with new tools all while giving back to the community. ","I have experience volunteering as a tech-tutor in a senior housing community, where I taught seniors how to use their technology. I helped with anything from setting a wallpaper to figuring out how to access practice driving tests. It was a rewarding experience which showed me the power technology has to improve people’s lives. I’m excited to bring my skills and experience to JumboCode, where I can use my technical skills to contribute to projects that will have a meaningful impact on the community. ",Yes,Yes,"I am available for the all-club meaning, and am free 3:30-5:30 or late night for all weekdays, and free almost all of the time on the weekends. If needed, I can find a different time that should also work.","CS 11: Intro to Computer Science, CS 15: Data Structures","C/C++, HTML/CSS, Git/GitHub, Python, Java","My first introduction was AP CSA in high school, where I learned Java for the first time","One project I’m particularly proud of is a Chess game I developed as a personal project. The game features a graphical interface and enforces all chess rules, including detecting checks and checkmates and preventing illegal moves. I built it using [mention technologies or programming languages, if relevant], and faced several challenges, such as implementing the game logic accurately and creating an intuitive user interface. Solving these challenges not only enhanced my programming skills but also deepened my understanding of game development principles. This project was especially fulfilling because it combined my interest in chess with my passion for coding, resulting in a fully functional application that I can share with others.",https://github.com/ozhang05/chess,5,3,12,10,2,9,7,8,1,4,11,6,"English at Large is my top choice because it aligns with my desire to leverage technology for social good. The project’s goal of building an online catalog to support adult immigrants learning English is both impactful and inspiring. I’m also excited about the prospect of working with a group that seems not only passionate and dedicated but also fun and engaging. Their enthusiasm and collaborative spirit make this opportunity even more appealing to me.
I struggled to rank the other projects because many have strong community benefits, but my choices are based on specific interests and challenges. Dillar Academy is my second choice because building a system for course selection isn’t just unique; it’s a sophisticated challenge that integrates both user experience and backend design. Village Food Hub is my third choice, and while it focuses on managing food inventory, it offers a valuable chance to develop a practical application with real-world impact. This project’s emphasis on optimizing food distribution is both practical and rewarding, making it an excellent fit for my skills and interests.",,,
9/18/2024 16:50:44,Charlie Koenig,,he/him,charlie.koenig@tufts.edu,2025,No,"I hope to gain experience collaborating on a large project. I think collaborating is very different from pair programming, and I haven't had too many opportunities to collaborate in college. ","I volunteered at a soup kitchen twice a month throughout middle and then another soup kitchen in high school. During covid, I helped run a project across northern New Jersey distributing face shields to nursing homes and rehab facilities. In college I have been TA'ing for both CS40 during the year and CS160 over the summer.",Yes,Yes,"I'm free all day on Fri, Sat, Sun as well as mon, tues, wed afternoons","CS 11: Intro to Computer Science, CS 15: Data Structures, CS 40: Machine Structures and Programming, CS 121: Software Engineering, CS 160: Algorithms, CS 170: Computation Theory, CS120: Web Engineering","C/C++, HTML/CSS, JavaScript/TypeScript, Git/GitHub, SQL, Python, PHP, learning Swift in CS151 right now, familiar but not comfortable with Node and React",CS11,"For web engineering I built a social media website based around the Spotify API. It was all built on HTML, CSS, JS, and PHP. A huge challenge was working with a partner on this. We should have divided the work front end/back end but instead I initially took login/registration/authentication which evolved to databasing as well. It became very difficult to plug our various components together as they were almost too intertwined with each other. For example, I worked on the comment section on a profile and she worked on the profile page. In hindsight it didn't make sense to split the work this way. ","https://charliek.sgedu.site/spotifyApp/log_in.html (the website mentioned above, unfortunately spotify requires me to add users manually for an app in developer mode so your own data wouldn't show) ",9,1,8,10,5,3,11,6,4,2,7,12,"Because I've worked in a soup kitchen for so long I definitely feel a connection to Village Hub Food and to Bread and Roses. 

The New England Innocence Project, Dillar Academy, LCS Tutoring, and English at Large are all project that I would be really into. All of them (with the exception of maybe LCS Tutoring) use the web to make services more accessible to people who otherwise may not receive them, which I think is one of the best things we can do as CS students. ",,,
9/18/2024 18:42:38,Natalie Phua,,she/her,natalie.phua@tufts.edu,2028,Yes,"Many coding clubs I have joined in the past were simply workshops upon workshops -- there was no concrete goal being worked towards. Only small slices of numerous popularized languages were learned and soon after forgotten. To have a project being consistently developed and refined: that is what I long to partake in. JumboCode fulfills this desire, to a much greater degree as well. I hope to not only dedicate myself to a goal that will benefit those around me, but also open my mind to the creativity of others. The community that JumboCode builds is truly special, and I believe I can both add to that (bring the vibe) and the present mutual growth. ","The large majority of my experiences have been related to these mentioned topics. Amidst these various activities, I find that they all build upon the core concept of community. My time in New Orleans, where I led 9 other volunteers in rebuilding homes and conversing with the organization we partnered with, taught me what it really meant to be selfless. Weekends spent at my local food bank invoked in me that same warming message –– as well as a further call to action. In this regard, I believe volunteering lies in some junction between honest hopes and real, proactive change. 

I previously had an experience representative of this notion. As a tech intern at The Stemistry Project, a nonprofit, I created website designs and functionality with the intention of providing resources and information for minds that were curious but unfamiliar with STEM. In this regard, I believe JumboCode will allow me to continue a similar vein of work, but with a greater impact. It will be the epitome of what I have learned from these occurrences, but magnified and thus more valuable. ",Yes,Yes,"Tuesday and Thursday: 2PM - 6:30PM
Friday: 1PM - 9PM
Saturday: 10AM - 11AM
Sunday: 10AM - 7PM",,"C/C++, HTML/CSS, Git/GitHub, Python, Java",high school sophomore year; continued CS classes through soph - senior years,"A project I am proud of is one I completed at a hackathon with a partner. Being environmentally oriented individuals, my partner and I decided to make a website that would calculate the carbon footprint of an inputted meal. We drew the data from a nationally sourced carbon footprint fact sheet, using APIs to retrieve the numbers and panda, a python library, to parse the data and form tables. However, at the time (early 2023), the both of us only had experience with Python and Java –– there was the issue of creating a UI and connecting it to our existing backend code. Although I had experience in Django, a framework that utilizes Python to develop a full-stack website, its rigid structure proved inefficient for the allotted time. Thus, drawing upon a newfound motivation, I learned Flask in the few hours and fully coded a basic frontend design and bridged it with the code that my partner refined in the meantime. Although the entirety of the website was quite simple (with the addition of a cool name: Carbon ""Food""print), it is one that I am most proud of. That sense of hardened focus is something I will never quite forget. In a similar vein, I hope to involve myself in such learning at JumboCode as well. ",,3,12,6,2,4,11,5,9,1,8,10,7,"My first choice is English at Large. As I have immigrant parents myself (and a large extended family all over Asia), being able to connect with others of such a demographic is something I especially value. My time traveling internationally has led me to become familiar with navigating various language barriers, as well as understand the small yet celebrated joy achieved from successful communication. (I myself am on a 35 day duolingo streak in efforts to improve my Chinese reading skills, so meeting other people with such language determination and culture integration is truly inspiring). 
In terms of technical experience, the idea of the project is similar to one I have worked on previously. During a computer science class taken in high school, I worked with a partner to construct a Library system that filed textbooks, facilitated borrowing processes, and also tracked membership attendance. Because this project was specifically object-oriented, we used Java. Nevertheless, I strongly believe that logic in another language can be translated to other languages –– it is for this reason that I am confident I will be able to offer valuable insight to the coding process. 

My second choice is the Somerville Museum simply because of my ardent interest in museums and alternate forms of art. Having the opportunity to involve myself in such a field is something I am heavily interested in. Furthermore, the inventory system sounds like a very creative solution –– filtering through searches and other functions are all aspects I believe I would be able to significantly contribute to. ",,,No I have not
9/18/2024 18:52:41,Henry Ayerbe Nissen,,he/him,henry.nissen@tufts.edu,2025,Yes,"I want to join JumboCode because I want to gain experience working more directly in the CS field. I have experience teaching programming professionally, but I still haven't ever had a real internship or gotten a sense of what working on more professional projects is like. On top of this. I also want to gain experience in web dev, and I feel like JumboCode would be great for both of these issues.","I've volunteered at food clinics on multiple occasions, I've always been very engaged with political activism and gone to multiple rallies in D.C., the past 2 summers I worked with a non-profit youth organization teaching programming, and in summer 2020 I helped organize a charity fundraising Smash tournament for BLM.",Yes,Yes,"Sunday: 10AM-12PM, 2PM-5PM, 7PM-10PM
Monday: 10AM-1:30PM, 6PM-10PM
Tuesday: 10:30AM-1:30PM, 3PM-4:30PM, 6PM-8PM
Wednesday: 10AM-1:30PM, 6PM-10PM
Thursday: No
Friday: Anytime before 6PM
Saturday: Anytime before 7PM
","CS 11: Intro to Computer Science, CS 15: Data Structures, CS 40: Machine Structures and Programming, CS 105: Programming Languages, CS 121: Software Engineering","C/C++, JavaScript/TypeScript, Git/GitHub, Python, Rust, Java","I've had an interest in coding since I was 9, I started tinkering with various modding tools and file explorers when I was 13, and I started teaching myself actual programming during my junior year of high school.","When I was 17, I became the first person in the Smash Ultimate modding scene to add a completely new character to the game. At the time, Ultimate modding consisted mostly of replacing files for stuff like minor parameter changes and model swaps, and writing Rust plugins to hook and overwrite functions from the base game, letting us reimplement major mechanics like how the game handles ground collision, how it reads inputs, and individual move scripts. This approach to code editing gave us a lot of power since it effectively let any function be an entry point, and I wanted to test just how far we could push that, so I started adding a character. The main limitation I was working under was the fact that we couldn't actually add new files, only replace existing ones, meaning that in order to load the assets for a new character, I needed to put those assets inside of an existing character's files, load the existing character, and tell the game to use parts of the file which corresponded to whichever character the user actually wanted to play as. Doing this meant I had to put a hook on any function responsible for playing audio, starting an animation, changing the visibility of a mesh (this one in particular was very frustrating since the function in question was unnamed and needed to be accessed by offset), checking the value of a parameter, spawning particle effects, and executing move scripts. Since I was still teaching myself Rust at the time, keeping this code organized was definitely a challenge, and the project as a whole definitely had a lot of spaghetti code in it, but in the end I was successful, and the final result can be seen here: https://www.youtube.com/watch?v=Ft-fLCeOBQU",The following repo is for an ongoing game design project I started from scratch 3 years ago using C++ and OpenGL: https://github.com/Ayerbe-Dev/ChampionFightingGame,2,11,4,1,7,12,8,5,6,10,9,3,"I'd be happy to work on any of these, but I picked based on the areas the clients are tackling which are the most important to me.",,,No
9/18/2024 21:35:27,Angie Zhang,,She/her,angie.zhang@tufts.edu,2027,Yes,"
I have heard from many previous members of JumboCode about their experience as a developer, and all of them have said that the JumboCode family is welcoming, supportive, and hardworking. This leads me to believe that the work that JumboCode makes is genuine and helpful to the communities it serves, as a healthy work environment often produces the greatest outcomes. As I have only taken CS11 and am currently taking 15, I have yet to have real-world experience with computer science. However, I understand the power that a well-designed website can have on under-resourced communities as it makes vital services, resources, organization, and planning accessible to a much wider audience. I hope to contribute as much as I can to such an important cause. I hope to gain experience with real web design in a safe and welcoming community like JumboCode. ","In high school I fundraised for Shoes That Fit, a non-profit organization located in Claremont, CA dedicated to providing low-income students with new shoes. Additionally, during the holidays I worked with my high school to promote a Holiday toy drive and Giving Tree for two years in a row. In the 2022 - 23 school year we received a record amount of physical and cash donations through a promotion method I headlined (spreading the holiday spirit by standing in the drop-off circle every morning wearing elf costumes and waving large signs). 

At Tufts I work for the Tufts University Social Collective (TUSC), and we plan, organize, and work at 20+ events each semester, almost all of them being completely free. I joined TUSC because I loved being active in my high school community, and wanted to continue my community engagement through putting on bomb, accessible events for the students at Tufts. ",Yes,Yes,I am available!,CS 11: Intro to Computer Science,C/C++,CS11 was my first introduction to cs. ,"I love to write, and though I have a lot of experience writing, before my first year at Tufts I had never written a research paper. My research paper for English 1 (final paper) was titled, ""Misrepresentation of Women in Video Games and its Effects on Perception"". It was a deep dive into the sexualization of women in video games and disparities in gender representation, and how it correlates to harmful, real world perceptions of women. It was hard at first to come up with an original research topic, as many concepts are either not studied or overstudied, and once I landed on a topic, it was hard to narrow the scope because there is a lot to say about misogyny in the gaming industry. Despite these hardships, I am proud of that paper because it was a topic that I care about, and took so much time to put together, from finding compelling research, to drawing connections between different studies. It is important to me because it heavily influenced what I wanted to study in college, Cognitive and Brain Sciences, which is related to the topics I wrote about in my paper. ",,6,4,10,1,5,3,8,11,2,7,9,12,"I am equally interested in participating in any of my choices 1-5. I find the two aimed at teaching english to be compelling because my parents are both immigrants who had to learn english by themselves, so I would love to work to make english more accessible. I am interested in the Somerville museum because I have always loved museums, and documenting history is always interesting, and I selected the Village Food Hub because everyone should have easy access to food, so making food accessible will always be important. I chose the Innocence Project because I took a class called ""Crime & Punishment"" in my senior year of high school and found a great interest in the criminal justice system, and specifically the psychology behind modern day incarceration methods. These are the options I am most interested in, however, I would be delighted to participate in any of the projects. ",,,
9/18/2024 21:37:19,Sandra Alnamous,,she/her,sandra.alnamous@tufts.edu,2027,Yes,I love coding and would love to apply that passion towards something benifiical for others. I hope to gain more experiencing with web and mobile app development as well as be surrounded by like-minded peers!,"I have worked with volunteer tutoring organizations in the past which were non-profit. I was also a TA in high school for a math course, My freshman year of college I was in FOCUS and this past summer I was on support staff for the program. I hope to continue my engagement with the pre-orientation program by applying to be a coordinator for it as well!  ",Yes,Yes,"I am available during the afternoon on Thursdays and Fridays, As well as on Tuesdays after 4:15 pm. I am flexible with my Saturday schedule as well.",CS 11: Intro to Computer Science,"C/C++, HTML/CSS, JavaScript/TypeScript, Swift, Python","I took a cybersecurity class my junior year of high school, it was python based and very interesting. I went on to take a python class the next semester. Over the summer before junior year though I attended a mobile application development program and we used Swift. The following spring I participated in a ten week program all about convolutional neural netowrks, logistic and linear regression and AI it was very cool and different than anything I had done before. Then during the summer before senior year I participated in a web application development course using JavaScript and HTML/CSS. I love coding and recently I've been working on a keylogger and making my own password manager.","I built a website during the web application camp all about grafiti art around Boston and I really enjoyed the process, the team I was working with was very motivated and kind. We also had varying skill sets which helped us complete the project in a timely manner. I also loved the overall message behind our project.",,3,5,7,4,6,12,8,1,10,9,11,2,"I would love to help out LCS tutoring I actually applied this year to be a tutor and it relates back to a lot of things that I enjoyed doing in high school, I was a volunteer tutoring and it was always such a positive experience. I don’t have a specific preference to be honest, everything sounds fantastic! I’d love the opportunity to contribute and be a part of any of these projects.",,"Thank you for taking the time to read my application, have a great day!",I have not but I did apply last year and hope to be a part of JumboCode this year!
9/18/2024 22:02:30,Anthony Nguyen,,He/Him,anthony.nguyen662857@tufts.edu,2027,No,"I want to join JumboCode because it embodies my core belief that technology should create efficient solutions to real-world problems. As a CS major who thrives on bringing ideas to life through code, I see JumboCode as the perfect opportunity to create impactful digital solutions for non-profits while mentoring younger team members.
My experience developing TriSense for individuals with disabilities and working on the Lease Assets Management System at Staples showed me the profound impact thoughtfully designed software can have. At Staples, I used React, Spring Boot, Angular, TypeScript, and MySQL to improve user interfaces and backend processes, directly enhancing how businesses manage their assets. Our team reduced service level agreements by 75%, significantly improving customer satisfaction. This experience taught me the importance of user-centric design and efficient backend systems in creating impactful solutions, which I would like to bring to JumboCode. Also someone who's led teams and mentored younger students, I'd have the opportunity to guide less experienced members, sharing my knowledge and help foster collaborative learning environment.
JumboCode to me won't just be a club, but a space where I can be innovative and do good. Late nights with teammates, wrestling with algorithms and debating user interface designs - all in service of a non-profit's mission. The idea of picking up new frameworks hands-on, and honing my coding skills, collaborating with diverse teams, and seeing our code make a real difference in communities excites me. It would bring me immense joy to be part of a movement that believes in the power of technology to uplift and transform. By joining, I can use my skills to make the world a little bit better."," --After seeing my cousin struggle with sensory overload, I led a team of 5 high schoolers to develop TriSense, sensory kits for kids with autism. We ended up placing in the top 10 teams in the US and reached over 50 families. It was incredible to see how our project made a real difference in people's lives. I've also worked with special needs individuals, running weekly sessions with 10 participants. These sessions focused on promoting dignity and inclusion, and it was amazing to see the participants' progress over time.
--As a Vietnamese Eucharistic Youth Movement leader, I organized events for 100+ youth, managed a team of 10 volunteers, and mentored 20 children weekly. This experience taught me a lot about leadership, community building, and the importance of cultural connection. It was challenging but incredibly rewarding to see the youth grow in confidence and skills.
--I volunteered at my local parish’s ESL Program –  giving English lessons to 15+ Vietnamese immigrants, helping them navigate everything from job applications to parent-teacher conferences. This work is personal to me - my dad came to America as a refugee, and I've seen firsthand how language skills can open doors and change lives
",Yes,Yes,I'm generally available on weekday evenings after 7:15 PM and on Saturday/Sunday afternoons. ,CS 11: Intro to Computer Science,"C/C++, HTML/CSS, JavaScript/TypeScript, React, Git/GitHub, SQL, Node.js/Express, Python","My CS journey began during the pandemic when I started building websites for struggling local businesses. Armed with determination and online resources, I dove into HTML, CSS, and JavaScript, creating five fully functional websites in two months. This experience led me to explore more advanced technologies like React and Node.js. Seeing those businesses stay afloat because of my work was incredibly rewarding and solidified my passion for CS. ","TriSense started as a school project but quickly became a passion. Inspired by my cousin with autism, our team of 5 created sensory kits for individuals with developmental disabilities. We interviewed 20+ families and 10 therapists, iterated through 3 prototypes, and eventually developed a product that helped over 50 children. The project won first place in our state's Junior Achievement competition and placed in the top 10 nationally.
The most rewarding moment was receiving a photo of a child wearing our kit on their first day of mainstream school. TriSense taught me the importance of user-centered design and the power of technology to solve real-world problems. It fundamentally changed my approach to projects, always pushing me to consider the human impact of my work.",https://www.linkedin.com/in/anthony-nguyen-b58321237/,6,9,11,7,1,4,12,3,10,2,5,8,"Dillar Academy: As a bilingual individual who's taught ESL to Vietnamese immigrants, I'm passionate about bridging language gaps. My father's journey as a refugee showed me how crucial language skills are for integration and success. I can apply my experience in organizing educational events for immigrant youth to help Uyghur students access English education more effectively through technology.

Bread and Roses: During COVID, I saw local businesses struggling and jumped in to build websites for them. It was chaotic but eye-opening. I'd love to use what I learned to help Bread & Roses manage their volunteers better. With a smoother system, I bet they could make an even bigger impact on fighting hunger in their community.

LCS Tutoring: Having mentored students and coordinated educational programs, I understand the importance of well-matched tutor-tutee pairs and I’d like to help to automate this process. ",, ,Not yet. 
9/18/2024 22:12:51,Brendan Roy,,He,brendan.roy@tufts.edu,2027,Prefer not to answer,"I want to join JumboCode to make a difference in my community while simultaneously building computer science skills. I am from MA, so the opportunity to work with/for local non-profit organizations is appealing to me. From a coding standpoint, I look forward to gaining experience with a larger variety of coding languages and working in a team. I think both of these will help me become a better problem solver and collaborator. ","I went on two mission trips in high school as well as volunteering at a local food pantry in middle and high school. During both of these experiences, I was able to see the impact of our work on the people in the community, which was pretty special.  If I could continue volunteering at Tufts in a more cs based way, I think it would be a great experience. I was also an 11 TA and am currently a 15 TA, which have been fun.",Yes,Yes,I am available,"CS 11: Intro to Computer Science, CS 15: Data Structures",C/C++,"scratch.mit.edu was my first programming language, which I learned in 5th grade. I enjoyed thinking of creative and logical solutions to make the little cat guy do what I needed him to do, and I still enjoy that process today.","CalcYouLater (cs15) was a project that I was proud of because it was the first time I had gotten all the autograder points on a project. I spent a lot of time working through all the edge cases, which was tough but also fun. I enjoyed fiddling with the code and finding a bug was exciting. When I finally got a 56/56 on my last submission, I was proud of myself for having continued to look for bugs and for finding them. I also had a lot of fun with that project in general, so I was happy that I also got a good grade. ",,3,6,11,1,9,2,12,7,8,4,10,5,"I would like to make something for a local organization because I am from around here. I chose the Somerville Museum as #1 because I have a friend who built an inventory system in JumboCode last year and he said it was a lot of fun. I also am friends with Holden, and I would have a lot of fun working with and learning from him. Overall, I don't have a giant preference for what team I am on; I assume they all will be informative and enjoyable.",,,I have not
9/18/2024 22:26:36,Riley Becker,,He/him,rbecke03@tufts.edu,2028,No,I hope to learn and apply web design code to real-world problems,"I volunteered at my Church’s vacation bible school.
I organized a service project at my town’s community garden building 20 wooden borders
I also set up monthly music recitals at a local nursing home.",Yes,Yes,"Any time Sunday, most of Saturday and Friday, and after 8 pm on other weekdays.",,"C/C++, Python",A Python Class sophomore year of high school,I worked on this wind-powered car for physics class and went really into detail with the process. I made specific choices on what materials to buy (like buttons for wheels to reduce inertia) to optimize the design using physics concepts. A challenge I overcame was making the car go straight or using the right tension of rubber band to make sure the car doesn’t spin over.,,3,4,8,1,9,10,12,2,5,6,7,11,I would like the museum project because ,,,
9/18/2024 22:33:00,Hoang,,He/his/him,hoang.mai@tufts.edu,2027,Prefer not to answer,"It is tempting to stare at ceilings continuously, carefree of what perceive in our lives daily. But outside the walls that symbolize our security and safety, lies people, discarded at the mercy of marginalization and adverse actions because of their inability to free themselves from an unjust system. Spectating these occurrences doesn’t solve the issue at hand. 

When we turn a blind eye to issues such as poverty and divisions of people, injustice becomes systemic. As a first-generation low-income citizen, it is often difficult to find access to resources online to better equip my community with the help they need. From the lack of websites to food shelters to blockages of medical information prohibiting constituents from seeking potential help, the internet champions the idea of free information, whereas, in reality, little work is done to allocate resources better for marginalized societies.

JumboCode catalyzes for students to advocate for people who can’t advocate for themselves. As someone who wishes to rebuild our foundations of what it means to pursue coding in the future, I want to be able to join JumboCode to work alongside like-minded individuals who can not only peer-evaluate me to understand civic engagement within the coding genre better but also have the resources to pursue such advocacies outside of our institutions. I hope to build new communities within the club, create projects that benefit the greater good, and hopefully, grow as a student and learn new perspectives on dire issues within online platforms.
","I currently TA for CS11 for my first semester :)

One non-profit community that I've worked with in the past for 4 years was teaching at a Buddhist Temple (Vien Thong Thu), typically younger kids on Vietnamese grammar, pronunciation, and the basic history of Buddhism. This was done every Sunday from 9 am to 2 pm.

Some notable community engagement events that I've contributed to was with EWB (Engineers without Borders). Specifically, I was apart of the Education and Outreach portion of the group where we would create flyers that advertise our fundings going towards a mobile greenhouse. Another major event was going to Eliot-Pearson school and teaching 4-7 year old's what a greenhouse was and activities for them to involve themselves in our goals.",Yes,Yes,"Every Weekday from 4:30pm to 6:00pm generally.
Tuesday's I'm free from 6:00 to 7:00 pm on days where I don't have my CS04 (Teaching Computer Science) class.
Friday's I'm free past 6:00 pm 
Saturday and Sunday I'm generally free past 12:00pm.",CS 11: Intro to Computer Science,C/C++,CS11 was the first introduction to computer science for me.,"A project I did over the summer during my internship at UT Austin was one that I was proud of. The project consists of a robot ""heart"" with different pieces of equipment such as wheels, arms, and canisters, that allowed creative freedom for us interns to build a robot that filled the desires of what we wanted to do. What was unique to this project for me was that this was the first time I've ever sort of coded. Being foreign to the idea of programming was daunting, but luckily I had peers to help me in the coding portion of the robot. In the end, despite it being an introductory course to computer engineering, the experience elucidated me into the world of programming and manufacturing.",,8,1,10,12,5,3,7,9,4,2,11,6,"Honestly, I would more than welcome to join any group. Specifically, I ranked each group based on what I desire change to in our communities. I prefer being in more advocated-oriented JumboCode groups, or groups that promote ideas such as food insecurity, resource distribution, etc.",Nope :),Nope :),No
9/18/2024 23:49:01,Peter Morganelli,,he/him,peter.morganelli@tufts.edu,2027,No,"I want to rejoin JumboCode because of the community I was able to foster with the developers on my team. Programming in pairs has been one of my favorite parts about being in JumboCode and it allowed me to become a better partner for my other CS classes. I also really enjoyed being apart of the JumboHack Hackathon last year, and would love to experience that again. Last year, I achieved my goal in JumboCode: exposure and experience to different programming languages and frameworks. I want to take it up a notch this year, and master these skills to apply in a future internship + job.","-CS15 TA
-Founder of Tufts Leadership Training Institute (LTI) -- a program I participated in as a Project Mentor at MIT last spring
-Blackstone Valley Youth Leadership Academy (BVYLA)
-Co-Chair at Youth in Philanthropy (YIP)",Yes,Yes,I'm free on Mondays + Wednesdays + weekends for meetings and I'm flexible.,"CS 11: Intro to Computer Science, CS 15: Data Structures","C/C++, HTML/CSS, JavaScript/TypeScript, React, Git/GitHub, Python","I did AP CSP in high school with Python, but CS11 was my first real introduction to computer science. Now, I'm a 15 TA!","I'm super proud of the portfolio project I made (linked below). I made this over the summer by following a YouTube tutorial, and then tweaked it myself to gain a deeper understanding of different frameworks that I would use in an internship. I'm also super proud of the work that I did on the Theatre@First team last year :)",https://petermorganelli.vercel.app,2,11,5,1,3,9,12,8,10,4,7,6,"I would really like to work on any of my top 3 choices. 
My number one choice is the Sommerville Museum Project and I picked this project because of the mission of the project, the people running it, and the similarity to the project I was on last year at Theatre@First. I would love to build another inventory website and pay closer attention to detail and pick up some new things along the way, as well as helping new devs and having an overall great time. Holden, Zack, and Hannah all seem like great people and I also have a friend applying to this project.",N/A,Nopee ty for the consideration!,Yes! I was on the Theatre@First team last year.
9/18/2024 23:51:16,Eva Caro,,she/her,eva.caro@tufts.edu,2026,Yes,"I want to be able to expand my experiences working alongside a team of developers while making a positive impact on the community. This past summer, I had the opportunity of working at the Human Interactions Lab on an amazing API that facilitates transcriptions, and while this truly enriched my hands-on experience in the programming industry, I was left wanting more. I find the concept of JumboCode super cool, and the idea that I could be actually alleviating a problem faced by an organization close to me (and improving my coding simultaneously) is so exciting! All of the projects discussed during the GIM seem so impactful, so I hope I will be able to contribute to one of the teams. ","I have always been big on volunteer work; in high school, I was the President of Interact, the biggest Community Service Club at my school, and I received the President's Volunteer Service Award to honor my 500+ hours dedicated to helping my community. Among many other activities, I volunteered at a Jewish Center to teach kindergarten kids about Jewish values, I tutored elementary school children in math and reading (all proceeds donated to the JNF), and I organized a weekly painting class for senior citizens to be able to relax at the local YMCA. In more recent times, I have become involved in the programming team for the Women in Tech Conference, which found me reaching out to successful WiT and non-profits to attend/support. ",Yes,Taking a gap semester,"Mon/Wed: 10:30a - 12p, 3p - 4:30p, 5:45p on,
Tues: before 12p, 1:30p - 3p, or after 4:15p
Thurs: before 12p or after 6p
Fri/Sat/Sun: All day","CS 11: Intro to Computer Science, CS 15: Data Structures, CS 40: Machine Structures and Programming","C/C++, Git/GitHub, Python","I was in Coding Club in elementary school, but my first true introduction was AP CompSci in high school.","The project I worked on this summer (GailBot, at the Human Interaction Lab) was extremely gratifying. I had never coded much in Python before, and the entire project is in Python, making it a very intimidating endeavor at first, but I picked it up very quickly and was able to implement exciting new features. This included incorporating advanced settings for the speech-to-text services offered by the app (meaning I had to work with OpenAI, Google, and IBM's STT APIs), and working with a team to refactor their plugin framework (building a website, learning how to host a database on AWS, creating a command-line tool to facilitate uploading and downloading plugins, etc.).",,6,9,8,10,5,3,4,7,1,11,2,12,"I myself am an immigrant (I was born in Venezuela, lived in Puerto Rico for a few years, then moved to Miami) so I understand how hard it can be to adapt to a new place and learn its language. This makes me appreciate English at Large's mission more than the rest. That being said, I am just as excited by the idea of helping improve systems battling food insecurity or helping senior citizens receive crucial information about their living space and register for their weekly Zumba class.",,,No
9/19/2024 1:11:15,Andrew Rozenblit,,he/him/his,andrew.rozenblit@tufts.edu,2027,No,"I want to join Jumbo Code for a couple of reasons. Firstly to learn how to apply my coding skills outside the classroom. Up until this point I only have coded in the classroom and programs that are intended to teach me rather than serve a great purpose and be functional. From Jumbo Code I hope to learn how to write programs that are actually going to be used by corporations and even serve a noble person of helping a non profit. Additionally, working in tandem with other developers is a vital skill that all programmers should possess, and besides the occasional paired programming, I have yet to work with a team on a project. Working in a team will teach me skills such as better communication, collaboration, problem-solving, adaptability, and the ability to give and receive constructive feedback. It will also help me understand different perspectives, enhance my time management skills, and improve my ability to work effectively in diverse group settings. Moreover, Jumbo Code will expose me to other programming languages and frameworks that will widen my skillset. While C and C++ are great languages, there are so many more tools out there, and through Jumbo Code I hope to learn what kind of tools are used for what and how can I optimize my usage of them. Furthermore, being in a club of so many CS majors will help me build a community. It is tough to navigate a major when you don’t really know what to expect and a lot of my friends are not CS majors, so they can’t resonate with the feeling of staring at a computer screen for an hour only to realize I was missing a semicolon. Through Jumbo Code I hope to meet more CS majors via social events and bond with them, so that I have that kind of CS community. Finally, I miss the community service activities I was involved with in high school, and college certainly leaves no time for me to go out and help the community. Thus Jumbo Code is a perfect outlet for me to fill that desire I have to do community service and help those in need while still enhancing my skills as a programmer. Overall, there are a lot of reasons why I would like to be a part of Jumbo Code.","Community service has always been extremely important to me. During COVID, my friend and I started a non profit organization that spread awareness on the use of ethical Artificial Intelligence issues and brought more STEM education to schools in the area. We partnered with Tufts Society of Women Engineers (actually how I learned about Tufts ironically), University of Michigan Society of Women Engineers, and other national organizations to discuss how we can use AI more ethically and bring those considerations into the development of new technologies. In addition, we partnered with local libraries to bring coding workshops to younger audiences. Our community had only offered coding lessons to high schoolers and we felt that middle and even elementary schoolers would be interested in learning to code and starting early. Through these programs we were able to foster interest in computer science in a lot of local kids. Additionally, I recently became a TA for Discrete Math. I was extremely excited about this, because Discrete was one of my favorite classes that I took, and though I found it challenging, it was also really cool to learn about the parallels between math and computer science. I also love math and had always tutored students in math in high school, so to get the opportunity to lead recitations and tutor students at the college level was extremely exciting for me. Finally, I worked as a Russian to English translator for some members of my community. I live in an area with a large population of Soviet immigrants, including my own family, and because of my high level of Russian that my parents passed on to me, I was able to serve as a translator for some elderly families in my area. Overall, community service has always been an integral part of my identity and I am hoping that I will be able to go back to the same amount of work I did for my community in high school, though Jumbo Code .
",Yes,Yes,"I am free on Mondays all day, Wednesdays after 7, and Thursdays after 6. ","CS 11: Intro to Computer Science, CS 15: Data Structures, CS61","C/C++, HTML/CSS, SQL, Python",My first introduction was AP Computer Science A in high school.,"In High School, I was part of schools Debate Team, and I remember that it was always difficult for the coach to make the team pairings for the tournaments. So, for my final project for AP Computer Science, I chose to write a program that would make the pairings for her for each round. It was very difficult for me to write the code because I had only been coding for a couple of months at this point and I only had a basic understanding of how to write programs, but every day I would write out a small goal for myself and I would do my best to get that part done. Sometimes I succeeded and sometimes I had to come back the next day and try again. I had made a class to represent each team and a class to represent each round. The biggest challenge I faced was figuring out a ranking system, as when teams progress in tournaments they must face other teams who have the same win to loss ration as them. I.e. after round 3 if a team won once and lost once, they can only face teams who had done the same. I had googled different methods I could use and tried to think through the edge case of what if there was an odd amount of teams who had the same win to loss ratio. Finally, I found a way to assign point values to each team and instated a condition that would start at the very top of the leaderboard and pair teams up that way. In the end, I was able to get a basic implementation that my coach tried to use at the next tournament. Although there were some kinks I had to work out, she said it made her life easier, which made me very happy that my hard work paid off.  ",,4,8,11,12,1,3,9,7,2,5,10,6,"Being first generation American and coming from a town where a lot of my friends were also first generation immigrants, I have been exposed to how difficult it is for some people to learn english, especially when they need to learn quickly because they need to get a job and support their family. I have also volunteered as a translator from Russian to English for a lot of families in my area. That is why I listed the two projects pertaining to helping others learn (English at Large and Dillar Academy) english first. Moreover, I am also an International Relations major (with CS), so I have always been passionate about legal troubles many people face in the US, so I listed New England Innocence Project next. Additionally, I have always loved working with kids at summer camps or general activities, so I listed West Medford Community Center next. Either way, no matter the project I am on, I would be extremely excited to help. ",,,
9/19/2024 1:50:58,Vina Le,,she/her,vina.le@tufts.edu,2027,Yes,I want to gain more experience working within a tech team and to be able to learn from those who are more knowledgeable and experienced than me! I have worked in a tech team before and found it to be a very valuable opportunity to learn from my peers and I am hoping to gain/practice more skills through JumboCode. I found that the best way to learn was by working with others through projects!,"I am currently on a tech team for the development of an app called FreeBites! The goal of the app is to notify students of free food opportunities on campus, which would also lead to less food waste!",Yes,Yes,I'm free most afternoons after 3PM!,"CS 11: Intro to Computer Science, CS 15: Data Structures","C/C++, JavaScript/TypeScript, React, Git/GitHub",Code.org in like middle school I think? But I guess formally it would be AP Computer Science in high school.,"Freebites! I was really fortunate to be invited to the tech team for this app project, and have learned about working in both the front-end and back-end. I came into this project with practically no experience in app development so it was difficult getting the hang of syntax or different concepts, but luckily I got a lot of help from the other members of the team and was able to learn a lot about not just coding but also about what it's like to work in a tech team!",https://github.com/vle04 (you can see FreeBites listed under organizations),8,12,4,10,3,6,11,5,1,2,7,9,"As an immigrant myself I think that it would be nice to work on a project that also helps other immigrants! That's why I chose English at Large as my top choice, because I can somewhat relate to the cause and create an impact on such a community! I chose Bread & Roses as my second most preferred project because I've worked for a similar food-related cause before, except this time it would help a different set of people :) I also have never made any scheduling type of web app before. ",,,
9/19/2024 11:29:16,Jason Miller,,he/him,jason.miller@tufts.edu,2026,No,"I am interested in joining JumboCode because I want to further my skills in the computer science industry and get real life experience to help prepare me for a career and internships in the field. I also want to help these non-profit organizations by developing the technological solutions that they need, as I have had an extensive background of service and philanthropy in my time in high school and college. I hope to be able to continue being involved in such things. I hope to gain experience and learn new technological development programs and languages as I plan to enter the computer science field after college. It would also provide me the opportunity to do collaborative work with other people and work towards solutions that have real-life impact. Being a part of JumboCode would not only be beneficial to my career, but also give me the opportunity to stay involved with meaningful organizations.","I have had a vast background in volunteering, service, and community engagement throughout high school and my time so far in college. In high school, I was a part of Key Club which is an organization affiliated with Kiwanis International that focuses on supporting awareness organizations, volunteering, and community service. I held multiple leadership positions in my four years of involvement with the organization including treasurer and vice-president. I was also the president of my school's chapter of National Honor Society in which I helped to facilitate services projects through my school. I have also been involved with my fraternity's philanthropy committee and their services efforts in and around the Greater Boston Area and especially in the Medford, Somerville, and Cambridge areas. I have also worked as a tutor for other students throughout high schools and college for subjects such as calculus and algebra to help students better understand their content.",Yes,Yes,I am free most weeknights and a large part of the weekend.,"CS 11: Intro to Computer Science, CS 15: Data Structures, CS 170: Computation Theory, CS 23: Game Design","C/C++, Git/GitHub, Python, C#",My first introduction to computer science was the AP Computer Science Principles class in my junior year of high school. It piqued my interest in the field and was a major part of the reason why I chose to pursue a degree in Computer Science.,"A project that I'm proud of is a game I worked on with a few other classmates in the game design class here at Tufts called Lock and Key. Lock and Key is a 2D platformer in which there are two types of keys: keys for doors, and keys for abilities. Finding ability keys can aid the player or are necessary to find the keys for the doors. There are also boss fights at the end of each level sequence which adds variety to the level structure and difficulty. I built this project with four classmates using C# for scripting, Unity for assembling and building the game, Audacity for audio, Procreate and Photoshop for the art, and GitHub for storing the code and sharing it with each other. I worked primarily on coding the dungeon levels and UI, but also worked a bit on art, sound effects, and the player health and respawn systems. There were a variety of challenges that we faced along the way to building this game, but each challenge benefitted us in one way or another in the long run. For example, the scripts required to add certain functionality to obstacles and players became too difficult to reference with the tools we learned in class, so I had to learn C# scripting from scratch over the course of three weeks in order to be able to add the desired functionality. This made me feel much more comfortable with using C# and it allowed the game to have more complex features and functionality. In addition, some of the scripts provided to us from the class were not fully compatible with the design of our game. As a result, we had to edit a variety of the essential scripts in our game (such as player health, movement, etc.) or even rewrite these scripts entirely. While this was difficult, it helped tremendously in improving the performance of our game while also helping us further familiarize ourselves with C# and Unity. While these are only some of the problems we faced, these problems helped to improve and broaden our skill sets and come together into a final product that we were all proud of.",https://yvette-m.github.io/LockandKeySite/   (site for project mentioned above),3,5,2,6,10,8,11,4,7,1,9,12,"I admire the level of connection that is held between those who help those with food insecurity and those with food insecurity within Bread & Roses and due to this, I would love to aid in the development of the software they need to make their operations run more smoothly. In addition, I also admire how the Willy Project aims to brighten the days of fellow students around my age who may be having difficulties financially or emotionally. I would love to support this cause by aiding in their operations by developing the software they need.",,"Over the summer I strengthened my developer skills by completing three workplace simulations through Forage. This included:
A Software Engineering Simulation with Electronic Arts, where I proposed a new feature for the Sims 4 and wrote a Feature Proposal describing it to other stakeholders, built a class diagram and created multiple classes in C++ for various game objects. I also patched a bugfix and optimized the Sims 4 codebase by implementing an improved data structure.
I also completed a Cybersecurity Simulation with MasterCard, where I served as an analyst on Mastercard’s Security Awareness Team, and helped identify and report security threats such as phishing, and analyzed and identified which areas of the business needed more robust security training and implemented training courses and procedures for those teams.
Lastly, I completed a Cloud Platform Simulation with Verizon where I built a hypothetical new VPN product for Verizon’s Cloud Computing. This involved using command line Python to test whether Verizon’s VPN met the cloud-native traits, i.e. redundancy, resiliency and least-privilege and researching approaches to achieve application security and communicated insights in a PowerPoint Presentation. If I was accepted into JumboCode, I would be eager to continue to build on these skills, collaborate with others, and help serve the community.",No
9/19/2024 11:40:19,Pierce Baker,,he/him,pierce.baker@tufts.edu,2028,Prefer not to answer,I would like to join in real-world applications of CS to give me an insight on what a career in CS would look like.,"- I have co-founded a club at my high school that served to fundraise for a charity called ""Luz y Vida"", a Columbian orphanage largely made up of children with special needs.
- I have volunteered at the adaptive ski development program, where I helped teach people who have special needs ski at Mount Snow.",Yes,Yes,"The 8:00-9:15 I would have to leave early, as I have go to sleep for a 5am practice the next morning. I am available most days from 2:00-4:15, Monday up until 12PM and Friday & Saturday after 2. I am also available almost all of Sunday.",CS 11: Intro to Computer Science,"C/C++, Python, Java",I have been coding since middle school. ,"In the early stages of me learning Python, I decided to teach myself tkinter, and created a typing game that was loosely based around the online game ""bomb-party"" and ""nitro-type"". I never want to use tkinter again, but I take a lot of pride in being able to have used it successfully.",,9,6,2,10,7,3,12,5,4,8,11,1,"1. Disclosing endorsements and sponsorships and vital for protecting the schools integrity and the publics trust in Tufts research. Wanting to do research myself at Tufts, this serves as a great introduction into the research field and protecting the integrity of the school. Having read many medical research papers as I was younger such as ""Coca-Cola is good for you! -sponsored by coca cola"", would be incredibly frustrating because it would be taken and misrepresented by the public. 

2. Having come from a well-off background, and growing up seeing friends/students around me having their academics disadvantaged purely because of financial restrictions, I would love to help students with demonstrated financial need in any way I can, including celebrating the successes that they see in their life, the way that my parents did for me growing up.

3. The New England Innocence project seems like a very interesting project to work on, creating a web app showing client cases, and seems fulfilling in making an effort to help correct the many problems with the American prison system.

I was also very passionate about English at Large, as well as working with LCS Tutoring, then did a vague ranking system for the rest.",,I look forward to meeting everyone!,No I haven't
9/19/2024 11:44:15,Shannon Tang,,she/her,shannon.tang@tufts.edu,2026,Yes,I want to join JumboCode because I had a great experience last year and think that I learned so much and still have so much more to learn. I really enjoyed getting to learn new languages and improve my skills while also helping a cause I was invested in. I want to join JumboCode again this year to experience a new tech stack or gain further experience in languages I already know. I also am looking forward to getting to work on another product for a good cause and getting to meet and work with new people.,"I previously did JumboCode last year, working on a web app for a non-profit. In highschool, I volunteered at a few places as well as worked with a local pet shelter, organizing a supply drive for them. I am also a current TA for web programming.",Yes,Yes,"I am available Monday, Wednesday. and Friday evenings (after 7)","CS 11: Intro to Computer Science, CS 15: Data Structures, CS 20: Web Programming, CS 40: Machine Structures and Programming, CS 160: Algorithms, CS 170: Computation Theory","C/C++, HTML/CSS, JavaScript/TypeScript, React, Git/GitHub, SQL, Node.js/Express",My first introduction to computer science was my freshman year of high school where I took my first CS class.,"A project that I'm proud of was a program that allowed users to select from a few board games(connect four, battleship, and tic-tac-toe) and then play their selection. There was also an option to either play against another person (basically every choice was dependent on user input) or to play against the computer (user's choice was based on their input while computer's choice was from randomly generated numbers). Although not very impressive compared to what I have done recently, this project was my very first larger project where I had control over everything. I did this project for a CS class in high school, it was for a final project where we could choose to create basically anything as long as it fit the requirements. I had complete control over the design, data structures, and languages to use. It was challenging at first because it was the first time I was not given a spec or any ideas to branch off of. I eventually learned that if I took the time to plan things out, I could save a lot of time by only writing the code once. Although this project now seems like a normal HW for CS11, at the time I remember feeling pretty overwhelmed when starting and finishing the project and getting to play test it was so satisfying.",,10,5,9,7,12,8,11,3,1,2,4,6,"I am most interested in English at Large because I think that the cause of the program speaks the most to me as my parents and their families are immigrants. I have family members/family friends who are not the best at english and have struggled to be independent because of that. I am also equally interested Bread & Roses, LCS Tutoring, and A2Empowerment but I had to rank them differently for the form.",,,"Yes, I was on Dress For Success last year."
9/19/2024 13:04:46,Zhiqiang Li (Phillip),,He/Him,zhiqiang.li@tufts.edu,2028,Prefer not to answer,"JumboCode is going to be a really important experience for me as I want to get into the Computer Science field and being with JumboCode is perfect as I can engage with the community and build projects for nonprofits. I'm mainly looking for the experience I can gain with JumboCode and how I can make my own projects from the ground up, from planning into action.","I volunteered a lot during my time in high school, helping out at community events, trash cleanups, and many other tutoring events around my area. My most important one was tutoring at an afterschool where I taught K-8 on mathematics and English with occasional HTML and CSS which led to students having interest in Scratch and making their own projects.",Yes,Yes,I can meet on Monday and Wednesday free all day until 6 and then free at 8 again. I'm free on Thursday after 5 as well.,,"C/C++, HTML/CSS, Python, Java, Dart, Lua",The first ever introduction was my first ever computer science class in high school.,"There was one project which I struggled, but I loved doing which was my strategic tic tac toe. The point of this game is just tic tac toe, but you have to get however much you decide to win. For example, you get to decide if you want to connect by 3 or connect by 5 to win and you can also decide how big the board is whether it is 3x3, 4x4, or 5x5. However, the catch is that once you placed more than the amount you need to connect and win, then the one you placed first disappears on the board. For instance, if you had 3 Xs on the board and you are about to put down another, and that is where the catch is as the first X you put down will disappear from the board and if you put another X then second X will disappear and so forth. The game ends when someone get a connection of however much decided by the player. The build of this was built in Java and it required quite a bit of understanding of data structures and algorithms. One of the challenges of this project was to build it so it had to fastest runtime which I think was around O (nlog n) and keep the space complexity as little as possible. I recalled building it with a map and having two digit system; ones place as x value while the tenths place value as y value. I do agree though that this was not the most efficient method, but I did keep the space complexity low and the runtime was still around O(nlog n). Luckily, in the end it worked out and it turned out to be really fun as me and my friend went head on against each other. The thing I figured out with this project was that the game tends to take very long to end when the board gets too big so maybe next time I'll stick to classic tic tac toe.",,1,4,2,8,6,9,12,5,10,7,3,11,"My top choices are mostly related to educational and resource access. I chose these because I was a first year college student and I know the struggles of trying to find what resources were available around me so I thought it would be perfect for me to help community centers and nonprofit that focus on providing resources or networking of students and mentors. For instance, helping the West Medford Community Center and A2Empowerment are both very intriguing projects for me to work on as I can help give students resources to succeed. To me, bringing support to the helping cause of bridging people is very important to having educational breakthroughs in every field. ",I'm only uncomfortable working with others who tends to do things last minute and doesn't meet deadlines in time.,,Nope
9/19/2024 13:17:29,Spencer Anderson,,he/him,spencer.anderson@tufts.edu,2028,No,"I'm interested in learning about full stack development, cooperating on a large project with others, and developing a system over a whole year. I hope to gain more experience in tools I haven't learned and in working with non-profits to improve their systems.",I've volunteered at a local church with a food bank to help package and deliver food to those who need it. ,Yes,Yes,"I'm very available on Fridays, middays on Tuesdays,  and weekends. ",,"C/C++, Git/GitHub, Python, Java",I took a couple of computer science classes at a public library when I was about 10 and afterwards was very interested in learning more about computer science. At first I was coding for loops in a RPG style game and then expanded to a web development class.  ,"In high school, I built an online version of the card game War with a partner. The code supported playing from different computers through the use of sockets in C. It could handle many different players and would match players with either other players or a bot that would randomly select cards. In our game of War, you could select one of your top three cards to make it more interactive and skillful. We built it together using branching and merging on GitHub and broke up all of the functions so that we could both work on the code at the same time. The game could save and resume games between players and all of the data was stored on the host computer to centralize data and make sure everything runs smoothly. It was difficult making a digital representation of a deck of cards that could interact with each other and the logic for how the hosting computer would interact with the clients.",https://github.com/Stuycs-K/project03-final-9-audhyr-andersons/tree/main,2,4,12,6,1,10,7,9,8,3,5,11,"Whenever using Sis, I've been frustrated with the options we have to sort and how it's not very obvious what distribution requirements we've already completed. Dillard Academy is trying to create a program akin to SIS and I'm very excited to try and make something more intuitive. The West Medford Community Center group seems like a lot of fun. Since I volunteered at a food pantry for a bit, I'm interested in the Bread and Roses project and I was impressed by the presented stats and the impact they're having on communities and I'd love to help them help more people!",,,
9/19/2024 13:39:33,Ryan McClennen,,He/Him,Ryan.McClennen@tufts.edu,2027,No,"I was in JumboCode last year and I really enjoyed it! It felt like I learned a lot about web dev and general development practice in a team environment. However, I also felt like I was mainly doing frontend work, and I'm coming back now to try to round out my experience! I want to really learn about the backend and nitty gritty architecture that makes up a project and its functions. ","In high school, I volunteered with Wellesley TOPs, where I coached children with mental and/or physical disabilities in playing soccer. I also have volunteered at my local food pantry over the summer in the last few years, mainly helping with moving food and organizing donations to keep inventory. As I mentioned before, I was in JumboCode last year as well.",Yes,Yes,"Mondays I am open 12-5:30 and after 7:30, Tuesdays are pretty busy for me, Wednesdays I am open 12-6:30, Thursdays I am open any time before 3 and after 6, and Fridays I am open after 3. I would prefer to keep Saturdays open, but I am available after 5 if necesary.","CS 11: Intro to Computer Science, CS 15: Data Structures","C/C++, HTML/CSS, JavaScript/TypeScript, React, Git/GitHub, Python","I first started programing in my 8th grade robotics course, where we used RobotC to program Lego Mindstorms!","This past summer, I competed in a game jam with some friends! It was a four day game making competition with the theme ""built to scale"". We built a puzzle/platformer in Unity where you had to inflate/deflate a balloon to solve puzzles! This was our second year doing the game jam, so I think my team did a much better job with organization and task prioritization than last year. While a lot of the challenge came from the time crunch (I did pull an all-nighter at the end to finish things up), I was also forced to use a number of Unity's functions that I don't normally use. Animation trees, audio sources, the Vector3.Lerp method (yes, that's a real thing) are all parts of Unity that I rarely use but enjoy the challenge of implementing during game jams. Another not as fun challenge was dealing with git conflicts on the few occasions where me and my friends miscommunicated and changed the same file. Having never dealt with manually choosing changes, correcting git conflicts was an absolute pain to learn and perform, but I powered through because I knew we didn't have time to undo local changes.",,5,4,6,12,1,8,9,3,7,2,10,11,"I'm very interested in the Dillar Academy project! When it comes to their mission, I very firmly believe in the importance of education and it's ability to set people up in life. I think I was very fortunate because I was able to get a very strong education, and I would like to open that opportunity for other less fortunate people. Additionally, I have heard so many times about Uyghurs being mistreated (mistreated being an understatement, but I couldn't think of a better word) around the world, so I think it would be a good cause to help as a way to raise people up. On the programming side, I think there will be ample opportunity for me to get good experience in backend programming given the nature of a class registration system. I also can't deny that there will be quite a bit of catharsis in creating a better version of SIS.

I am also very interest in Bread and Roses! Volunteering at a food pantry shows the issues of food inequality in a way you don't get normally, and I see a lot of value in providing food through a more quality and restaurant-like environment. I think the way Bread and Roses operates is a great way to lift up people struggling with food insecurity. Additionally, groups I've worked with in the past like Wellesley TOPs have had similar issues to the one they want to solve, where communication was not very good and volunteers would be away for a week without people knowing. I would love to help solve these problems for Bread and Roses. When it comes to programming, I think it will be very fun and interesting to create a scheduling website, and handling registration through emails is something I have no experience with, so I think it will be a fun challenge all around!",,,"Yes! I worked on Dress for Success last year! It was a lot of fun and I learned a lot, but I really want to round out my knowledge this year and get more experience in certain areas (namely backend)."
9/19/2024 14:02:21,Sofia Alvazzi,,she/her,sofia.alvazzi@tufts.edu,2028,Yes,"I want to join JumboCode to get experience in working in a team on a coding project. I realize that there is a whole new side to collaborating on code and making components fit together, so I think it would be a great learning opportunity for me. I hope to gain new skills in coding as the languages mentioned in the GIM slides are ones I have never used before. I also want to join Jumbocode so that I work on a project that will solve a problem in a community or for an organization. Lastly, I really want to meet other people who are interested in coding and CS!","Back in high school, I was the leader of the changemakers group, where we coordinated students around the world with social activists so that they could interview them one-on-one and foster mentorships so that students could start their own service groups in their own school communities. Additionally, about a year ago I went on a school service trip to Nepal for 10 days where we organized fun activities for kids at our sister school.",Yes,Yes,"Mondays: I’m free between 10:15AM to 5PM, also free after 7:30PM except for 9-10PM. Tuesdays: I’m free 3PM to 7PM, and after 8:30PM. Wednesdays: free 12PM to 5PM, and after 9PM. Thursdays: free 3PM to 5:30PM. Fridays: free in the morning and after 3PM. Saturdays/Sundays I am generally free anytime.",,Java,Took AP CSA in junior year of high school and really liked it.,"Back in junior year, my group and I competed in a competition to solve a problem in our local community. We decided to create a food tracker app that would warn the user X days before a food item would expire. At first, we were determined to make our solution as an iOS app on Xcode, but due to time constraints, we made it on Thunkable. First, we planned our UI design on Figma, and then coded it on Thunkable. One challenge we faced was time management, as although we theoretically had about 3 months, we wasted the first month with unfocused weekly team meetings. When coding the app, another challenge we faced was storing the user’s data externally in a Google Sheet, and creating a calculated property of days left before each food item expired. However, in the end we successfully managed to finish developing the app.",,7,1,4,6,3,10,8,11,2,5,9,12,"My top choice is Village Food Hub because I think that having access to healthy food while promoting environmental sustainability is really important. A few months ago I watched 'You Are What You Eat' on Netflix, which opened my eyes to the impact on which the food we choose to eat has on the majority aspects of our lives.

Access to education is another cause that I really care about. For generations of families who are in a cycle of poverty, education can help them break out of it. In addition, education can make a difference in creating a more stable society where citizens are more informed about issues. I really want to help make a difference in this, so that is why my second and third choices are English at Large and Dillar Academy.",,,No
9/19/2024 14:10:36,Seth Morton,,He/Him,seth.morton@tufts.edu,2027,No,"JumboCode's community focus really caught my attention during the GIM slides. As someone who's passionate about CS, I'm always excited to connect with others who share that interest. The club's approach to web development is particularly appealing - it's not just about coding, but about making a real impact by helping non-profits while also giving developers hands-on experience with industry tools.

I've seen how competitive the CS industry can get, so I appreciate JumboCode's efforts to create a more collaborative environment. It's refreshing to see a club that values the people behind the code as much as the projects themselves. From what I've heard, this community aspect is what sets JumboCode apart, and it's exactly what I'm looking forward to being a part of.

The combination of technical growth, meaningful projects, and a supportive community makes JumboCode stand out. I'm eager to contribute my skills and learn from others in this unique environment.","Over the years I've volunteered at a science museum, a homeless shelter, and the Smart Border Coalition, which is a coalition of business people and politicians in San Diego all aiming to improve efficiency at the US/Mex border.

My most significant volunteer experience was with the Smart Border Coalition, where I dedicated over 350 hours to a project aimed at improving efficiency at the San Diego/Tijuana border. The core of my work involved developing two key components: a comprehensive database and a real-time dashboard.

Initially, I discovered there was no historical record of border wait times. To address this, I created a database from scratch and set up a cron job that automatically scraped data from Google Maps and the government website every 30 minutes. This automated system consistently updated our database, providing a robust foundation for analysis.

Building on this, I developed a real-time dashboard to analyze and visualize the border wait times. This tool allowed stakeholders to easily interpret trends and patterns, facilitating more informed decision-making to improve border efficiency.

The impact of this project has extended beyond my initial involvement. Since its implementation, other developers have utilized the database for various analytical projects, which I find extremely awesome!!",Yes,Yes,I'm generally available in the evenings - I'll absolutely be able to fit in a one-hour weekly team meeting. ,"CS 160: Algorithms, I transferred from Northeastern, the reason CS 160 but no pre-reqs.","C/C++, HTML/CSS, JavaScript/TypeScript, React, Swift, Git/GitHub, SQL, Node.js/Express, Python",My first introduction to CS was when I was 12 - I built a website for my photography business because I couldn't afford the Wix fees,"Choosing a standout project from the 30+ I've built isn't easy, but SolarUp, which I developed at HackHarvard, holds a special place in my heart. 

The idea was to create software that helps business owners determine the cost-effectiveness of installing solar panels on parking lot rooftop canopies. We had to factor in the costs of canopy construction, solar panel installation, and potential revenue based on surface area and local solar irradiance.

We faced our share of challenges - I even had to implement Selenium on the cloud for one of our data sources, which was quite the task. But in just 24 hours, our team managed to integrate all the necessary APIs, algorithms, and UI to create a functional web app. Our efforts paid off when we won second place in the Earth & Space track.

What makes me particularly proud is how well our team worked together to bring this complex idea to life. I'm also thrilled about the concept itself. After the hackathon, I reached out to the lead researcher in this field, who had proven that solar irradiance in the continental US could make any parking lot rooftop canopy profitable. Their support and feedback were incredibly encouraging.",https://sethmorton.xyz/,2,3,9,4,8,10,7,1,5,6,11,12,"All the projects presented were truly impressive, each with unique strengths and potential for impact. My preferences were primarily shaped by how compelling each organization's presentation slides were, particularly those focusing on community-building aspects.

LCS Tutoring and West Medford Community Center stood out to me primarily because of how effectively they communicated their vision and values through their ""Why you should join"" slides. I also loved the AWS usage in West Medford Community center and the Vite usage in LCS Tutoring.",,,No
9/19/2024 14:47:53,Hailey Baughman,,she/her,hailey.baughman@tufts.edu,2028,Yes,I would really like to gain some experience and actually see what a potential career path could look like if i did decide to major in computer science. I would also like to learn about different programming languages and applications. ,"I coached a youth summer hockey team with my dad a few years ago. I also did a lot of service projects and volunteering through my high school. We went to food banks, Cradles to Crayons, and some similar organizations for a few hours or the day. Before COVID, I had the opportunity to work with a preschooler from a local school that I went and read throughout the year. ",Yes,Yes,"Tuesday after 4, Wednesday after 1, Thursday after 4, Friday after 4, Saturday and Sunday technically any time, but I go home some weekends.  ",,"C/C++, JavaScript/TypeScript","I worked with scratch and scratch junior a lot in elementary and middle school. In high school I took both AP computer science classes. In AP CS principles, my teacher chose to use JavaScript and all AP CSA classes are taught in Java. ","I made a game for one of my CS classes in high school that I was really proud of. It had a group of colored circles on the. teen in different colors. Each round, one dot was randomly assigned to be the exploding dot. The goal was to press every other dot before the exploding one. When the user pressed a dot that was not the explosive, it disappeared from the screen. If they clicked the explosive dot, the screen would be covered with smaller, randomly sized dots of that dot’s color and would display a failure message. If the user made it to the end, and had only the explosive dot left on the screen, a congratulatory message was printed. ",,9,7,8,11,12,1,2,3,10,5,4,6,"I ranked it by the causes that I’m most interested in working with, while also taking into account what the project itself is. I’m open to working with any of the groups though!",,,No
9/19/2024 14:51:01,Vansh Chavda,,He/him,vansh.chavda@tufts.edu,2028,No,"I have innate passion for Computer Science and Jumbocode serves as a platform to learn more about it with like-minded people. I also want to level up my web development skills as I have previously done minor projects in HTML, CSS and JS. Lastly, as an individual majoring in CS, Jumbocode allows me to work on CS projects and mentorship from awesome people will help me land internships and jobs.","I have worked with an orphanage back home, teaching Mathematics and English to kids aged 5-12.",Yes,Yes,I am available at that time,CS10,"C/C++, HTML/CSS, Python",Diversity calendar project in high school which served to be a platform where all school students could showcase their cultural festivals and holidays.,"In high school, I helped lead a project to make better cooking stoves for people in the rural communities near the school. These stoves made less smoke when burning wood, which helped stop people's eyes from getting red and sore.

We built the stoves using clay bricks, iron sheets, cement, and metal rods. We made them for people who couldn't buy them on their own. It was designed in a way that would allow almost complete combustion of wood.

Getting money for the project was hard at first. We paid for the first stove ourselves. But then others saw how well it worked and gave us money. We got about $300, which was enough to make five more stoves. We also faced many complaints from initial users and incorporated them to improve our design.",,1,10,7,6,5,3,8,4,9,12,11,2,"My first preference in WMCC because of their wealth of experience (4 people) and want to hop on Dan's food(well cooked and better than Dewick's hopefully). Tufts General Counsel is my second choice because I love python and would have wanted it as my first choice as well. New Innocence Project, comes third because I have met these folks in CSX GIM and they have had amazing experiences working outside Tufts. Nonetheless, all projects have amazing folks and happy to join any based on the rankings. No hate against the least ranked ones.",,,No
9/19/2024 14:57:51,Dylan Yu,,he/him,Dylan.yu@tufts.edu,2028,No,"I have been coding for two years through high school, and I plan to major in computer science here. I absolutely love coding, due to its problem-solving nature. JumboCode will give me the opportunity to continue to code outside of class, allow me to sharpen my coding skills, and allow me to use my coding ability to help others. JumboCode will also allow me to get real world developing experience.","I volunteered as an assistant coach for a youth rock climbing team. As a coach, I helped the kids learn and solidify foundational climbing techniques. I also gave them workouts as warmups and conditioning in order to help them build the muscles that they need to build to be successful at climbing. I worked with a variety of learners in large groups, small groups, and one on one. ",Yes,Yes,"I am mostly free except for classes. I do plan on auditioning for one of the acapella groups again next semester, so if I make it in, I could have rehearsals and performances to attend. Other than that, I am part of the Tufts Mountain Club and I often go climbing.",I've taken AP Computer Science A and Principles,"Python, Java",My introduction was a high school class.,"The project that I am most proud of is a long-term project for class that I worked on in my senior year of high school. It was a working interactive Jeopardy! board with a set of questions associated. The board would show the remaining available questions, and it would take you to each question when you clicked on it. To build it I designed a ""question"" class with methods to click it, view it, answer it, check the answer, and assign values to it. I also designed a ""board"" class with methods for covering used questions and arranging the questions on the board. To arrange them, I used a 2D array to organize the questions, and I iterated through the array. I also had a scoreboard class that was implemented at the bottom of the screen to show the player's score. ","Unfortunately, I lost all of the files, as they were on my high school computer. ",10,4,6,1,8,3,12,5,9,2,11,7,I honestly just ranked based on what causes I found most pressing when I read about them.,Nope,,No
9/19/2024 15:09:33,Tommaso Smith,,he/him,tsmith22@tufts.edu,2027,No,"I want to join JumboCode because I would like to apply the skills I have learned in my Computer Science classes to applications in the real world. It will be a good way of learning the day to day and standards of professional programming and gain better practical skills in programming.
I also have created a project in the past which attempted to create an application of google maps that takes into account air quality along the route. In this project, I learned how to turn algorithms into a product which is easy to interact with and allows people who do not have knowledge of programming to use. I hope to learn more about how to create a positive product for everyone through JumboCode.","I have worked to improve others education for much of my life. My first official experience was volunteering at Outreach360, a program dedicated to helping teach underprivleged kids in Nicaragua. There I worked as a Math teacher, teaching two classes with my Co-teacher over Zoom for a month. We went over shapes, addition, subtraction, and basic multiplication by the end of that month. The students had a full comprehension over these subjects and excelled at all the subjects. On the last day, the students wished us good-bye and even made signs thanking us for our work.
This inspired me to continue my path towards helping education in my local community. I tutored many people through my National Honor Society, helping them understand concepts of math and physics. I also applied for a job at the local CodeNinjas, helping teach kids ages 5-14 about the basic concepts of Programming and how to think algorithmically. I continue to strive to teach people in my local community and improve access to education for all.",Yes,Yes,"I am available all-day Sunday, Friday after 12:50PM, and Mondays and Wednesdays after 7:15 PM",CS 11: Intro to Computer Science,"C/C++, JavaScript/TypeScript, Git/GitHub, Python",My first introduction to computer science was learning Scratch in 2nd Grade. There I first learned how to use the blocks to make algorithms to make functional games and animations. I have been programming ever since.,"I am proud of the BreatheEasy application that I created with three of my friends for a hackathon. The project was an application based on the Google Maps API that took into account the air quality along a route. We worked on splitting the project up into individual tasks and then we each individually tackled difficult tasks to create a full project by the end of the month. The most difficult challenge we faced was translating the User input into a visible map. We had to translate the inputs into coordinates and markers and then translate the coordinates into a blue path along the road and directions. We researched how to call the Google Maps API and attempted solutions we thought would work after planning out an algorithm together. Eventually, at the end of the week that we working on this issue, we finally made a working algorithm combining our research and ideas together.","https://github.com/Joeweh/BreatheEasy, https://github.com/EoaNB-Team/EoaNB",10,7,12,1,9,2,11,3,5,8,6,4,"As I like to learn about history and help increase educational opportunity, I would most like to help out on the project of creating a web application for the Somerville Museum which combines both interest. Educational projects in general I would like to work on so projects which involve Education like LCS Tutoring and English at Large heavily appeal to me and I would love to work on. I also am interested in possibly becoming a Lawyer so the Innocence Project and Tufts General Counsel also greatly appeal to me to help work for. Other programs that help distribute food to the hungry also would interest me to help out with since hunger is such a major issue and any step I could make towards ending Hunger would be a good one.",,I am also currently working on a mod for the game HOI4 and I have taken Data Structures before as a class in my high school and recieved an A.,
9/19/2024 16:53:49,Michael Bachman,,He/him,michael.bachman@tufts.edu,2028,No,"I am just beginning to learn CS and I think JC will be a great opportunity to learn about the professional field of computer science, to learn some programming, and to make friends/connections with a similar interest in CS.","I’ve volunteered for a couple causes over the years (adopt a grandparent, tutoring, etc.) and I was in the FOCUS pre-o.",Yes,Yes,"I’m available on Wednesday starting at 8 pm, and I’m available on Tuesday, Thursday, and Friday after 4 PM",,"C/C++, Python","CSCI 1133 at the University of Minnesota my first sem of senior year in HS, it was an introductory coding class that used Python.","I worked at a bagel shop back home and I made a random bagel sandwich generator in Python. It’s a very simple program but it’s the first thing I coded outside of class, and it was a lot of fun to both make and use. A few of my coworkers even asked me to bring in my laptop so they could use it themselves.",,1,10,6,3,12,2,5,7,8,4,11,9,I have a connection with Sarah (NEIP) and Dan (WMCC) which is why I chose those as the top 2.,,,I have not
9/19/2024 17:39:41,Allen Wang,,he/him/his,zhufang.wang@tufts.edu,2026,No,"I want to join JumboCode because I’m looking for a place where I can learn and beyond  the classroom. I’m looking for a collaborative space where I can make meaningful connections and contribute to real-life projects. By joining the club, I hope to gain a deeper understanding of the software engineering/developer profession and how different roles, such as project managers, visual designers, and developers, contribute to a team. What’s more, I hope to learn various platforms/softwares in the tech stack, including front-end, back-end, and other essential tools, because we don’t typically learn these skills in the classroom. So JumboCode will provide me with the professional growth I need to be prepared for future internship/career opportunities. 
","This past summer, I worked as a Teaching Assistant at the MFA's summer studio art classes, teaching children aged 5 to 17. At the same time, I worked at an art school in Brookline, where I was responsible for teaching adults watercolor and planning community engagement events. I organized events such as a full-day family art bonding event at Castle Island and a beach face-painting activity with the Wollaston community. Even in high school, I served as the Head of the Meals Team for the Special Olympics for four consecutive years. I’m passionate about volunteering and working with the community because it allows me to contribute to the community and inspires me to see my values. 
",Yes,Yes,"I am available every night from 7:00 PM to 10:00 PM, Wednesdays from 8:00 AM to 12:00 PM, and Fridays from 12:00 PM to 5:00 PM.
","CS 11: Intro to Computer Science, CS 15: Data Structures, CS 170: Computation Theory","C/C++, Git/GitHub","I came to this school as a Fine Arts major, but I’ve always had an interest in STEM. I took CS11 with Professor Megan in my freshman year spring, and I really enjoyed the class. It motivated me to continue exploring other courses in the CS department, which eventually led me to declare my major in it.","I’ve worked on various projects through my CS11, CS15, and CS40 classes, but I’d like to highlight something different. In my game design class last year, I led a team to create Alien Traveler, a game where a trapped alien uses time travel—moving between the past and future—to find tools and escape a lab. The game’s mechanics are unique, as actions in one timeline affect the others. For instance, the alien could plant a seed in the past, jump to the future to pick the apple, and use it to solve a puzzle. While the game’s mechanics were fascinating, my main responsibility was the visual design. Using Procreate and Photoshop, I designed and animated characters in different timelines, created game environments, developed the game’s logo, and crafted interactive in-game objects. It was an exciting project.
","my website is down but you can find ""my_art_portfolio"" in my Linkedin: https://www.linkedin.com/in/allen-wang-459125220/",1,9,7,10,8,5,11,2,4,3,12,6,"West Medford Community Center: I chose this project because it focuses on enhancing the newsletter system for the West Medford community. I’m particularly drawn to it because it’s close to where I live and is a community I feel connected to. I always wanted to use what I’ve learned in the classroom to give back to the community I belong to. 

LCS Tutoring: 
I chose this because I believe it has the potential to significantly impact the lives of Tufts students, something I’ve personally experienced. I’d love to contribute to improving the tutoring experience, helping make it even more beneficial for my fellow students.

Bread & Roses:
I chose this because it’s another project that connects with the local community.

English at Large:
I chose this because of the team’s energy and vibes.
",NOPE,I'm looking forward to joining JumboCode this year and contribute to the team.,"I haven't been in JumboCode before, but I've applied for multiple times."
9/19/2024 17:42:51,Warren Lowe,,He/Him,warren.lowe@tufts.edu,2028,No,"I want to join JumboCode to bring greater depth to my practical CS skills and experience, while also giving back to the community. In high school, I took every available CS class, from textbook coding courses to game development seminars to circuitry workshops. Now, as an aspiring CS major, I want to put my current skillset to use as I continue to learn and grow. 

Specifically, I want to learn more about real world applications of CS and prepare myself for a career in CS, such as the different front-end and back-end softwares that are commonly used by software-development firms. I have little to no experience with most of the programs mentioned in each project's tech stack and am excited to learn about each one. I am confident in my coding and problem-solving ability and want to challenge myself with learning new languages and new programs like HTML or CSS.

Most importantly though, I have been looking to build on the community work I did before Tufts. For me, JumboCode is the perfect organisation, one that combines my interests with my passions.","Throughout high school, I worked closely as a student volunteer with two non-profit charities in urban London, The Doorstep Homeless Families Project and The Rugby Portobello Trust. 

At Doorstep, I ran activities, tutored, and prepared food for the children of the families there as part of an after-school care program. The children I worked with ranged from ages 4-12. 

At Rugby Portobello, I also served as a tutor, specifically for middle school level math and coding. 

Additionally, I have acted as an English tutor for friends of family friends in China.",Yes,Yes,"Currently, I am free after 8pm everyday except Tuesday.",CS 11: Intro to Computer Science,"C/C++, Git/GitHub, SQL, Python","I have been coding since middle school, starting with Python.","A project I am proud of was one I worked on for a Game Development Class. Using Unity in C#, I created a super-mario inspired third person platformer. As this was the capstone project of the class, the process aimed to replicate a real game-developer's process. I had to find a client, listen to my client's requests and vision for the game and check in with my client regularly to show progress updates and take further feedback. Ultimately, my game, along with a few others from that class were taken to be shown at my high school's annual CS Expo as a showcase of the different classes offered by my high school's CS department.",,4,10,11,9,3,7,8,1,5,12,2,6,"As I am looking to grow and build upon my previous community experiences, I chose JumboCode projects that are centred around education and assisting with educational opportunities in the wider community. ",,,No
9/19/2024 17:47:06,Shepard Rodgers,,He/Him/His,shepard.rodgers@tufts.edu,2027,No,"For me, JumboCode is an exciting opportunity to create something meaningful with the skills and tools that I have been cultivating at Tufts. As a CS major who is also studying Science, Technology, and Society, I am fascinated by many of the projects that JumboCode supports, because they are a testament to how computing technologies can be paired with purpose-driven work to create real social impact, especially in our local communities. 

My work with JumboCode's Theatre@First team last year was a fantastic experience. I had the chance to work with a strong team of people who share my interests, advance my development skills, and deliver a meaningful web app to a local non-profit (Side note, I even found out that one of my team members is practically my neighbor in NY). However, I felt that I had been thrown into the deep end, as I had joined JumboCode with minimal coding experience. While I learned a lot from my team, I still had lots of questions by the end of the year, so I put in some time this summer to improve my skills with HTML, CSS, and other tools. I hope that this year, I will have the chance to put these fresh abilities to use and develop them (along with other new skills) even further!","In high school, I was a member of the Tri-M Music Honor Society, in which I volunteered to bring musical events to life in my community through organization and education.​​ I was also involved with volunteering, fundraising, and meeting with various groups such as the National Honor Society, Black Student Union, and Students for Gender Equality. In my Junior year of high school, I was selected by school administration to serve as a student representative on Superintendent Focus Groups. Discussions covered various topics including the quality of student life, racial inequalities, accessibility, and staffing.

I also spent three years volunteering with Fareground, a local nonprofit in NY focused on food justice for low-income communities especially hard-hit by the pandemic. With Fareground, I packed and distributed over 700 meal packages to families in need, a valuable experience that exposed me to hardship and unfamiliar perspectives.

In the spring I worked as a TA for CS-11, and I am excited to do so again this semester! Being a TA, especially for 11, has been both a rewarding and informative experience, as I have had the opportunity to introduce students to the fascinating capabilities of computing for the first time. Meanwhile, I get to put my code analysis and debugging abilities to the test in office hours, labs, and grading meetings.
",Yes,Yes,"I have late afternoon and evening availability every day of the week, not counting 1-hour TA responsibilities on Tuesday and Thursday evenings. I am also not very busy during the weekends. I am flexible, so overall will be happy to fit a 1-hour team meeting into my schedule.","CS 11: Intro to Computer Science, CS 15: Data Structures","C/C++, HTML/CSS, Git/GitHub, Python","In my Junior and Senior years of high school, I took introductory classes in computer science, including AP CS Principles. However, CS-11 was my first real exposure to a challenging coding project.","In the summer of 2020, I fulfilled a long-time dream by spending my savings on a camera drone. I spent weeks capturing footage of the Adirondack Mountains and Lake Champlain. Using Adobe video editing software, I began splicing my footage together with music, matching video cuts with changes in the rhythm or key of the song. The process was very time consuming, as I had to teach myself how to use these highly complex recording and editing technologies. I nearly dropped my drone in the lake on a number of occasions, and looking back, I would probably have made some different editing choices. But being stuck in quarantine I had time to teach myself these things. In the end, I developed a short film that tells an audio-visual story while conveying the natural beauty of the region as well as the range of emotions that I associated with different parts of my visit. This video remains one of the artistic creations I am most proud of, although since its inception I have created other works involving drone videography. I have linked the video in the next section of the form.",https://youtu.be/L1IiSl7-jL8?si=GpKTOPgKTDgkAK7I,1,6,7,2,12,3,11,5,9,4,10,8,"The West Medford Community Center is an exciting project option for me because I was involved in an effort in my hometown to allocate local government money for a community center where people could play music, host events, and provide community support. I would love to be a part of this project to support all of the important activities and work that WMCC does for our host community. I am also intrigued by the group's use of AWS in the tech stack, which is a technology I would like to learn more about.

The Somerville Museum Project is exciting to me because it resembles the work I did last year with Theater@First where we built an inventory system for another local somerville organization. I would love to apply this experience to a new and exciting project with a fun team. I also think that historical preservation is an awesome use of our skills as developers (and want to be in Night at the Museum 4).

The New England Innocence project interests me because computing technologies today are often used for greater surveillance and incarceration, like predictive policing. Also, living near a maximum security prison, I have seen the effects of mass incarceration on prison-adjacent communities. So it is exciting to see an opportunity to use these same computing technologies to combat wrongful convictions.

My volunteer work with Fareground to support local food access aligns with the missions of both Bread & Roses and Village Food Hub, and so I have put these nonprofits high on my list as well.

Overall, I am impressed by the missions of all JumboCode projects this year, but these are the groups I would be most excited to work with.",,"So hyped for another year of JumboCode, thanks!",Yes! I worked on the Theatre@First project last year.
9/19/2024 18:23:14,Daniel Jakab,,he/him,Daniel.Jakab@tufts.edu,2028,No,"I want to join JumboCode to both find a community of socially minded and diverse coders at Tufts and make a lasting impact on the local community. The idea of a computer science club that can bring together computer science students, gives valuable coding experience, and does so through community service is very exciting to me. Going into college, it seemed to me that most of my time coding outside of classes would be limited to hackathons, LeetCode, and projects that serve only monetary gain or were for a resume. Although I enjoyed coding, I was dreading the seemingly meaningless grind that many computer science students endure in hopes of landing an internship or job. Although JumboCode will impart the same technical skills as these activities, it will be exceedingly meaningful not just as an experience to myself, but to an organization committed to doing good.  By joining this club, I hope to gain a community of civically minded coders, coding skills, and most importantly a meaningful and productive experience working with a non-profit organization.","My experience with volunteering has mainly been with my local food pantry, my local library, and several community engagement programs for children with disabilities. With my local food pantry, with which I have been volunteering since middle school, my responsibilities were to procure, organize, pack, and deliver groceries to those in my own and surrounding towns. With my local library, I taught beginner computer science courses to elementary and middle schoolers, varying in subject matter from scratch to java. Unlike the food pantry, which often stressed confidentiality between volunteers and patrons, this experience allowed me to develop meaningful relationships with my students and get them excited about coding. Lastly I was involved with several organizations dedicated to serving children with disabilities most often assisting in running activities such as sporting events or various outings. As someone with family members with disabilities, this service has been extremely meaningful to me as I’ve seen the type of impact it can have on people with my own eyes in my own home. Additionally, this is the service I am most excited to continue to engage with at Tufts, as I have already joined the Giving Camp Club and done the Giving Camp pre-orientation under FOCUS which focuses on adults with disabilities.",Yes,Yes,"Availability:
Monday: 10:30-2:30, 6-8:30
Tuesday: 12-10
Wednesday: 10:30-2:30, 7:30-8:30
Thursday: 12:00-7:00
Friday:10:30-2:30, 6:30-10
Saturday:10-9
Sunday: 10:00-2:00, 4:00-10:00",,"HTML/CSS, JavaScript/TypeScript, Python","My introduction to computer science was a high school class I took in 10th grade called ""Computer Science"" where we learned some C.","A project I worked on that I was proud of was a website I created with some members of my high school computer science club that connected high school computer science students with businesses and non-profits for what we called ""micro-internships,"" short coding projects that didn't require more than a week or so to be completed. Before starting this project, I had very little experience with creating websites and had no experience with any of the tools we were going to be using. Despite this, I worked hard to attain the necessary coding skills and even more time to help construct the website. To build the website, we used TypeScript, Angular, MongoDB, GitHub and Node.js. Although all of these tools were used, I most often worked with angular and TypeScript. Beyond the coding aspect, this project provided us with many administrative challenges as we went to local businesses and tried to convince them that working with us would be beneficial both to the students and them. As a team, we were able to connect several students to these companies, however each individual micro-internship was taking us tens of hours of door to door work to find. Despite our struggles in connecting students with these companies, we were able to amass more than 3,000 registered users on our website. Eventually, due to dwindling usership and lack of internships, the domain owner of the website decide to hyperlink it to one of his other similar ventures, which I was not involved in. Despite it not working out the way I wanted in the end, this experience made me learn a lot more about coding and helped me know I wanted to pursue CS in college.",,5,1,8,3,7,2,6,4,11,9,10,12,"I chose Village Hub Food as my first choice because I have worked with local food pantries before and understand both the good that they do and the lack of resources that they often operate with. The food pantries I have worked with often use notebooks upon notebooks to keep track of clients, donations, scheduling for volunteers, and any other administrative task that needs completing. I would be very excited to work with Village Food Hub for this reason, as I'd have first hand experience with the issue being addressed. I selected my second choice, the New England Innocence Project because of the chance to help make a massive impact on those unfairly imprisoned by the criminal justice system. The criminal justice system and prison reform is very interesting to me, so I believe I would find this project highly meaningful. I selected my third choice, the Somerville Museum, because I enjoy learning about history and I believe I would very much enjoy working with the organization. Although these are the projects I would most like to work with, all of these organizations do tremendous good and I would be equally excited to be working with any of them.",,,No
9/19/2024 19:31:08,Anne Wu,,she/her,anne.wu@tufts.edu,2028,Yes,"I want to get more industry experience in software engineering and also see if that type of career would be the right fit for me. Though I have prior experience with coding for projects in high school, I want to learn more about how these skills are used in a real world environment and gain experience with the modern frameworks that are being used in the industry. I also like the focus this club has for giving back to the community, since I believe that technology's main role should be to help the lives of others.","I contributed to a project where I led a team to design a alarm system for a care home, specifically for our client: a blind man who relies on a more unreliable system to let his caretakers know that he needs assistance with a task. This was the first time I used my technical experience to create something for a client, and I was the main contributor to the software portion of the device.

Outside of that, I also have experience with tutoring and have spent 80+ hours volunteering at Community Servings, a non-profit that sends out tailor-made meals for people in the area with chronic or critical illnesses. I have also assisted with my high school's chapter of Society of Women Engineers NEXT, helping young women become more engaged with STEM through experience with robotics and CAD.",Yes,Yes,"My current availability is a bit nebulous right now due to this being my first semester at Tufts. I'm still trying to see what clubs I want to participate in, so those times aren't set in stone yet. That being said, here are some times that I 100% *cannot* do this semester:

Sunday: all free
Monday: 10:30 AM - 2:45 PM, 6 PM - 7:15 PM
Tuesday: 12 PM - 2:45 PM, 6 - 9 PM
Wednesday: 10:30 AM - 11:45 AM, 1:30 PM - 2:45 PM, 6 PM - 7:15 PM
Thursday: 12 PM - 1:15 PM
Friday: 1:30 PM - 2:45 PM
Saturday: 1 PM - 3 PM (probably)","Duel enrolled at WPI during high school senior year. Took Accelerated Intro to Program Design (CS1102), Accelerated Object-Oriented Programming (CS2022), and Algorithms (CS2223)","C/C++, HTML/CSS, JavaScript/TypeScript, Git/GitHub, Python","In middle school, my first exposure was using Scratch in a club I was in. I got a Python book a few months after.","During my senior year in high school, I took many CS courses at Worcester Polytechnic Institute (WPI). In one of my courses, CS 1102, we had to use Racket, a language that was very different than I was used to. It was based on LISP, which meant that all iterative processes were done using recursion and everything was based on lists. One of the hardest projects that I had to do in this class was a Tic-Tac-Toe game. In it, my partner and I had to implement a computer for the player to play against that utilized a minimax algorithm. Because of a combination of lack of experience with the algorithm, working with a new language, and 8 layers of recursive insanity, this ended up being the hardest project of that class.

Implementing player interaction was simple enough, but once we got to the minimax part of the project, we were at a roadblock. Every time we ran our code, it always seemed like we were one step off. The computer would suddenly fill the board with Os. We fixed that. Oops, the computer now played a whole entire game by itself. Ahh, silly computer, you have to only go one step in the tree, not all of them at once! 

After we were finally able to resolve what felt like countless bugs in our system and did our very last tests, we looked over our code again. What ultimately helped us finish this project was splitting everything into smaller chunks, making and constantly revising plans, constant testing, and sheer determination. It was absolutely not perfect, but with a combination of teamwork, 10 diagrams scrawled on lined paper, a function that was really 12 or so nested lists, and a 4 hour session in the library, we had done it. That feeling of satisfaction and pride we felt in our work was immense. 

Experiences like this are what have drawn me to engineering and computer science. The feeling I get when I've solved a puzzle like this one is always what keeping drawing me back. And now, I am excited to use those skills to help out this community!",https://annewu109.github.io/index.html,5,6,7,3,10,11,12,1,2,4,9,8,"I mainly chose the projects that I would have a design that interested me the most and would give me more industry experience. For example, LCS Tutoring automates a matching process between a tutor and a tutee based on their preferences, which I felt would be the most interesting project algorithmically because a lot of factors go into matchmaking and trying to balance all of them seems like an interesting challenge. For English at Large, what appeals to me is being able to connect with a professional software engineer within the organization.

Other projects, contribute to causes that I have personally engaged with in some way. For English at Large, my parents are immigrants that had to learn English largely on their own, so I really appreciate the cause this project is contributing to. For Bread & Roses, I have volunteered at another organization that helps against food insecurity that does have a web app to organize volunteer times.

That being said, all of the projects contribute to great causes and I would be fine with being part of any of them, but I lean towards my first 4 choices a bit more than the rest.",,"Good luck to the people who have to read like 100 or so applications and have to parse through who goes into what group, I salute you",First time in JumboCode.
9/19/2024 20:02:26,Lance Haugh,,He/HIm,lhaugh01@tufts.edu,2027,No,"I would love to join JumboCode to connect with and give back to the community around Medford. Throughout my life I have volunteered around my home town of Oakland California trying to help the oceans and bays near me because they are what I grew up swimming in and through that they grew very close to my heart. I hope that my work in JumboCode can bring these same needed non profits more outreach and ability to produce more work so that they can achieve their goals. I also would love to connect with the community around Medford and interact with these non profits to see change in my community. Moreover, I would love to work in web development in the future and one of the best ways to learn is through a project with other student mentors who have been in the same place I am now. The community and team that JumboCode brings is very appealing as it will introduce me into a whole new field of coding that I hope to enjoy and learn all about through my mentors. Overall, I want to make a difference in the community around me as well as learning a new way to create change through web development.","I was a peer counseling leader in highschool where we helped freshman acclimate to the school, putting on weekly meetings that I led to organize events, schedules, and a camping trip for over 80 freshman.
Over summer I did volunteer work for a Deep Ocean Exploration and Research company trying to reduce waste in my local bay by gathering different trash and organizing it into a spreadsheet to try to reduce waste from the source.
During another summer I did very light web design but mostly article writings and photography for a non profit company trying to restore kelp in the Monterey bay. 
Throughout highschool I was also a Japanese Culture Club leader co leader leading events and weekly meetings.",Yes,Yes,"I am free Monday nights, most weekends, thursday nights, friday nights",CS 11: Intro to Computer Science,C/C++,My first introduction was doing AP CSP in my highschool which I enjoyed leading me to doing AP CSA the very next year. ,I think the computer science project I was most proud creating sushi go for cs11 or creating a choose your own adventure story in my highschool where we had the computer pull video files and play them as you selected your option. The way we build the adventure project was through java and it required a lot of brainstorming as it was a three person project where we were all coding at similar times working on different parts. The communication was the hardest part because we all wanted to implement it in different ways but then came together and created a project I still look back on fondly,,3,12,10,4,6,2,9,7,1,5,11,8,"I would love to work most on English at Large, New England Innocence Project, Western Medford Community Center, or the Somerville Museum because of how much they give back to the community around us while seeming like a thrilling website/app to create.",,,No
9/19/2024 20:14:40,Claire Lee,,she/her,claire.lee@tufts.edu,2027,Yes,"I am interested in joining JumboCode again because I want to continue using my passions to leave a positive impact in my community. JumboCode focuses on confronting community challenges and working to make a real difference – I want to be a part of making this change happen! Even with my minimal experience, I have always loved web development and really want to expand my knowledge. Additionally, participating in JumbCode last year actually helped me realize that I want to continue with computer science and pursue software engineering in the future. Through JumboCode, I hope to gain real-world experience in software development, especially full stack, and project management. Joining a fun community of people who are just as excited about software as I am, also excites me!","Throughout high school, I was involved in a few different volunteer organizations. Every Sunday, I volunteered at an organization called “His Friends” at my local church. There, I helped aid members, or people with disabilities (all ages), with meals, service, crafts, and additional one-on-one activities. I translated between Korean and English to facilitate communication between teachers, members, and other volunteers. In my sophomore year, I helped establish my high school’s American Red Cross (ARC) chapter – through it, we wrote over 100 cards for Veterans Day, held presentations for youth on International Humanitarian Law, and designed social media posts that attracted over 16,000 interactions during the 2020-2021 school year towards the ARC’s Measles & Rubella Initiative. Additionally, I have been a Girl Scout for my entire life and through it, I have volunteered at my town’s soup kitchen and senior homes. At Tufts, I am the logistics co-chair for the 2024 Women in Tech Conference and I have been dedicated to prioritizing diversity and inclusion, ensuring that our conference highlights achievements of gender minorities and those with non-traditional backgrounds.",Yes,Yes,"Sunday anytime before 3 and after 5, and basically every weekday after 7:15!",CS 11: Intro to Computer Science,"C/C++, HTML/CSS, JavaScript/TypeScript, React, Git/GitHub, Python",13! (High School Freshman Year) – Intro to CS (Java + Python)!,"During my senior year of high school, to graduate from my “major”, I had to take CS Capstone, a full year class dedicated to creating a product for a client. In groups of three to five, we were required to go through the process of product development, starting with contacting clients, producing a minimum viable product, and finally presenting our product in front of a panel of experts in the industry.

After reaching out to multiple clients, my group ultimately worked with JoAh Academy, a newly founded test prep academy that provided 5-12th grade extra-curricular learning services and college consulting. Our client was looking for a way to digitize their processes as they fully operated on paper, including grading and testing. They asked us to focus on three main tasks – a new home website to act as a central hub for their clients, a testing environment to simulate digital standardized exams, and facilitated communication between students and teachers. By the end of the year, my group had created a home website as well as a dashboard system for students and teachers. Teachers/Admin would be able to create short quizzes as well as longer PDF exams, send announcements to students, administer new students, and read inquiries sent from the main website. Students would be able to read announcements and take short quizzes or PDF exams. Our tech stack involved Django, SQLite, Bootstrap, and GitHub.

Because this was our group's first time building a large scale project and working heavily with web development, we struggled a lot with time management, directory organization, and even choosing a tech stack. Setting realistic expectations and presenting problems to our non tech-savvy client proved to be difficult as well. Another big challenge was working with databases and learning about security, including penetration testing! Through all these problems, with trial and error, teamwork, and time, we were able to get through all these challenges and produce a super cool project.",Capstone Project MVP: https://joahtestprep.pythonanywhere.com/,4,5,9,7,2,11,8,3,10,1,6,12,"Bread & Roses is my top choice because throughout high school, I used to volunteer at my local church’s program for elderly individuals facing food insecurity and would love to continue making a positive impact within my college community. Additionally, I am interested in working on a web application that can streamline manual processes, particularly through new communication and scheduling features, as I have worked on similar projects in the past! My second choice was Dillar Academy because I am an English tutor for underprivileged kids living in Korea. For my high school senior project, I made a program where teachers could enroll students and share material with them! For similar reasons, I placed LCS Tutoring high on my ranking due to their educational initiatives. Overall, I am excited about all the projects as they all equally offer an opportunity to help or provide support for our surrounding communities while learning new software and technologies.",,,"Yes, I was a part of Sibling Connections last year!"
9/19/2024 20:58:43,Elias Swartz,,He/Him,eswart01@tufts.edu,2025,Yes,I want to join an amazing community of talented developers who are impassioned about social good. I also want to engage in work that is interesting and team oriented. I love projects like this because these kinds of projects are the kinds in which I learn the most!,"In High School I was a summer camp counselor for an academic enrichment camp aimed at helping underprivileged youth from the Bronx get ahead in their studies. This camp meant a lot to me because I was also a student there and at this camp was where I found my passion to learn. Thus being a counselor there was a very introspective experience as I aimed to replicate the same mentorship that I had experienced as a kid. Participating in this program every summer gave me a feeling and sense of accomplishment I had yet to have experience in my thus far, and thus my love for public service was born. ",Yes,Yes,Evenings always!,"CS 11: Intro to Computer Science, CS 15: Data Structures, CS 20: Web Programming, CS 40: Machine Structures and Programming, CS 105: Programming Languages, CS 121: Software Engineering, CS 160: Algorithms","C/C++, HTML/CSS, JavaScript/TypeScript, Git/GitHub, SQL, Node.js/Express","My first introduction to collegiate level code was CS11, but my first time coding was when I was 9 on this program called Scratch. Scratch is a drag and drop game engine that ignited my passion for comp sci. As a kid I was not allowed to play videogames so Scratch was my little hack to make and then play my own games. ","A project I am proud of is something I actually developed for as a final project for an Ex-college class. It is a blog/course website for the course, specifically designed for Mixed Race individuals to post and respond to discussion questions and learn and about other media about the mixed race experience. It features a login/signin functionality with password hashing and it was coded in Html/Css/Javascript/php with a MySQL database. ","https://github.com/EliasThaKid, personal project: https://eliass.sgedu.site/mixedmessages/",5,9,4,1,6,2,11,7,3,12,10,8,I really like my top 3!!,Nah yall seem chill,Nope!! Thank y'all!,No
9/19/2024 22:30:45,Jordan Pittignano,,she/her/hers,jordan.pittignano@tufts.edu,2026,Yes,"I'm interested in joining JumboCode in order to get to work on an exciting project that would allow me to gain hands on experience, collaborate with great people, and make a true positive impact. Something that really sticks out to me about JumboCode is that each team is creating something to help others and is giving back to the community. Hearing each group present at the GIM, it was so clear how passionate the teams are about their specific project. In addition, the opportunity to create lasting friendships and bonds with people who share the same love for tech that I do really draws me to JumboCode. ","A lot of my recent volunteering experience has been with organizations through Tufts Athletics such as Team Impact, Jimmy Fund, and the Special Olympics Young Athletes Program. I also helped lead an organization called ""Generation Impact"" where a group of 100 girls came together to give a $10,000 grant to a local youth-focused nonprofit organization. I specifically was tasked with going over the grant application these charities put forth, and got to have a lot of direction connection with the nonprofits. ",Yes,Yes,"I am available every night after 6 pm, Tuesday and Thursday mornings until 11 am, and almost all of Fridays and Sundays. ","CS 11: Intro to Computer Science, CS 15: Data Structures, CS 40: Machine Structures and Programming","C/C++, HTML/CSS, JavaScript/TypeScript, React, Git/GitHub, Python",My first introduction to computer science was sophomore year of high school. I took the AP Computer Science Principles with a teacher who was amazing and really sparked my passion for CS. ,"A project that I'm proud of was the web page I built for my job this past summer. Along with two other interns, we created a dynamic web page in ReactJS to track the productivity of the engineers for the company we were working at using tables and graphs. We got to code the entire front end based on just seeing what the end result should look like in Figma. One aspect of the project that was challenging was that we all had no prior experience with React, so we were learning it as we were building out this product. I had to become comfortable with being uncomfortable and rely on my teammates just as they relied on me. We all had different strengths and were really able to come together in order to create the page, with a bunch of additional features, that we were proud to show to our boss and the company executives. ",,6,7,12,4,8,11,10,9,3,5,2,1,"The Tufts University Counsel Project really stuck out to me as a first choice. Despite being last to present at the GIM, they really broadcasted a passion for what they were working on and drew me in. This project interests me because it is directly helping those who use medical services, which means they are having a large outreach. Being able to check the reliability of a medical professional is something that is so important, and it is so cool that their project is going to help with that. In addition, I've had experience this past summer coding in ReactJS at my internship and would love to contribute! I'd also love to work in Python. A2 Empowerment was my second choice and also excited me during the GIM. I think the purpose of the project is so powerful, and helping women gain access to education has a true impact. ",,,No I have not
9/19/2024 23:08:21,Shayne Sidman,,he/him,shayne.sidman@tufts.edu,2026,No,"JumboCode provides a unique opportunity to improve web development skills while also helping organizations make lasting changes to their structure. JumboCode additionally gives developers the chance to work on a full-stack application with a purpose that extends beyond personal projects. On a JumboCode project, developers are able to make a difference while honing their skills, building a mutualistic relationship between clients and coders. By joining JumboCode, I would like to meet more people in my major and learn from those around me. I would also like to improve my pair programming skills and general utilities required for building a full-stack application. I think that JumboCode is a fantastic opportunity for anyone looking to blend a pursuit of knowledge with a little bit of fun!","Last year, I was on team Emerald Necklace Conservancy working with fellow students to build an application for the Emerald Necklace Conservancy in Boston to display information about the park on an iPad. Furthermore, this past summer, I worked at the New England Center for Children, a non-profit school for children with autism, as a software developer for the ACE Software System. At the ACE, I interacted with AI and ML models to build a hybrid search feature for the ACE and to fine-tune AI models to assist users on the ACE's website. ",Yes,Yes,I am available on Wednesday nights as well as weekends except Saturday from 3-5:30.,"CS 11: Intro to Computer Science, CS 15: Data Structures, CS 40: Machine Structures and Programming, CS 105: Programming Languages, CS 116: Introduction to Security, CS 160: Algorithms","C/C++, HTML/CSS, JavaScript/TypeScript, React, Git/GitHub, SQL, Node.js/Express, Python","My introduction to CS was in high school. It was my freshman year and one of my friends showed me a program he built in his computer science class. It was on Jeroo, which was an OOP-style program that taught OOP principles. His program was able to get his sprite/avatar to navigate through a maze without any user intervention/input. I thought it was fascinating. I had of course used tech to play video games and for school, but I had never consider a career in building those programs that I had used. After I took my first CS class in high school, which taught that very same OOP program and also taught Java, I realized that the language I was using was the same one to code Minecraft. After that, I was hooked.","I am really proud of the work that I did this summer at a non-profit school for children with autism, The New England Center for Children. I was a software developer for the ACE Software System, a software package that the school sold to other schools to accommodate students with autism. On the project, I worked with AI/ML models to build a hybrid search feature (semantic search, keyword search w/ stemming, cross encoder). I also fine-tuned and prompt engineered AI models to build a conversational agent for their website, focusing on tailoring the model to the ACE's needs. I used Retrieval-Augmented Generation to provide the AI model with relevant information before it generated a response, storing relevant documents (chunked into 150 word chunks) in a PostgreSQL database.",https://github.com/shaynesidman,5,3,12,1,2,4,9,8,7,6,11,10,"I think that The Somerville Museum project is the most attractive to me because of its message and the passion that I saw from the PM and TL. I thought that Holden and Zack had a lively presentation that was light-hearted but did not diminish the purpose and mission of their project. Plus who doesn't love Night at the Museum (sequel is better)?

I think that Dillar Academy has a great message. It would be really cool to work on something that we, as Tufts students, do not even have because SIS is so great... On a serious note, Dillar Academy, to me, provided one of the most unique yet applicable services of any of the projects. A class registration portal is both really cool and really useful for anyone using it.",,,"Yes, I was a part of the Emerald Necklace Conservancy last year (2023-2024) (miss you Roger and Ben)"
9/19/2024 23:15:36,Jeremiah Longino,,He/Him,jlongi01@tufts.edu,2027,Yes,"As a sophomore in computer science I have to stand out in future applications for internships and jobs. However, doing JumboCode is also about how I can further apply myself and not stay so stagnant. I have always been a student who learns by getting hands on and applying what I know to problems. Coding is no different, and I want to find myself using the time I have free these next two semesters working towards a goal I can back confidently. The other aspect is being a part of a team, and working throughout this time simulating an environment in work, but most importantly gaining connections and lifelong peers/mentors. As someone currently taking CS40 I have been introduced to partner coding,  making the transition to a full scale team not hard at all and feeling even more rewarding when everything comes together at the end. But in general, coding in a classroom does not give the same feeling of making code that impacts people in such a positive way. I feel more connected in that regard, applying what I know to helping others in need.","Most of my previous works involve high school activities such as tutoring for math courses of all grades as well as volunteering for several clubs then. I helped students with their homework and finals prepping. I was also a part of Future Business Leaders of America and National Honor Society, volunteering for several activities such as marathons or at the local football stadiums. I do not have too much experience with community engagement on this level, but am very excited for the projects presented and especially with the depth of help I would be giving the community. ",Yes,Yes,"Monday: 12 pm - 1 pm, 8 pm - 10 pm
Tuesday: 4 pm - 12 pm
Wednesday: 4 pm - 6 pm, 8 pm - 10 pm
Thursday: 4 pm - 6 pm, 8 - 12 pm
Friday: 4 pm - 12 pm
Saturday: 4 pm - 12 pm
Sunday: 12 pm - 12 pm





","CS 11: Intro to Computer Science, CS 15: Data Structures","C/C++, HTML/CSS, JavaScript/TypeScript","I did a research project in high school for my internship. I used Rstudio there, so statistical coding. I made graphs and charts based on the data I was given.","The above project is still considered my pride and joy. I worked in a lab doing bioinformatics, namely predictive health genomics. I did gene research using gene association studies to mark if there were benefits to using a newer version. I learned R programming from a graduate mentor who helped me learnt the ropes, but mainly encouraged me to be more self-actualizing and learn on my own. Even with several hiccups in the implementation, I found the joys of coding for the first time and learning what it means to think out each step. I was able to make plenty of plots using Rstudio as well as an entire Rshiny web-app that helped display all of my work. The only thing I was mad about was that it did not win science fair. Predictive health genomics helps those that don't know what lifelong diseases they could develop in their lives and makes sure that they get the help they need as soon as possible.",https://sites.google.com/view/jeremiahlongino/about?authuser=0,8,6,11,12,5,7,9,2,1,4,3,10,"I chose the first 8 mainly based off vibes of the presenters but also the projects. (I sort of wish there was like a tier list for these lol) 

My top projects are English at Large and Dillar Academy because I feel strongly in regards to helping people learn English. I do not come from an immigrant background, however I saw the issues of emigrating here on other friends. This especially comes up for a lot of kids when it comes to applying to college, because they will most likely be the only ones with any knowledge of the academic systems as well as their parents not being able to communicate or understand anything going on. 

Women's education is very important, especially in countries where women's rights have been and continue to be such an impact on their society. A2Empowerment is second because of this, as my sister was my main backing force throughout school and a big reason keeping me through college. Even if I am not a woman, I have been inspired by amazing educated women to be the person I am today.

The last few of my top 8 mainly involve food insecurity and tutoring. As someone from a marginalized community, my surroundings were always less glamourous than those from someone across the same city as me. A prevalent issue in Black communities is the immense amount of fast food restaurants, gas stations, and liquor stores next to our houses and families. These food deserts make acquiring fresh and healthy food expensive in the residents' eyes. In reality, a Trader Joe's  may be within someone's budget, just located in a very inconvenient place for them. Mind you, in Atlanta getting from the South to Downtown with all of its fancy places takes at least 30 minutes. And that is when traffic is good.

The Innocence Project I just feel overall strongly about due to being Black. The justice system is not infallible, and it is clear that there are a number of falsely accused individuals unjustly spending time in our prison system. This coupled with how said system allows for little rehabilitation options for actual offenders, makes the experience of spending jail for upwards of decades and lifetimes, more than just a wrong sentencing: it is choice between freedom or concrete walls.

My bottom options doesn't mean that I think they are boring, but that the presenters maybe did not fully explain the reasoning behind picking up the projects. These were also some of the first presentations, so they probably had unfortunate timing and maybe weren't ready.",NA,I am really excited for this possibility! I hope my application impresses you all!,NA
9/19/2024 23:44:36,Lindsay Ulrey,,she/her,lindsay.ulrey@tufts.edu,2027,Yes,"I love being part of JumboCode because it’s an amazing group of students who share a passion for computer science, but who are also incredibly diverse in skills and interests. I want to continue being involved as it provides an opportunity to further my skill in web development and overall CS knowledge while also making meaningful contributions to the community. I hope that through JumboCode I am able to grow academically and professionally in addition to making connections with fellow students.","In high school, I was very involved in Key Club and STEM Club, doing community service projects such as organizing tree planting at a local park and running a science education event for younger students. I was also a member of the student government, where I helped manage fundraisers and organize school-wide events. Last year, I was also involved in JumboCode, working on the Theatre @ First project with Liam and Amitav, and this year I am working as a CS15 TA!",Yes,Yes,"Tues: 2-4, 6-7
Wed: 1-4, 8-10
Thurs: 4-10
Fri: 6-8
Sat: 12-3
Sun: 12-8","CS 11: Intro to Computer Science, CS 15: Data Structures","C/C++, Python, Java",APCSA junior year of high school (other than block coding in elementary school lol),"The final project for my APCSA class junior year was to code a card game. I decided to do poker, constructing a “casino” where users could play Five Card Stud, Five Card Draw, and Texas Hold’Em. Though I have since made more robust programs, this project particularly stands out to me because of how proud I felt to complete it. At the time, this was the largest piece of code I had ever written, spanning over a thousand lines across six files. Cards were represented by a Card class, dealing and scoring were handled in the Game class, each variant of poker had its own class, and the user interface was constructed in the Play class. Looking back on it now, I am shocked by how complex it was, considering I had been coding for less than a year at that point. It was very difficult though and I spent many hours working on the project. But I genuinely loved making it, I would prioritize improving it over my other responsibilities because it was so satisfying getting it to work. In the end there were still bugs, such as ties occurring in certain cases, so I’ve considered returning to it and making an improved version in C++. Nonetheless, I still remain extremely proud of that project and my success in that course in general.",,1,8,10,5,3,6,12,9,7,4,11,2,"WMCC - You guys seem like such a fun group! Having more project leads is great as you can give a variety of perspectives and have different expertise. I think that by being part of this group, I will learn a lot about web development which is my biggest goal being a part of JumboCode.

University Counsel - Even though I am declared CS, I am very interested in data science. I also have experience in python, doing a machine learning internship this past summer and I am currently in CS30. This project seems really interesting and I would love to work on an important application of python!

Dillar Academy - As someone who has spent many (frustrating) hours on SIS, I am super intrigued by the idea of making a better system. I also think that what Dillar Academy is doing is extremely important for our community. You guys also seem so nice and I’d love to get boba with you!

Bread and Roses - Bread and Roses is such an amazing organization that is so beneficial to its community. This team seems like a lot of fun to be a part of! (Even the late night LeetCoding lol)

Somerville Museum - Last year I worked on an inventory JumboCode project and really enjoyed it! You guys are also so funny and I’d love to work with you!

NE Innocence Project - As someone interested in working with data, I find this project very interesting. The NEIP is doing really important work and I would love to help support them. I’m also extremely scared of CS40 and am so impressed that you guys TA it.",,,Theatre @ First (2023-2024)
9/20/2024 0:07:59,Conrad Hsu,,He/Him,conrad.hsu@tufts.edu,2028,No,"I want to join JumboCode because I’m heavily interested in a career in software engineering while also wanting to help out my newfound community. I'm eager to dive into full-stack development and learn the process of creating a product from scratch, all the way to deploying it in the real world. While most of my past projects have been in Python, I’m excited to expand my skills by learning how to use React and TypeScript for building user interfaces, leveraging GitHub to manage code changes and handle pull requests, and working with Prisma and PostgreSQL to manage complex data types and queries. I also feel like JumboCode would allow me to apply the concepts I am learning in CS15 and deepen my understanding of how different data structures can be used to solve specific problems more efficiently. However, more than anything, I’m excited to meet all the new people in JumboCode who share a passion for using tech to help support the community. Being on a team sounds super fun to me, similar to the dynamics of a company-like environment, where everybody must contribute towards creating a cohesive product. I’m eager to find a place on campus with other aspiring techies, whether it’s through participating in hackathons, grinding through LeetCode challenges, or helping each other out with our CS classes. I can’t wait to join the JumboCode community!!","I’ve had a lot of experience with community engagement since a young age, always trying to give back to those less fortunate than me. From middle school, I used to volunteer at food banks, packing dry and fresh foods in boxes and hanging them out to the underprivileged in my community. In high school, I wanted to make a more significant impact in my community through something I was passionate about: cycling. During my freshman year, I embarked on a 500-mile bike ride from San Francisco to Los Angeles, raising $3,000 to address food disparities in my community. Furthermore, every year, my dad and I set a goal to participate in a century fundraiser ride, where we would cycle 100 miles to support various causes such as leukemia, multiple sclerosis, or fundraising for local schools. To continue contributing, I founded a cycling club at my school, where we volunteered monthly at a local bike repair shop.  We refurbished affordable, out-of-tune bikes and distributed them to underprivileged members of the community. Lastly, my friend and I started the club AI and Allgorithm at our high school, aiming to teach and inspire others about the fundamental principles of machine learning.",Yes,Yes,"Free anytime after 5pm from Monday to Wednesday. Free anytime after 7 pm on Thursday. Free anytime after 12 pm on Friday. Free all day weekends(Saturday, Sunday). ",CS 11: Intro to Computer Science,"C/C++, Git/GitHub, Python","My first introduction to computer science was through a program called InspiritAI, where I had no coding experience, but learned theoretical concepts about Machine Learning and learned to apply those concepts through simple Python notebooks. I then took APCSA during my junior year of high school where I was able to learn Java, my first statically typed and compiled language. During that same year, I enhanced my machine learning and Python skills by building my own AI-generative jazz LSTM model by following the music21 documentation, MIT’s toolkit for computational musicology. That summer, I also attended a research program at UCSB where I worked on explainable AI(XAI), specifically leveraging XAI to help better diagnose malaria detection in malaria cell images. Lastly, during the summer of 2024, I took Tufts CS11 to just gain exposure to C++ before coming in this school year and taking CS15.","The project I am most proud of is my creation of an AI model that can learn how to improvise jazz music over a set of chord changes. This was my introduction to the world of generative music, which is an emerging field involving music created through algorithmic composition. In research of this topic, I discovered music21, a tool created for computer-aided musicology. The extensive documentation for music21 became my guide, but I soon realized the holes in my programming knowledge. Every line of code became a quest for answers as I sought to create a Markov model: a simple model that used probabilities to determine the next musical note in a generated composition. However, a major challenge was finding a dataset that my model could learn to train off of. With no musical jazz dataset online, I had to create my own dataset by transposing different jazz albums and converting them into a MIDI(a music file readable by programs). After doing this, I was able to build a simple Markov Model by following tutorials online that learned to improvise music based on a chain of probabilities. After successfully finishing the project, I explored more current models, such as neural networks, capable of crafting nuanced jazz improvisations and learned to construct my first deep learning model. After seeking help from a mentor who specialized in AI music generation, we were able to create a working LSTM model that learned to improvise jazz using Keras. As my curiosity grew in this topic, I created my own jazz metrics using theoretical concepts from my musical background to help better quantify how well our models were actually learning to create jazz. Based on my music theory knowledge of jazz, I was able to create two novel metrics which I wrote a paper on and eventually presented my work and got it published at an IEEE multimedia conference. 
",https://github.com/ConradHsu https://ieeexplore.ieee.org/abstract/document/10473480   https://scholar.google.com/citations?user=uG-EZR4AAAAJ&hl=en,11,7,6,8,10,2,12,5,4,1,9,3,"While most of the projects essentially use the same techstack to tackle similar problems, Bread and Roses is my top choice because I’m deeply passionate about its mission: addressing food insecurity. ​​I’m particularly excited about the Bread & Roses project because it not only addresses a real-world problem but also provides an opportunity for me to learn and work with a modern tech stack. The current manual process for consolidating volunteer data and scheduling through email can be streamlined, and I’m eager to contribute to developing a scheduling web app that simplifies this process. I’m especially interested in learning how to build a website using technologies like React, Next.js, TypeScript, Prisma, MongoDB, and Tailwind CSS, as well as deploying the app on Vercel. This project aligns perfectly with my goal of gaining hands-on experience in full-stack development while addressing an important issue I’m passionate about. Lastly, eager to say, this is the only group that mentioned late night leet coding which honestly sounds awesome.

My second choice is the New England Innocence Project, as I’ve always been interested in the intersection of technology and the justice system. While there are ongoing debates about the use of AI in this field, I’m excited about the opportunity to take a step back and focus on building a database-driven web app that improves information accessibility, ultimately contributing to more equitable legislation. I’m really excited to expand my skill set by learning new languages and diving into full-stack development. I thrive on the challenge of problem-solving and am always eager to learn and explore new concepts. The community aspect of this club is especially appealing to me, as both the PM and designer are from the same area where I grew up (near San Francisco). Additionally, the activities, like trampoline night, and the fact that the project leads are 40 TAs (class I’m taking next semester) makes it even more exciting!

My third choice is the office of university counsel project, because it’s the only project that uses Python and it ties into healthcare. With the possibility of going to dental school lingering in the back of my mind, being able to create a project to help with transparency in endorsing Tufts Dental/Medical/Vet school with sponsorships from pharmaceutical companies. Again, the project uses Python which I’m comfortable in, and I’m also super interested in learning about FastApi, something also unique to this group. 

The rest of my rankings are all totally equal, as I’m just super stoked about learning more about real-world web development and also equally important, client work. I am confident that I will be a valuable member in any team, as I learn things quickly and love to problem-solve and figure out new challenging things. Lastly, I’ve always grown up with the principle of helping those less fortunate, so joining a club like JumboCode that allows me to give back to the community while pursuing my interests would mean a lot to me.
",,I'm honestly fine being in any project as I just really want to join the JumboCode community. ,
9/20/2024 0:36:25,Lawer Nyako,,he/him,lawer.nyako@tufts.edu,2027,Yes,"I want to join JumboCode because I would like to apply my interest in computer science and coding in an environment that is akin to a workplace. The bulk of my computer science experience has either come in a classroom or from personal projects. The most amount of coding I have done for work has been writing programs to make my spreadsheets go by fasters. So joining JumboCode, I will get to apply my coding experience in an environment that will prepare me for when I have a coding job in the workplace.","Starting this semester, I am a member of Tufts' STEM Ambassadors where I will teach high school students about STEM subjects and get them to explore their interests in STEM. Last year, I did FOCUS where I was in placemaking, and I participated in and discussed volunteer activities where we worked to make public spaces more accommodating to people. In high school, I was a volunteer at a branch of my local library where I helped develop different activities for after school and take home programs.",Yes,Yes,"Thursday after 6pm, Friday after 4:30pm, Saturday after 5pm",CS 11: Intro to Computer Science,"C/C++, JavaScript/TypeScript, SQL, Python",A computer class I took in 5th grade,"I am proud of coding the backend for a robot website interface I developed for the final project of my EN-1 Simple Robotics course. I had to learn a lot about Google Firebase and connecting it to HTML and JS. The whole process took a lot of googling as doing this was very much out of the scope of the project, but our robot needed a lot of data, so we realized it would be easier to come up with an alternative backend than what was provided.

To do this, I had to take input from a user on an HTML page, send that data through Google Firebase, collect that data onto my computer to put the data in a format usable for the robot, and then through a serial connection, send that data to the robot.

The main challenge was learning a database system, I've never seen before in a quick amount of time, but I figured it out with a lot of looking at documentation and googling.",,4,7,2,12,10,1,11,5,9,8,6,3,"To speak on my top choice, I have always wanted to work with the Innocence Project. One of my biggest fears is that someone close to me or even myself, will be falsely accused of a crime and be trapped in prison. What makes this issue so much worse is that there are so many cases of people serving massive sentences when it is publicly known that the evidence that sent them to prison is incredibly faulty (ranging from false accusations, police misconduct, or DNA testing exonerating people), but people can't be released from jail because there is tragically not the resources to do so. There are too many people across the country in this situation, and there are not enough defense attorneys to help these people get released. 

I am currently double majoring in computer science and human factors engineering, and a CS-based human-targeted volunteering project, no matter which project I end up working on I could experience the real life effects of the intersection I am interested in. Working on the Innocence Project would be one of the strongest ways I could make an impact using both of the majors I'm studying and would personally be very impactful to me.",,,No
9/20/2024 0:50:39,Khrystyna Blyshchak,,she/her,khrystyna.blyshchak@tufts.edu,2028,Yes,"I am interested in joining JumboCode because I believe it would provide an incredible opportunity to strengthen my technical skills while contributing meaningfully to the surrounding Medford/Tufts/Boston communities. As a freshman intent on majoring in Computer Science, I am eager to learn how to develop usable software interfaces, program using new languages, and get exposure to the full software development process. 

I started learning how to program during my junior year of high school. Since then, I have learned the basics in many programming languages such as Java, Python, C++, and HTML/CSS. I completed the SUPA (Syracuse University Project Advance) Cyber Security Course and the Girls Who Code Self-Paced Program. I am also currently in the process of taking Introduction to Computer Science (CS-0011) and the Emerging Scholars in Computer Science (CS-0014), where I am continuously learning C++ and exploring topics in computer science. I am very excited to explore new programming platforms such as Clerk, PostgreSQL, Vercel, etc. for backend, frontend, and general development. So while I may not be a professional programmer yet, I consider myself a very adaptable and driven person who is willing to invest the necessary time and energy to accomplish complex tasks.

Lastly, I have a strong desire to give back while, in-turn, strengthening my technical skills. I hope to note only become a more well-rounded programmer through JumboCode, but also to support local nonprofits, as they are essential pillars of every community. ","Throughout high school, I dedicated much of my free time to volunteering in various community service initiatives, and I am committed to continuing that work in my new community here at Tufts. One of my most meaningful leadership roles was serving as the community service chair for the New York State Council on Leadership and Student Activities (NYSCLSA) for two years. In this role, I helped organize conference events in partnership with nonprofits like Special Olympics and Syracuse University’s InclusiveU program. Together, we raised awareness about the importance of inclusivity, reaching over 600 conference attendees every year. Over those two years, we collectively raised $15,000 to sponsor Special Olympics athletes. 

In total, I have volunteered over 150 hours, working with diverse community members such as elementary school students, senior citizens, children in hospitals, soup kitchens, and a couple non-profit organizations. I was also an active member in my town’s Interact Club and the treasurer for my school’s Key Club chapter. In these organizations, I collaborated with Rotary and Kiwanis members to plan/execute projects such as food drives, blood drives, clothing drives, and other community-focused events. These experiences have strengthened my commitment to service and taught me how essential it is to give back in meaningful ways.

Most recently, as a part of the FOCUS pre-orientation program at Tufts, I gained insight into some of the needs of the Somerville/Medford communities through active service. I had the opportunity to work with programs like SCALE (Somerville Center for Adult Learning Experiences) and the BCGC (Boston Community Growing Center) to maintain community spaces, benefiting the people who rely on them. During the program, I engaged in more traditional, short-term service by aiding SCALE and BCGC with placemaking duties. However, I also learned about the importance of long-term, impactful service through a community-centered organization called MAMAS (Mutual Aid Medford and Somerville). Their work inspired me to seek more meaningful opportunities for service, which I hope to pursue by helping design user-friendly interfaces for local non-profits with JumboCode. ",Yes,Yes,"Monday- 1:30-5:00 pm
Tuesday- 2:00-4:00pm, anytime after 7:30pm
Wednesday- any time after 7:30pm
Thursday- anytime after 2:00pm
Friday- 12-7pm
Saturday- any time
Sunday- any time",,"C/C++, HTML/CSS, Python",I first learned about computer science in my 6th grade computer science class where we used code.org and scratch. My first official introduction to actually programming was the Girls Who Code 6-Week Self-Paced program.,"For my Girls Who Code Self Paced program, I had to make a website for social good, and I decided to make a ""Justice for Ukraine"" website. As a first time programmer at that point, it was difficult to make that website. We had extremely helpful guide videos that taught me so much about basic HTML, CSS, and Java programming. I remember being very stuck on debugging and setting up the day counter, but with the nudge and help of my advisors, I was able to figure it out. (replit link: https://replit.com/@kristykoala33/Justice-for-Ukraine-Khrystyna-Blyshchak)",A (VERY) outdated replit website (Personal website from junior year: https://replit.com/@kristykoala33/Khrystyna-Personal-Website),12,5,1,10,9,7,6,3,8,2,4,11,"As a first generation, low-income student, I'd love to work with nonprofits that specifically target low-income individuals. All of the programming projects interest me and I don't have much of an orderly preference after the first 4 choices. ",,,No.
9/20/2024 0:58:43,May Neelon,,She/Her,May.Neelon@tufts.edu,2028,Yes,"I enjoy programming a lot, but because I'm taking first year classes, I expected most my classes this year will not challenge me like I would want. I think JumboCode would be a great opportunity to keep practicing my programming skills, while learning new technologies and frameworks. I also appreciate that the work JumboCode groups do are in service of volunteer causes. I think having that external motivation is a great way to keep people interested and dedicated to a project. ","I've done a bit of service and volunteering, working with food banks and my local animal shelter, but I don't have much experience organizing or working together with groups. ",Yes,Yes,I expect I will always be able to make this meeting. ,,"C/C++, HTML/CSS, JavaScript/TypeScript, Git/GitHub, Python, Rust, C, Assembly, Tailwind, REST APIs","My very first introduction to computer science was programming small toy creations in Python, but my first real programming project was making an Operating System in Rust","The project I'm most proud of is my implementation of a Java Virtual Machine. Java is a bytecode language, compiled not to any computer architecture but to its own abstract computing system, the JVM. The specification that describes the Java Virtual Machine is quite complicated, but I was able to create a fairly advanced implementation that could run many different simple Java programs. It took me most of a year to complete, and is over 17 thousand lines of Rust code. I'm really proud of it, and it taught me a lot about many different aspects of programming. ",https://github.com/MayNc10,12,3,4,2,7,8,1,6,9,11,5,10,"I think I would be a good fit for the LGBTQ housing project, as I'm very passionate about LGBTQ advocacy and the work I'd be doing would have direct consequences for me as a queer person. I think the Somerville Museum project would be really interesting from an implementation perspective; creating an archiving/inventory system seems like it would be fun and I doubt I'd lose passion for the project. For Village Hub Food, most of my volunteer work has been in food banks and distribution, and I think it's a very direct way to make peoples' lives better, so I'm always looking for more ways to get involved around it. ",,,I have not. 
9/20/2024 1:10:14,Elgin Zou,,he/him,Elgin.Zou@tufts.edu,2027,No,"Firstly, I would love to join JumboCode to advance my programming skills. I first got into programming in middle school and was extremely passionate about it. I was particularly interested in coding games, as playing Pokémon was what got me into the world of programming to begin with. However, I began to lose interest in my third year of high school, spending more time playing sports than coding. However, taking a programming class last year reignited my passion and I hope I can continue to grow my skills at JumboCode. 

Another reason I want to join JumboCode is to be a part of a meaningful and impactful project. I've always used to code for my own interests, like programming games. However, I now want to combine my love for programming and put it into something larger, something that can be helpful to others. 

Finally, I want to join JumboCode to meet more people! I would love to join a community with people who share my interests in programming and making a difference.","In high school, I was an Admissions Prefect and Admissions Tour Guide, helping calm new students down and familiarizing them with campus. I was also captain of my school's Squash team. At my old university (I'm a transfer student), I was a leader in freshmen engineering and I had experience hosting events for fellow engineers. My favorite volunteer experience was in my senior year of high school. I went on a two-week journey to the edges of Costa Rica to help a nonprofit group preserve the population of leatherback sea turtles.",Yes,Yes,"I am free every weekday after 7pm, but not too late. ",CS 11: Intro to Computer Science,"C/C++, Git/GitHub, Python, Java",My first introduction to computer science was in sixth grade. My favorite videogame was Pokémon at the time and I became extremely curious about how it was made so I began self-teaching myself programming.,"One of my favorite projects I worked on was in my second year of high school. For my AP Computer Science class's final project, I decided to create a Chess AI. To do this, I first had to program chess. Surprisingly, the game itself wasn't as complicated. I built the game by utilizing a 2x2 matrix, with the locations of each piece stored in the matrix. For each piece, I created a child class to define their unique movements. The hardest part of the project was the Chess AI. Since I had no experience with machine learning at the time, I didn't know how to train a model. Instead, my approach was to use recursion to loop through all possible moves for 3 layers of potential moves. The AI would then grade each move and then make the move with the highest grade. One of the hardest challenges I had with this was determining an algorithm for grading each move. I decided to implement a system where each piece had its own value. Pawn would have a value of 1, bishop a value of 3, etc, with the king having the highest value. Since the AI only looked 3 layers into the future, I prioritized the moves that could take the highest value piece from the opposing team while losing the least value. Although there are still some things I could improve on, it is still one of the projects I am most proud of as it is the first large-scale project that I coded.",I unfortunately lost my old GitHub account that I used in highschool,2,5,11,4,8,6,10,12,3,1,9,7,All the projects seemed extremely interesting and impactful so I just ranked them based on first-impressions of how much the solutions resonated with me and how fun they seem.,,,
9/20/2024 1:27:56,Elisa Yu,,She series,Xintong.yu@tufts.edu,2027,Yes,"I've first heard about JumboCode last semester, when I took my CS11 course and participated in JumboHack. I enjoyed the atmosphere of the event a lot more than I expected. During the project development, I was highly motivated by my group members and learnt about web scraping during the two days. After the event, I realized that I benefit a lot from co-orperating with other coders. I'd like to obtain similar experience again through long-term group projects from JumboCode. Additionally, I was intrigued by the idea of taking parts in non-profit projects. As I'm 6 months into the field of CS, I'd like to gain more hands-on experience in how a large well-implemented project is developed from scratch. ","I'm currently a TA for cs11 and I've been enjoying this work a lot. It is especially motivating to know that my work and actions are helping the students learn more about CS, igniting their passion. I'd like to make the same influence by taking part in JumboCode projects!",Yes,Yes,"Monday and Wednesday mornings, Friday nights, Saturday and Sunday",CS 11: Intro to Computer Science,"C/C++, Python","CS 11, but I've self-taught Python during the winter and summer holidays.","My favorite project is the one I created in Hackathon the JumboHack 2024. I collaborated with a few other members and created a Reddit Political Analysis dashboard that collects the title from Reddit on a daily basis and generate the mood and political inclination of the posts. The analysis includes the implementation of OpenAI APIs that analyses the sentiments from the data scraped from the Reddit websites. With the collaboration of more experienced people, I have consolidated my understanding of building a program from scratch and the different role in a project. With such experience and my dedication towards learning technological skillsets, I'm confident that I will both grow as an individual and be an important contributor to the project that I take part in. ",https://devpost.com/software/reddit-politics-sentiment-analysis#updates,12,8,6,1,10,11,9,2,3,5,4,7,"Out of all the projects listed above, I'm especially attracted by the Somerville Museum project. Before I entered the field of CS, I have been practicing and enjoying Fine Arts and Art History ever since I was small. I've done researches on numerous artists and art periods and have a very solid understanding of the historical development of art. I'm also intrigued by the chance to design an efficient user interface and data organization, using my distinguished understanding of the art pieces. 
Moreover, I've put a few tutoring projects as my next few preferences, as I've been tutoring students ever since high school until now and deeply acknowledges my interest and engagement in providing help to those who are in need. It is especially meaningful for me to contribute to the educational projects listed above. ",,,"Yes! I've attended JumboHack before and developed a project called Reddit Political Sentiment Analysis, which got an Honorable Mention award. "
9/20/2024 3:24:21,Hannah Wang,,she/her,hannah.wang@tufts.edu,2025,Prefer not to answer,"Last year I felt like I really found a community in my JumboCode team, and it was really rewarding to work with them to build something tangible from start to end. I think it's one thing to be learning concepts in a classroom, but a whole different experience to be able to apply those skills to a project designed to support a good cause. ","During my junior year, I served as Logistics Head for TAST. It was a really amazing way for me to become more engaged in the Asian/Asian-American community at Tufts. In an academic capacity, this is also currently my third semester being a TA for Discrete Math. ",Yes,Yes,"Monday/Thursday nights, Sunday","CS 11: Intro to Computer Science, CS 15: Data Structures, CS 40: Machine Structures and Programming, CS 105: Programming Languages, CS 121: Software Engineering, CS 160: Algorithms","C/C++, HTML/CSS, JavaScript/TypeScript, React, Git/GitHub, SQL, Python","Half a year of Intro to CS in high school (but I hated it at the time, if you can believe that)","In fall of junior year three of my friends and I participated in Producthon. We designed a productivity app that would essentially help track tasks and plan daily schedules. When I first joined the team, I thought it would be a fun experience since I had never really been involved in such an event before. Come to find out later, we had to literally build out a feature, and I was the only person on our little team who was willing to code. During that week, I had to learn from scratch how to use technologies like Expo and React Native, programming in JavaScript, and even just styling, among other things. It was one of the most challenging projects I've ever had to work on simply because of the timeline and the sheer scale of what I had to teach myself. Nevertheless, our team was able to deliver a minimum viable product, and I came out the other side better for it...",,5,4,9,11,2,3,7,12,1,6,8,10,What a good time to be working on CS with Clarence,,,Last year I was on The Lantern project
9/20/2024 9:34:46,Ava Reijmers,,She/her,Ava.Reijmers@tufts.edu,2028,Yes,"I want to join JumboCode to become involved in an organization that helps the community. I would love to make a positive impact on the community no matter how small or big the impact is. Not only that, but I am interested in studying computer science, and so I would love to further my coding and web development skills in this club. I don't have a ton of experience with coding/web development and so I hope to be able to learn from people who are more skilled. This club seems perfect for what I am interested in and I look forward to joining a club with so many others who also have those interests.","I spent a little time in high school volunteering at a food pantry. I spent my time there mainly restocking the shelves with food and other necessities while also taking in and organizing donations. I was also in a club called ""Empty Bowls"" in which we made ceramic bowls that would be given at our annual fundraiser. The profits of that fundraiser are donated to the local food pantry. My main involvement with a non-profit has been volunteering for Children Across America's STREAM program the past two years. The free program allows parents to drop of their children for a few hours while they engage in various STREAM based activities. As a volunteer I would set up the days activities, guide/help groups of children through the activities, and clean up the space at the end of the day.",Yes,Yes,"I am available Mondays 7:30pm-8:45pm, Tuesdays 1:30pm- 5:45pm, Thursdays 1:30pm-5:45pm and after 9pm, Fridays 11:45am-2:00pm, and Sundays 12:15pm-2pm",,"C/C++, java","My first introduction to computer science was taking AP Computer Science A in high school. As a kid I played with Scratch programming a lot, but I first learned more complex coding taking computer science in high school.","A fun project was a project I did in computer science in high school. I worked with a partner and we made a program that simulated Wordle. It worked almost exactly like how actual Wordle works except instead of colors to represent right and wrong guesses, we used characters like ""x"" and ""*"". A big challenge was getting the formatting/spacing correct so that it was user friendly. Another challenge was having the characters go in the correct spaces, so for example having the ""*"" go in the space where a letter was correctly guessed. It was helpful to have a partner as we could bounce ideas off each other and eventually complete the project without too much difficulty.",,12,2,9,7,11,4,8,1,10,3,5,6,"I am most interested in the LCS tutoring project because in high school I founded my schools chapter of Math NHS and part of Math NHS was creating the math peer tutoring program. Our tutoring program actually used the same system described in the LCS tutoring project. All the members of Math NHS filled out the tutor form, and high schoolers who needed tutoring filled out the tutee form. Pairs were matched in a spreadsheet, but the system because difficult to manage with semester class changes, changing sports seasons, etc. Because I understand the struggles of using Google Forms, I'd be interested in helping implement a more efficient pairing system. I'm also interested in the Village Hub Food and Bread and Roses projects because I have experience volunteering for a food pantry and would love to continue positively impacting the community by reducing food insecurity. Beyond that every project seems interesting and I would love to work on any one of them.",,,No I have not.
9/20/2024 11:19:42,Justin Paik,,he/him,justin.paik@tufts.edu,2027,No,"I would like to join JumboCode to connect with fellow students and potential mentors in the field of Computer Science. I am excited about gaining hands-on experience in real-world applications of web-app development, especially for causes I resonate with, while collaborating with a team who shares my passion. Additionally, finding a community that also enjoys coding is something I am looking forward to becoming a part of.","I have had many experiences, including those in education, working with children, and I have had diverse experiences in volunteering, working with children, and advocating for environmental sustainability. I have been involved with Youth Enrichment Services, a non-profit in Boston focused on empowering youth through outdoor adventures and leadership opportunities. During seasonal trips, I taught skiing to underprivileged children, while also developing my own leadership skills. At my high school’s Recycling Committee, I participated in citywide cleanup efforts and collected recycling on campus twice a week.

In addition to volunteering, I have worked at other non-profits in leadership and education. I worked at the American Chinese Christian Educational and Social Services (ACCESS) in Boston’s Chinatown, where I served as an assistant teacher, tutoring children aged 4-8, who were struggling after the pandemic, in reading and math. I also volunteered with Courageous Sailing as an Instructor in Training, teaching sailing basics and emphasizing safety, teamwork, and awareness to youth aged 8-12. Currently, I am continuing my passion for mentoring as an on-call tutor at the StAAR Center, where I help students navigate challenging coursework.",Yes,Yes,"Sunday: 5PM-8PM
Monday: 5PM-8PM
Tuesday: 6PM-10PM
Wednesday: 6PM-10PM
Friday: 1:30PM-4PM",CS 11: Intro to Computer Science,"C/C++, HTML/CSS","I explored Scratch while I was in elementary school, but I began to become more passionate about computer science while taking AP CSA in my senior year of high school.","A project I am particularly proud of was during my role as a Student Office Assistant at the Tufts Math Department. I was tasked with creating an automated process using Microsoft Power Automate to replace the department's physical TA contracts, which were prone to getting misplaced.
Although I had no prior experience with Power Automate, I was determined to learn the platform using any available resources. I began by familiarizing myself with the Power Automate interface, exploring several templates to understand its uses. Once I felt more comfortable, I mapped out the workflow.
The process I designed was triggered by form submissions, which were then routed to the relevant instructors for approval. I added a step that generated a .pdf file with the form information, allowing instructors to review it. Upon approval, email notifications were automatically sent to all involved parties. I also implemented an extra feature where the data from the form submissions was entered into an Excel spreadsheet, creating a centralized and easily accessible database for the department.
Despite facing challenges, like integrating OneDrive and Excel, I used online resources, including YouTube tutorials and forum discussions to resolve them. This project not only improved the department’s efficiency, but also provided me with a satisfying learning experience in with a real impact on the department’s operations.",,11,6,8,12,3,7,10,2,5,1,4,9,"As a passion-driven person, I am most motivated by causes that resonate with me, like those focused on promoting equity, education, and access to essential resources.
One issue deeply concerns me is food insecurity. I believe no one should face the inability to access a basic necessity like food. Considering the number of people affected by this issue, I would love to  I would love to contribute to a project like Bread & Roses, where I could help optimize efficiency and impact.

Education is one of my core values, as shown in my community engagement experience. Through involvement with initiatives like LCS Tutoring, Dillar Academy, A2Empowerment, and English at Large, I am eager to work on projects that support access to information. I can achieve this by helping the development of web-apps that would increase their effectiveness.",,,No
9/20/2024 11:49:23,Bhavan Balusu,,He/him,Bhavanbalusu11@gmail.com,2028,No,"In high school, I participated in hackathons where we would build different products that each had their own unique purpose. I really enjoyed my time at the hackathons, not only because we were able to build things that we envisioned but also because of the joy and excitement that we get through sharing ideas and collaborating. By joining the club, I hope to build upon my web dev skills while building products that help the community and also to meet new people.  ","In high school, I was a ""Intro to Java"" TA and a Calc BC TA. I was also a volunteer at an organization that taught tennis to kids with autism.",Yes,Yes,"Monday after 8 PM, Wednesday from 2 to 5:30 PM or after 7:30 PM, Thursday from 2 to 4:30 PM, Friday 9 am to 1 PM or after 6 PM, Saturday after 3 PM, Sunday after 3 PM  ",CS 11: Intro to Computer Science,"HTML/CSS, JavaScript/TypeScript, React, Git/GitHub, Python","I was introduced to coding in 9th grade from an ""intro to Java"" class I took at school","A project that I am the most proud of, is this Calendar app, that works similar to DakBoard but it gives the user more customizability without charge. Here we ran into issues with using Electron, but we were able to overcome it by building a website along with a desktop app. The website is for the user to customize their settings, and the desktop app is their calendar screen. In this project we used firebase, python, react, electron, and css. ",https://github.com/BhavanBalusu,9,10,3,5,11,1,7,12,8,4,6,2,"I would really like to work on either the New England Innocence project or the Tufts General Counsel groups, they seem very unique in the sense of what they are connecting, and I would really like to a part of that. ",,,No I have not
9/20/2024 12:10:29,Josh Lamothe,,he / him,jlamothe19@gmail.com,2025,Yes,"I want to join JumboCode in order to use the software engineering skills that I have developed, in order to contribute to a good cause. Using the skills that I have learned in the classroom and applying them to help out an organization that is trying to make a difference in the world is an effort that I would love to be apart of. I hope to gain software engineering skills that are applicable to the industry, and will give me a better understanding of the field. As someone who is not majoring in computer science I think this structured program would help me dedicate more time to my interest in computer science. I also hope to learn how to work on a team, with other software engineers, teamworking skills and communication are amazing things to work on that I would love to develop.","In the past, I have been a TA for many different classes. I was a Physics 1 TA, a TA for CS20 (web programming), and I am currently a TA for ME30 (electronics and controls). I have experience working with non-profits, through my time as a student analyst for 180 Consulting at Tufts. Last semester I helped a company called Potenica work on strategies for market growth and being able to respond to the effects of COVID. ",Yes,Yes,I am taking a light course load so I am pretty free,"CS 11: Intro to Computer Science, CS 15: Data Structures, CS 20: Web Programming, CS 160: Algorithms","C/C++, HTML/CSS, JavaScript/TypeScript, Git/GitHub, Python",I took intro to CS (CS11) my freshman year and I really loved the ability to work through problems and make unique solutions to an issue. ,"One project I'm especially proud of is a centralized certificate management system I worked on during my time at Amazon. Our team faced challenges with managing certificates—renewals were often manual, and if missed, they could lead to service disruptions. To address this, we brainstormed as a team and designed a system that could automate certificate lifecycle management, improve visibility, and reduce the operational load on the team.

Before I even started implementing the system, we spent time discussing the requirements and sketching out how it would fit into our existing infrastructure. It was a collaborative effort where everyone contributed ideas on what tools we could leverage and how to handle the different renewal timelines for various services. Once we had a solid plan, I took the lead in building the system using AWS tools like Lambda and DynamoDB. The system not only automated certificate renewals but also provided notifications to make sure that nothing slipped through the cracks.

One of the biggest challenges was making sure that the system was flexible enough to handle different services’ unique renewal needs. I worked closely with the team to ensure we were setting up notifications and monitoring that aligned with each service's requirements. The fast-paced environment meant I was constantly participating in code reviews, debugging, and testing, but I enjoyed that aspect because it pushed me to write high-quality, maintainable code.

In the end, the project reduced our team’s workload and increased service reliability, which was incredibly satisfying. It was exciting to work on something with such a direct impact, and it gave me the chance to deepen my experience with AWS technologies while collaborating closely with my team.",personal site: https://lamothejosh.com/,2,6,11,10,9,3,4,7,8,12,5,1,"I’m excited about the opportunity to work with the Tufts University Counsel team because I’m passionate about using technology to solve meaningful challenges. The work OUC does—keeping the university compliant and reducing risk—is crucial, and I’m eager to contribute to the project that helps manage endorsements and sponsorships more effectively. Creating a web app that filters and re-reports disclosures from Tufts employees will make a real impact, and I’d love to be part of making that happen.",,,
9/20/2024 12:43:26,Joao Victor Kunzler Slapak ,,He/him,joao.kunzler_slapak@tufts.edu,2028,No,"Before February this year, I didn’t have any cs experience. I didn’t even know I would become so interested in this topic at the point of considering majoring in it.Luckily, I decided to study python just for fun, and discovered how interesting it is. Now at tufts, I am taking cs11 and learning a lot about c++. I want to join JumboCode because I would love to develop further my coding knowledge and gain practical experience working with way more experienced people ",During high school I worked as a volunteer helping refugees at my city in Brazil. I also worked to create a NGO to help kids with financial education.,Yes,Yes,I am available ,CS 11: Intro to Computer Science,C/C++,I studied python for 4 weeks at the beginning of the year and I am currently taking cs 11,I am loving to do cs 11 homework. I really enjoyed the decrypt and palindrome homeworks ,,11,3,8,6,7,1,10,2,4,5,12,9,I would love working in New england innocence project ,,,No
9/20/2024 23:58:52,Allison Zhang,,She/Her/Hers,aymz1028@gmail.com,2027,Yes,"I want to join JumboCode because using my education and experience in CS to give back to the community is immensely fulfilling. When I typically think about how school affects my future and actions, my mind wanders to jobs, internships, and grades. However, JumboCode allows me to use what I learn to help people in my community, which would be invaluable to my status as a student. I hope to gain responsibility and obligation to volunteer, as I was once in a position that benefited greatly from volunteers and the kindness of others. My high school experience wasn't easy, especially towards the end, and I found comfort and acceptance from non-profit organizations in my community. Being a developer in JumboCode last year and helping a non-profit spread awareness (about people like me!) allowed me to be satisfied with my achievements and made me happy that I contributed to such an awesome project.","I'm currently a TA for CS 20, and was a TA for my high school APCS class. I also ran the queer club at my high school as well, and organized fundraisers/awareness events to improve the quality of life for queer kids in my school.",Yes,Yes,"I'm available most days after 6 pm, and completely available on Fridays + weekends. ","CS 11: Intro to Computer Science, CS 15: Data Structures, CS 20: Web Programming","C/C++, HTML/CSS, JavaScript/TypeScript, React, Git/GitHub, SQL, Node.js/Express, Java",My dad first introduced computer science to me when I was in elementary school since he works as a software engineer!,"Over last summer, I, along with 2 of my classmates, helped my professor for CS 20 make a website for one of her clients as an extra credit assignment. It was for a spiritualist temple in SF that sorely needed a new website as their old website was seriously out of date. Finishing the website and seeing it put on the web made me feel accomplished that my team and I managed to help an actual organization update their website. We built the website using HTML, CSS, and JS, which we learned during our time in CS 20. There were challenges in making the website look good, while also maintaining functionality and responsiveness. I was extremely happy that I was helping the community in SF, as SF is a place that I would like to live after I graduate, which made this feel like I was already making SF my home!",http://firstspiritualtemplesf.com/index.php ,5,1,2,3,12,9,7,6,11,10,4,8,"This year for JumboCode, I wanted to focus more on helping people in the same situations that I am. For instance, I want to join the groups for the Wily Network and Village Food Hub, in order to help students that are in college have access to financial and food help, both of which I am extremely privileged to have access to. I also want to help existing organizations helping students and members of the community have more efficient options at hand, like LCS tutoring and A2Empowerment. ",,I'm excited to work in JumboCode again!,I was a developer in the Bi-Women Quarterly group last year!
9/20/2024 13:01:10,Katie Yang,,she series,zihan.yang@tufts.edu,2025,Yes,"JumboCode is at the perfect intersection of learning new things, apply what you know, and make impact to the real world. I have had a taste of JumboCode as a designing for ICTC and I want to do more as a developer this year. I have some front-end dev experience, but I am also excited about learning some back-end technologies. ",Was a RA and joined JumboCode as a designer for the 2022-2023 school year,Yes,Yes,"Tues and Thurs after noon, whole day Friday to Sunday ","CS 11: Intro to Computer Science, CS 15: Data Structures, CS 40: Machine Structures and Programming, CS 115: Database Systems, CS 121: Software Engineering, CS 160: Algorithms, CS 170: Computation Theory","HTML/CSS, JavaScript/TypeScript, React, Git/GitHub, Next",CS 11,"I made DomReview (https://dorm-review.com), a graphics floor plan based dorm review website for Tufts. Did everything on my own from designing to coding. It uses React, JS, and Firebase. It was challenging to learn Firebase for the first time, but I managed to make it working. Currently I am trying to migrate it to Next.js. Please leave a review! Trying to get people to leave their review before I graduate.","https://github.com/KY233466, https://ky233466.github.io/",11,8,12,5,7,3,2,6,10,1,9,4,"1. Bread & Roses is my first choice because not only my last JumboCode project, ICTC, is also about tackling food insecurities. I am excited to about learning more about Next.js and how a scheduling web-app is implemented in the back-end. 
2. LGBTQ Senior Housing is my second choice because I am bi-sexual myself, and an unique project like this isn't regularly available like this. 
3. New England Innocence Project is my third choice because of the real world impact on the criminal justice system, and I am excited about an all girls PM, tech lead, and designer team. 
4. University Counsel Project is my fourth choice because it is an interesting school related project.",,,"Yes, as a designer for ICTC"
9/20/2024 13:53:57,Tanisha Laud,,she/her,Tanisha.Laud@tufts.edu,2027,Yes,"I’d love to join JumboCode because it’s a chance to use my coding skills in a way that genuinely helps people. I’ve always believed that tech has the power to create real change, and working with nonprofits to build apps feels like a way to make that happen. JumboCode’s focus on community-driven projects is something I really admire - working together to make a difference.

I’m also excited about the chance to work with a team of like-minded people. Collaborating with designers, project managers, and developers on something meaningful sounds like a great way to grow both as a coder and a teammate. Plus, I’ve mostly worked on individual projects, so the idea of tackling a big, real-world app as part of a team is something I’m really looking forward to. 

I hope to walk away from this experience not only with stronger technical skills but also with a deeper understanding of how technology can support community efforts. It would be amazing to see something I helped build have a lasting impact on an organization, and I think that’s what excites me most about joining JumboCode.
","My journey in community engagement has deepened my commitment to social good, and one of the most fulfilling projects I've been involved with is Mission She Power. Here, I trained underprivileged girls to play soccer. We grew from training just a few girls to now hosting weekly sessions for over ten participants, all free of charge. Each week, the girls eagerly gather at Azad Maidan and Oval Ground, excited to learn from experienced players and coaches. Our mission is to normalize the presence of girls in sports and break down the stigmas surrounding them.

In addition to my work with Mission She Power, I co-founded Empowering Youth21, which focuses on skill development and communication training. Partnering with the Birla Foundation's vocational training school, we provide ICT skill training for young adults and have implemented programs for women through the Rajasthani Female Organization to help them gain entry-level career skills.

During the Covid-19 pandemic, I organized a fundraising campaign that raised 1.5 Lakh INR through Milaap. This initiative allowed us to vaccinate over 1,300 people in Mumbai's slums, partnering with Apollo Spectrum and the Ramesh Tulsiani Charitable Trust. Additionally, I led The Good Food Drive, where we prepared and delivered 10,000 meals to orphanages and street children during the lockdown.

These experiences have reinforced my belief in the importance of community-driven initiatives. By leveraging my organizational and leadership skills, I hope to continue contributing to meaningful projects like Mission She Power that empower and uplift underprivileged communities, especially young women in sports.
",Yes,Yes,I would be able to adjust/move things around to make it to my team's weekly meeting,CS 11: Intro to Computer Science,C/C++,"I came into Tufts as an Applied Math/Econ major. However, I decided to take CS11 just for fun. I ended up enjoying it so much that I transferred to the SoE to major in Data Science.","This summer, I built a personal finance chatbot. My first year in college, I struggled to keep track of my finances, so I decided to built this so that I can use it to keep track of my expenses. ",,8,1,3,11,6,7,12,5,10,2,4,9,"
I find the Village Food Hub project really inspiring because it tackles some critical issues in our community. Coming from India, where this is an extremely common situation, I would love to be a part of this. And maybe apply what I learn here, back home.  Strengthening the food system and making healthy, nutritious food accessible to everyone is essential, especially in an era where food insecurity is a pressing concern. 
Being involved in this initiative would not only allow me to contribute my skills but also be part of a meaningful change in how our community accesses food resources. 
",-,-,No
9/20/2024 14:04:46,EDWIN OCHIENG ,,HE/HIS/HIM,edwin.ochieng@tufts.edu,2027,Yes,"I want to join JumboCode because its mission of using technology to create meaningful change in the community aligns with my passion for applying my computer science skills to real-world problems. As a sophomore at Tufts from Kenya, I’m excited about the opportunity to work on impactful projects with non-profits like the New England Innocence Project, while also growing technically through hands-on experience with tools like React and TypeScript. I look forward to the pre-professional opportunities, such as networking and mentorship, to further develop my skills and prepare for the tech industry. JumboCode offers the perfect blend of social impact, technical growth, and community, and I’m eager to contribute and learn within this environment.","I have a strong background in community engagement and social activism, both in Kenya and at Tufts. As a KenSAP Scholar(Kenya Scholar Access Program) that got me into Tuftsa, I’ve had the opportunity to contribute to various impactful initiatives. I co-founded the Soma Project, where I led efforts to collect over 3,000 books for underprivileged students, benefiting 56 schools across Kenya. Additionally, I volunteered as a Tutor and Mentor at Lambwe Secondary School, helping over 250 students prepare for the SAT and KCSE exams. This summer, I participated in ACE++ at Tufts and developed the Kenya-Tufts Cultural Exchange and Civic Leadership Program, which brings together students from both countries to address key civic issues like political participation and environmental justice through workshops and collaborative projects. I also worked with Shining Hope for Communities (SHOFCO) as an Assistant Librarian, where I organized resources and developed programs that improved library engagement for hundreds of users. These experiences have deepened my commitment to using education and technology as tools for social good.",Yes,Yes,Always available ,CS 11: Intro to Computer Science,C/C++,CS11,"One project I’m particularly proud of is the Bayesian Model for Sports Prediction that I worked on during the ACE++ program at Tufts. The project aimed to predict the Boston Celtics' probability of winning based on whether they played at home or away, using Bayesian analysis. We collected real-world data from the Celtics’ 2023-2024 season, including their win-loss record and home vs. away performance, and developed a model that adjusted prior beliefs based on new data. One of the biggest challenges we faced was incorporating multiple priors, such as coach experience and player performance, into the Bayesian equation. We tested different statistical distributions to fine-tune the model, and this process enhanced my understanding of Bayesian analysis and gave me valuable hands-on experience with data modeling and Python coding. It was an exciting project that allowed me to combine my passion for sports with my technical skills.",,9,1,6,5,12,3,2,8,10,11,7,4,"I am most interested in projects that focus on community engagement, education, and social impact, as these align with my background and passion for using technology to solve real-world problems. My top choice is the Village Food Hub project, which addresses food sustainability and access, something I am particularly passionate about, given my experience with civic leadership initiatives. I am also drawn to the New England Innocence Project, as it tackles social justice issues, and the A2Empowerment project, where my experience in education and empowerment initiatives in Kenya would be valuable. Additionally, I ranked LGBTQ Senior Housing and The Wily Network highly because they provide essential support to underserved communities, and I am excited about the potential to contribute to such meaningful causes. While my lower preferences, like Somerville Museum and Tufts University Counsel, are still interesting, they are less aligned with my focus on civic engagement and education. However, I am eager to contribute to any project where I can make a positive impact.",,,
9/20/2024 14:18:36,Nishesh Nath,,He/him,nishesh.nath@tufts.edu,2028,No,"I excited to join JumboCode because I want to deepen my understanding of software development. I've been invested in the field of computer science for a long time, and I love solving the complex puzzles and challenges that arise. One of the fields I haven't explored as closely is website and app development, which this club can help me accomplish. At the moment, I have more of a basic understanding of full stack development, encompassing the front-end and back-end of applications. During my time at JumboCode, I aim to understand how to implement these commonly used tech stack tools into all sorts of projects. Lastly, I hope to join JumboCode because of the amazing opportunity to connect with my community, including the local businesses and peers that I get to work with.","During my summer breaks, I volunteered at the Summer Exploration Academy. I taught fundamental math, reading, and writing skills to students in grades 1-6 who were falling behind in school. I volunteered in this organization for a long time because I had a great experience with helping students grow and overcome their challenges. Additionally, I've volunteered to help First Lego League (FLL) robotics teams in robot design, programming, and presentation skills. I spent a few days each week helping local robotics teams tackle challenges I faced during the FLL competition. Finally, last summer I worked in a summer program at The Coder School, where I introduced children ages 8-13 to introductory programming languages, such as Scratch, VEXcode, Minecraft Education Edition, and Python.",Yes,Yes,I am available every weekday from 4:00-6:00 and after 7:30pm. On weekends I'm free on Saturday and Sunday afternoons.,I'm currently enrolled in CS 11 and previously I've taken AP Computer Science A and AP Computer Science Principles.,"C/C++, HTML/CSS, Python, Java","My first introduction to computer science was during First Lego League, a robotics competition. I was 10 years old when I learned how to program using block coding. Since I enjoyed learning about coding, I introduced myself to various text-based programming languages throughout high school.","One project I'm proud of is when I made an introductory quant algorithm that can analyze and compare two stocks. This was a project I was working on during an internship at Stonehaven Capital Management over the summer. I used IEX Cloud's API to access current article titles about the stock. I went through a lot of tutorials and instructions on IEX Cloud's website because I had never used that API before. Afterwards, I had to learn how to cleanse and sort the data so I could spew out only the key words in lowercase letters. Throughout this process, I watched a lot of YouTube videos to understand how to make a beginner-level quant. Also, to understand more about stocks itself, I made an equal-weight portfolio so I could first understand how to use IEX Cloud's API and key financial numbers I should watch out for. Overall, I used a lot of resources for this project since I was coding something completely new. Although the process was difficult, it was interesting to discover and learn about APIs and quants.",,11,5,10,7,3,6,9,12,1,2,8,4,"The mission for the English at Large project particularly resonates with me because I have many relatives and friends that went through similar struggles as an immigrant coming to the United States. That's why I'm hoping to support this cause and create the library cataloging system that could help this local business. The Dillar Academy also has a similar mission, which is why it's one of my top choices. Additionally, Bread & Roses and the Village Food Hub are included in my top choices because of the important work they do for the community. Moreover, one of my goals is to work on a web app similar to the ones that these two groups are aiming to develop. Lastly, the Tufts General Counsel and New England Innocence Project are two really interesting companies with projects I'd love to be involved in.",,I'm excited to contribute to any of the projects in JumboCode so I hope I'm not limited to my initial project preferences. I'm really looking forward to learning about being a developer and collaborating with new people.,
9/20/2024 14:18:39,Massimo Bottari,,He/him/his,mbotta01@tufts.edu,2027,No,"It is clear to me that being a part of JumboCode would encourage me to grow so much socially, emotionally, and professionally to the point that in my eyes, the offerings of JumboCode are unmatched campus-wide. It is everything I’ve been looking for in a CS club. To be able to work on a highly impactful project with a group of people who are eager to program and form friendships is an incredibly valuable opportunity for me. The welcoming and enthusiastic atmosphere I felt during the GIM really excites me as well, as the PMs all seemed enthusiastic to get to know their devs on a personal level and share their experiences.","- Volunteer trumpet player: performed for holiday events (Memorial Day services, Rotary club), charity walks, and local parades; organized music-related events for the community; 100+ hours

- Local Jewish Community Center senior counselor (JCCNS); worked with special needs youth members; organized inclusive activities; ~280 hours

- SAT and regional spelling bee tutor: mentored/trained students for school and regional level spelling bees; tutored students on SAT math section; 50+ hours

- High school underclassmen mentor: consulted underclassmen for essay writing and geometry/calculus skills; ~20 hours

- Homeless shelter volunteer at Lifebridge, Salem MA: served and prepared meals; ~50 hours

- Food pantry volunteer at My Brother’s Table, Lynn MA, and local church; directed food drive; frequent fundraiser volunteer (car washes, door-to-door); distributed donations; prepared meals; ~70 hours

- Community thrift shop volunteer at Magic Hat: collected, sorted, and distributed donations, ~60 hours
",Yes,Yes,"I am available:

Monday 11am-2:30pm, 8-10pm
Tuesday 4-8pm
Wednesday 11am-2:30pm, 8-10pm
Thursday 2-3pm, 8-10pm
Friday 10am-12pm, 7-10pm","CS 11: Intro to Computer Science, CS 15: Data Structures","C/C++, JavaScript/TypeScript, Swift, Git/GitHub, SQL, Python, C#, Java","As a high school sophomore, my friend said he wanted to learn Python so he could program macros for a video game he played. That sounded fun, so I joined him.","A small group of friends and I participated in the GMTK 2024 Game Jam over the summer. It was a 96-hour competition to make a video game based on the theme ""built to scale."" The game we created was about a kid and a robot who solve puzzles and float around using a balloon that can puff up to get comedically huge. We used Unity, which uses C#, as our engine, and to collaborate we used GitHub Desktop and Git Bash. The game jam was tough, but ultimately very fun and memorable. I definitely came out as a stronger collaborator and programmer than how I came in. We also placed just outside of the top quartile out of 7,615 submissions.

This was my first time programming on a medium-sized team (5 people). The experience was super educational; I learned a lot about how to communicate, cooperate, and plan with a group of developers. I also worked alongside an artist and a musician who had little/no programming experience. Working with individuals with diverse skill sets in a fast-paced setting also helped me develop better communication skills, learn from other’s expertise, and enhance my ability to collaborate efficiently in a creative environment. Together we acknowledged each others' strengths and weaknesses, learned how to allocate our tasks rationally, and combined our skills to create a final product.

It was challenging to learn how to use GitHub Desktop 'on the job,' but it pushed me to adapt to a new and highly useful method of digital collaboration. Making a full-fledged game in a short timespan alongside people with unique abilities led me to learn other new things quickly (for example, various new Unity features and new algorithms for terrain generation) and evaluate important questions under pressure (should I implement this feature, how should I do it, how do my time constraints affect me, etc.).

Now, after my experience working with developers in a group setting, I am excited for my next opportunity to do it again.",Game jam game link: https://jam-jar-games.itch.io/maurice-and-maximus,2,10,12,1,8,11,7,5,9,3,6,4,"I love Sun Tzu and also recall his quote saying to join the Somerville Museum JumboCode project in his book The Art of War, which is why I had to place it first.

In all seriousness, I especially like the idea of impacting local communities because it is fulfilling to see the impact of our work firsthand. That being said, working on a project with far-reaching effects is also very exciting and fulfilling, and I would be happy working in either type of situation.",,"I am big into music production. If we need a group theme song, I have us covered.",I have not been a part of JumboCode before.
9/20/2024 14:19:39,Andrej Djokic,,He/Him,andrej.djokic@tufts.edu,2026,Prefer not to answer,"I want to join JumboCode to use my passion for coding to create positive social impact by working on real-world projects. I hope to learn new skills, make new friends, and gain valuable hands-on experience.","I was an member of my hometown’s tennis club, where we regularly organized community service programs for kids, individuals with disabilities, and people from socially supported backgrounds. We also partnered with local schools to run tennis activities, which promoted physical health and created inclusive space for children of all abilities. Volunteering in these programs allowed me to see the positive impact of sports on community building and inclusion.",Yes,Yes,I am available all evenings after 7:30pm.,"CS 11: Intro to Computer Science, CS 15: Data Structures, CS 40: Machine Structures and Programming, CS61 - Discrete Math, CS114 - Network Security","C/C++, HTML/CSS, Git/GitHub, Python, C#, GO (Golang), Bash/Shell Scripting, Linux/Windows","My first introduction to computer science was during high school, where I attended a CS-focused program. In my junior year, I developed my first project a betting game called 'Lucky Balls 6/48'. This experience sparked my interest in coding and motivated me to pursue a CS major at Tufts.","I am proud of successfully finishing project called “arith” in CS40 class, where I developed a program to compress and decompress images. This was one of the hardest projects I have worked on, as it had many concepts I hadn’t fully understood before. To manage the challenges, I followed an incremental approach, which made implementation and testing much easier. I also learned a lot from pair programming with my classmate. This experience improved both my coding and teamwork skills, and I’m really proud of the outcome.",I don't have any links to share.,7,9,8,1,11,10,12,5,2,3,4,6,"First Choice: Somerville Museum I have always been interested in museum artifacts and their historical significance. I would like to help this museum by contributing in development of a web-app database that will efficiently manage their inventory. I also know Zack since we were partners for 3 consecutive projects in CS40 class last fall. I had great experience working with him and I hope to work under his guidance in this project.

Second Choice: English at Large As someone who has experienced the challenges of learning English as a second language, I relate to the overwhelming search for effective learning resources. I am interested on supporting English at Large in creating a system that simplifies resource accessibility for learners. I'm also open to assisting Clarence with the ""FoodBites"" app 😉.

Third Choice: Bread & Roses I'm interested in helping develop a scheduling app that enhances volunteer coordination for Bread & Roses. Supporting communities in need is important to me, and this project aligns perfectly with my values. I am also taking CS160 this semester and will take CS105 next semester and some help from TA would mean a lot.

Fourth Choice: A2 Empowerment I am coming from Bosnia and Herzegovina, a country that is also less developed. I had an opportunity to come here and study at Tufts University and I would be more than happy to support A2 Empowerment in helping Cameroonian women achieve their educational goals.",I don't feel uncomfortable working with anyone.,,"No, I haven’t been a part of JumboCode before."
9/20/2024 14:33:44,Stella Roering ,,she/her,estelle.roering@tufts.edu,2026,Yes,"I want to join JumboCode to support the Somerville and Medford community in a way that directly impacts it and gives way for sustainable long term changes. I grew up in Oregon and spending the last 2 years here in Medford has been really amazing, I'm so thankful for the area and all that it has given to me. I want to be able to reciprocate all that it has given me and I can think of no better way than through jumbo code. I recently decided to pursue the CS minor here, and I am eager to further develop my programming skills by also contributing to my surrounding community. ","I spent a few years in high school volunteering for Bags of Love, a local nonprofit which makes bags of clothes, toys, toiletries etc. for anyone in my town that was in need. I also volunteered for Food for Lane County which made and distributed meals. I also spent time as a tutor for elementary school age students during covid. In addition to these I helped my friend create a system of food pantries that were installed in and around my home community in Oregon. We worked with local non profits to build, install and stock wooden food pantries. We were chosen as representatives for the Columbia region to attend a national YMCA youth government conference. There we were recognized as National Finalists and received some support to build a website for the pantry system. This website was to create a map of all the pantries to make them more easily accessible and to create schedules for volunteers to stalk the pantries to ensure they always had food. I have not been involved much with community engagement here at Tufts but I am eager to get back into it. ",Yes,Studying remotely,That timing works for me!,"CS 11: Intro to Computer Science, CS 15: Data Structures","C/C++, Git/GitHub, Python, Praat Scripting ","My first introduction to computer science was CS11. It was a super challenging intro for me because I had no prior experience in coding before this. It was definitely one of the hardest classes I have taken at Tufts but it was also the most fulfilling. I developed so much as both a student and a person, and I'm so excited to continue on my CS journey.","One project that I am really proud of was a script that I and a lab PI created over the summer at a Linguistics lab I was working at. The project was to extract data to be statistically analyzed from speech audio samples through the program Praat. The goal of the project was to rework the language production model. The study was set up in a way that participants were given different phrases to read out loud in order to illicit speech errors. The data I was working in was in the form of audio clips that were transcribed and segmented through using features in Praat. Individual words were isolated as well as syllables and the frequency of each sound. There were over 60 participants and for each one we were looking at certain syllables that were targeted. Each participant individually had about 300 targeted syllables in their speech samples and 7 types of data needed to be extracted for each syllable that was targeted. We worked in Praat's scripting program to create the script and this proved to be very challenging. The language was very counterintuitive and was missing a lot of key features that python and C++ have which made the coding process very challenging. The language syntax was also incredibly bizarre, certain variables were in double quotes and some were in single quotes but they never established which one was meant for what in their scripting tutorials online. Safe to say it consisted of a lot of trial and error. To start we created a table that contained the participants speaker ID and the 7 types of data we were looking for from each individual syllable. From there we created a list to hold all of the text grids (a name for the files that have the audio samples in them). From here we iterated over the text grids one by one, retrieved the speaker ID and then determined which syllable we were looking at. This part proved to be the most challenging because of the way the experiment was set up. The specific syllables or sounds we were interested in were S and SH. The sentences participants were supposed to repeat were a word that started with neither S or SH, then a word starting with S then a word starting with the sound SH. For example peach seek chic. Originally our idea was to create a counter, so every time we encountered a syllable that was neither S or SH we started it at one. Then the next syllable was S and that was count 2, and then SH was three and then once it hit there it restarted and looked for the next syllable that was not S or SH. This worked at the beginning but then we came to realize that sometimes the participants were not completing the statements fully or repeating words when they shouldn't have. This made the count off and the statements were all jumbled when we tried to extract them and the target syllables were not maintained. So if someone had said peach seek seek chic this would be counted as a sentence twice, once with each seek. Ideally this sentence would not be counted tho as we did not want to include any sentences that had errors. We debated going through and fixing all of the data processing to throw out any instances where the participants messed up an utterance but that would've taken an incredibly long amount of time. We went through a lot of trial and error with this case but ultimately we created a for loop to iterate through the tier (similar to a list) of syllables. If a SH was found then we called a function that was able to extract the length of the syllable, the Center of gravity of it, and much more. From there we started counting back wards and went one interval back from the SH. Then we had a while loop that kept moving back one syllable until it found an S or it had gone back 4 syllables (if the participant had said the sentence correctly that's the max amount it would have been back from the SH syllable.) Then we called the same function as with the SH to extract the necessary data from it. We also had other checks to make sure the SH wasn't at the beginning of the list cause otherwise you couldn't start counting back from it, and to check that the pausing between the words were not too long (then the speech error would not be vaild). After this we had to extract the sentence that matched with each syllable we extracted data for. (if we were looking at the data from the S syllable you would want to know which sentence it came from so you would extract ""peach seek chic"" with it). For this we did something similar as looking for the syllables. We checked that the first syllable was not S or SH, if it was then we appended it to a table and then had a series of counters for repetitions to get the sequence extracted correctly. (I attached the link to the script below and it has comments explaining the process more indepth). Finally we appended all of the data into the same sheet. The whole process was pretty challenging, working in a new and very outdated programming language created a lot of issues. There were many times where we were wishing we were using python. One big challenge we had was the time and space the program took up. Praat requires you to create new objects every time you try and extract a piece of sound data (which we had to do for finding the center of gravity) so by the end of the program we had over 12,000 objects that were created in the Praat object list (user interface) so we had to add in code to delete these. If we would have known about it's memory and space issues we should have designed a more efficient program but we were on a deadline so we could not restart, and in the end the program did run and work perfectly.  The whole experience was super rewarding I really enjoyed having a real way to put my coding skills to use, it was my first coding project outside of CS11 or CS15. I also really loved getting to work with my lab PI the collaboration and brainstorming that coding projects require is so much fun. I really love working with other people on these types of assignments. ",https://github.com/stellaroering/Eshespraatscript/blob/main/Praatscript,11,1,8,7,2,4,12,3,6,10,9,5,"My first choice is the Village hub food. As I talked about earlier in my application I worked on a very similar project in my home town with trying to organize food pantry volunteers and stocking. I unfortunately never got to see the website through after the YMCA National Youth government conference because I had just graduated and come to Tufts. I would love the opportunity to continue the same work that was so important to me in my home town and help another community with combatting food insecurity. I'm also eager to help develop the web-app to track the food pantries inventory, essentially the same work I would have done for my pantries back at home but never got to complete. 

My second choice is the Dillar academy. I feel very passionate about education access and ensuring everyone has an equal right to their right to learning. I would be so interested in creating a web-app portal that would facilitate the browsing and enrollment of classes. Having had to deal with SIS it's clear how important a well designed and user friendly education portal is to making class registration easy. Having an easy access to classes is such an important step in helping Dillars mission in bridging the gap between Uyghurs educational disparities. 

My third choice is LCS tutoring because I was a tutor for elementary school students in high school and the experience was very transformative for me. It is so important to have peers teaching peers to create collaboration, inclusivity and a drive towards shared knowledge. The LCS program at Tufts is so amazing and I would love to be able to contribute to the work it's doing here. After my tutoring experience it gave me a new perspective as a student, that learning is all about growing together and increasing collective knowledge about the world. ",,,No I have not
9/20/2024 14:44:11,Eleanor Harty,,she/her,eleanor.harty@gmail.com,2026,Yes,"I would like to join JumboCode because I am hoping to use my programming knowledge to build websites for deserving causes. It is important to me to make sure I am always involved in at least one form of volunteering at any given time. But being abroad for a semester this year makes it a bit more difficult, which is part of what brought me to JumboCode as it would allow me to take part in a yearlong project that I can work on in person and remotely while also developing my skills as a CS major. Finally, since nearly all of my programming experience/internships so far have been focused on back-end, I would love to gain some more real world contact with front-end programming (but am of course happy to help with both, or exclusively with back end if that's what the team needs), especially when I know it will be put to such good use by clients!","My primary experience volunteering for the past two years has been through the Petey Greene Program. PGP is an organization dedicated to improving the lives and recidivism rates of incarcerated people through education. Volunteers with the program visit prisons to conduct weekly tutoring sessions one on one or with a class of students depending on their experience and comfort level. My first year I worked individually with students on their math homework and last year taught a math class for a small group. While I am unable to this year, or at least this fall due to my studying abroad, I am passionate about prison reform and social justice which is the primary reason I wanted to join JumboCode in the first place (especially after seeing them work with organizations like the New England Innocence Project!).",Study Abroad,Yes,"I'm available all day Fridays, Saturdays, and Sundays. I can meet anytime Wednesdays and Thursdays from 12pm-6pm.","CS 11: Intro to Computer Science, CS 15: Data Structures, Discrete Math, Linear Algebra, Software Engineering","C/C++, HTML/CSS, JavaScript/TypeScript, Git/GitHub, Node.js/Express",My introduction was CS11!,"One project I really enjoyed was when I was working at Vexcel Imaging a company which takes photos of houses and neighborhoods in a style similar to Google or Bing Maps for insurance purposes. I took part in a project to integrate the map Vexcel had already created with the 3d model platform Cesium so clients could have as much knowledge about a property as possible. We basically wound up overlaying the maps so that you could switch between generating one or the other, with any movements you make in one being tracked in the other by adding event listeners and creating a system for tracking the longitude and latitude of the images' location. The principal challenge was figuring out what to do with the ""third"" direction in the 3d model and how to capture that which we resolved by using orthogonal images for any viewing angle between 45 and 135 degrees and obliques for anything from 0-44 and 136-180.",n/a,11,6,8,12,4,1,9,3,5,7,2,10,"I would love to work with the New England Innocence Project as it most closely aligns with my volunteering experience and am also very interested in any of the groups related to education such as LCS tutoring, Dillar Academy, A2Empowerment, or English at large for the same reason. However, all of the organizations listed seem to be doing amazing work and I would love to work any of these projects.",n/a,"I just wanted to use this to explain why my section for programming classes may look a bit sparse for my graduation year. This is mainly because I've been getting math and elective requirements done/focusing on my other non-STEM major (IR) as I am applying to law schools this year through junior deferral and wanted to make sure my GPA was in the best shape it could be for that since applications are a bit harder in that regard as a STEM major. However, I've dedicated a lot of personal time to learning coding and am currently doing an internship, so I just wanted to include this to say my course load is not necessarily the best reflection of my programming knowledge right now.",
9/20/2024 14:45:53,Alexander Lee,,He/him,alexander.lee@tufts.edu,2026,No,"I’m hoping to gain experience working with a team for projects, as well as general experience with development. It’s important for me to learn from more experienced members too. ",I’ve had experience volunteering for different groups as well as being involved in local community groups. I also have some working experience in an office setting. ,Yes,Yes,Saturdays/Sundays are free. ,"CS 11: Intro to Computer Science, CS 15: Data Structures, Taking CS160","C/C++, SQL, Python",Harvard’s CS50x online course. ,"I had a lot of fun working on the projects for Data Structures during the summer. I would ideally like to be working on some personal projects this semester, that I haven’t had the time to really work on. ",,12,9,5,8,4,2,11,7,6,1,10,3,I think I would be happy with any of my first 6 preferences (and would love to join the group that needs the members/help the most). ,,,No
9/20/2024 15:03:07,Dhruvii Mehta,,She/Her,Dhruvii.Mehta@tufts.edu,2027,Yes,"I want to join JumboCode because I'm passionate about giving back to the community and making a positive impact through technology. JumboCode offers an amazing opportunity to apply what I've learned in the classroom to meaningful projects, and I believe that these coding skills are powerful tools for addressing real-world problems. By joining JumboCode, I hope to collaborate and learn from like-minded individuals who share a commitment to community service and technological innovation. I'm excited to enhance my coding and technical skills while working on projects benefitting the community around us. Ulitimately, at JumboCode, I want to grow as a developer, meet and learn from other Tufts' students, whilst creating solutions that make a difference in our community.","My experience with community engagement includes leading a Pre-Orientation program, where I helped organized activities aimed towards fostering connections between new students. This role enhanced my leadership experience and deepened my connections to the Tufts' community. In addition to this, during high school, I worked with Gili Eco Trust, a non-profit based in Indonesia focused on protecting the marine life in the Islands. Through this experience, I learnt a lot about sustainability and conservation, but I also learnt about the importance of effective communication with NGOs, particularly since most of our work involved collaborating online with representatives in a different location. Both of these experiences have played a role in my passion for social good, and I can't wait to bring this to JumboCode and continue making a difference in our communities.",Yes,Yes,"I'm available to meet most weekday evenings (Monday - before 9pm, Tues/Thurs before 6pm/after 7pm, Wednesday before 9pm) and weekends are pretty open for me!",CS 11: Intro to Computer Science,C/C++,"My first time coding was when I took CS11 last spring, and I really enjoyed the class! Now, I'm currently enrolled in CS15.","One project I'm particularly proud of is my final CS11 project, titled Sushi-Go. This was my first significant experience coding a game, and it introduced me to Object-Orientated Programming which was both challenging and exciting. To build Sushi-Go, I started by designing the game mechanics and outlining the user interface. I created different classes to represent the game components, and this structure allowed me to keep my code organized. A challenege I faced was debugging and testing whilst writing the program as I encountered issues with object interactions which took time to resolve since I was working with so many files. However, these challenges deepened my understanding of programming concepts. This project was incredibly rewarding and I really enjoyed the learning process with it!",,4,3,11,5,1,7,12,6,2,8,9,10,"I deeply value education as a powerful tool for empowerment, and both Dillar Academy and English at Large focus on developing English language skills and bridging educational disparities between Uyghurs, and immigrants in Boston. By working with either of these projects, I aim to contribute my skills and knowledge towards developing an app or system that helps faciliate these non-profits with their mission of helping indiviudals enhance their english language skills.",,,
9/20/2024 15:12:14,Huibing Xie,,She/Her,hxie05@tufts.edu,2028,Yes,"My intended major is CS, and I'm a person who loves to help the community, this is a perfect opportunity for me to use what I have learned to help the community. I really want to participate in real world projects to learn how to transfer the content of the class to reality. I want to understand my lack of abilities so that I can better devote myself to various projects in the future. I also enjoy team work, and I hope to forge a deep friendship with my partners through this year-long project.","Every year, I participated in various community services for over 100 hours, including environmental, educational, fund-raising, and donation activities. I got the President’s Volunteer Service Award two years in a row. 
In high school, I founded an Irvine Chinese Student Union non-profit organization with my friend to help Asian autistic children in our community. We led art lessons for autistic children to cultivate their interests & explore their talents. Mentored them in different types of art like origami & watercolor painting; helped them make holiday artwork. We also organized and coordinated art exhibitions to display their artworks for the community.
During quarantine, I held online free Java basics courses for young students.",Yes,Yes,"Tuesday after 7pm, Thursday after 2pm, Friday after 3pm, Saturday before 2PM, and more",CS 11: Intro to Computer Science,"C/C++, HTML/CSS, Python",I learned some java and python in middle school.,"I developed an AI-powered tool to help users search for human movements in 2021. I made this because I love drawing but I was really bad at drawing people, so I created a tool to help me find reference pictures for the poses I wanted to draw.
I was inspired by a 3D spherical joint doll model and decided to use 12 human joints to create a 2D stick figure. My goal was to create a product that matches photos in a training dataset with the pose of the stick figure. 
Although a few years ago, there wasn’t an AI craze like what we saw in 2023. I managed to find an AI tool called Mediapipe Pose to analyze 3D human movements using different joints. 
New to machine learning, I worked with a mentor who introduced me to “K-Means Clustering,” an algorithm for image analysis. The recommended photos, however, did not match my stick figures at all. 
Disheartened, I tried to debug by comparing joint angles within images, but nothing worked. Inspired by trigonometry during a calculus class, I decided to develop my algorithm, which I later published in GitHub as “difference between angles.” By incorporating the trigonometry value of the angles and fine-tuning my model, I managed to achieve an accuracy rate of  87 percent for the matching results.
To provide artists worldwide easy access to my tool, I taught myself HTML and JavaScript to publish my tool online using a web user interface. 
A few months later, I was really happy to hear from people like me who wanted to learn drawing that they thought my tool was helpful.",https://www.youtube.com/watch?v=oXvr1qQS3j0&t=3s,8,4,3,5,1,2,12,11,6,9,7,10,"Dillar Academy is my first choice because Uyghurs are an important group in China. I like their cultures and dances, and I enjoyed traveling to Xinjiang before, Uyghurs are enthusiastic. I'm surprised Jumbocode has a program to help people there to learn English and connect with the world. 
The New England Innocence Project is my Second choice because I was in a Forensic Science in high school, one project we did was to research false exoneration, this project made me learn about a lot of cases that were grievance, sorrow, but also joy when those people were released. Therefore, I want to join this program to help prevent wrongful convictions.",,,
9/20/2024 15:18:46,Valentina Henao,,She/her,vhenao01@tufts.edu,2028,Yes,"By joining JumboCode, I hope to learn more about the stages of software development, from planning to turning in the final product. Through this experience, I would get the chance to work firsthand with a team of developers to create a real solution to a real problem. It is also a chance to engage with a different community and to learn about their needs and perspective. It is also a unique opportunity to work in a project beyond the classroom; one where I can apply my skills to make a positive impact on another community.","During three years in high school, I volunteered in TuTutor, a program that connects tutors with kids from underfunded schools in Colombia, my home country. The aim of the program was to help these young children strengthen their math and English skills, as many of them had their education halted by the pandemic. I would have one-on-one online tutoring sessions twice a week, for which I created lesson plans based on games and interactive activities. It was an incredibly enriching experience, where I had the privilege of meeting the sweetest kids and hearing their stories and perspectives.

During 4 years of high school, I participated in TOM (Tikkun Olam Makers), a program where innovators, engineers, designers, and problem solvers come together to enhance the lives of people with disabilities (Need-Knowers) by designing and building affordable assistive technology. During my first two years, I worked as part of the ""Wellbeing Team"", where my job was to accompany Need-Knowers and their families during the main event, which lasts three days. During this time, I had the chance to learn the stories of people who had very different lives from mine. It was incredibly inspiring to see how families are able to adapt and overcome challenges. It was also beautiful to see their joy after receiving the final product, which would help them participate more fully in society. The last two years, I participated as a Maker, meaning I was part of one of the teams that builds the assistive technology. I was first part of ""Team Marlon"", where I mostly helped with the graphic design aspect of a mobile app that reminded Marlon to complete his daily tasks in his job. The next year, I was part of a different brach of TOM, called TomAgro, that helps farmers optimize their processes. As part of ""Team Yeison"", I worked alongside other programmers to develop a WhatsApp chatbot.

I also volunteered through Cancer Kids First and designed cards for children in hospitals. And, last year, I volunteered through ""Fundación PAN"" and helped organize a Christmas party for over 40 kids from a low-income neighborhood.",Yes,Yes,"Monday (8:00am-1:15pm, 4:15pm-11pm), Tuesdays (4:30-7:00, 8:40pm-11pm), Wednesdays (12 pm - 2 pm, 7:30pm-11pm), Thursdays(4:30pm-11pm), Fridays and Saturdays (any time)",,"C/C++, JavaScript/TypeScript, SQL, Python","In 9th grade, I started Harvard's CS50: Introduction to Computer Science.","Last year, I was part of ""TomAgro"", a branch of TOM (Tikkun Olam Makers) where our aim was to help farmers with small productions make their operations more productive, so they could better compete in the market. I was part of ""Team Yeison"", where we worked to develop a WhatsApp chatbot to help Yeison in processing orders from his clients, helping him optimize his current system. In this project, I was directly involved in the programming, which centered around using AWS and WhatsApp Business Management API to develop a chatbot that could take orders and store them in a database, making it easier for Yeison to process orders and organize his schedule for delivery. Costumer would be presented with a catalog, and they would be able to place orders directly within WhatsApp without the need of intervention from Yeison's end. The orders, along with the delivery location, would then be stored in a Google Sheets file, where Yeison could easily see the orders he needed to pack. This way, he could better plan his trips into the city and optimize his process. Additionally, the costumer had the option to get a weekly reminder to place an order.

TomAgro consisted of a main event lasting three days during which the projects are to be built. Leading up to the event, my team and I met on several occasions with an expert in WhatsApp chatbots from the company Bonnet Analytics. We then learned the bases of AWS and WhatsApp Business Management API, as well as practiced coding with Python. We also learned to use Postman, as we would use it to send requests and test our bot. Learning to use new platforms was definitely of the biggest challenges I faced. The project took a while to begin, and I had very little time to thoroughly learn all the tools we would be using. When the main event started, I felt unprepared, and every task seemed a bit overwhelming. However, within the first hours I got much more familiar with how the tools worked together and the team soon fell into a rhythm. We got to learn about using message templates from the WhatsApp API, outputting data to a database, using AWS to run our code, etc. It was trial and error, and those three days were long, but by the end of the third day we had a product we were proud of. Fortunately, Yeison loved it.",,4,9,5,8,6,11,10,1,2,3,7,12,"My first choice is LCS tutoring as I have had the experience of being a tutor and it is incredibly enriching for both the tutor and the tutee. Getting paired should be made easy, so that the tutoring sessions can start as soon as possible. I would also love to be part of English at Large, as the project would help immigrants get accustomed to life in the US. My parents were in that position when they first came to study in the US, as they didn't know the language very well, and it was challenging to adapt to a new life. For me, too, English is my second language and I often have trouble communicating my thoughts. Through this project, I would have a part in making a positive impact on many adults who could have easily been my parents. As for Bread and Roses, I believe also volunteering should be made easy. By facilitating volunteer sign-ups, Bread and Roses could increase their impact on the Merrimack Valley community. As for the other projects, I would be happy in any of them. They all give me a chance to learn about software development, as well as apply skills to benefit a community.",,,No
9/20/2024 15:43:44,Adam Azevedo,,he/him,adam.azevedo@tufts.edu,2028,No,"I've really enjoyed volunteering with local Bay Area non-profits, and would love to combine that with my technical interests. I hope to learn more about local Boston organizations, as well as improve my coding skills overall.","I've done a lot of volunteer work relating to improving public transit accessibility in the Bay Area. I've interned at a few places: SF Transit Riders, where I did outreach/signature gathering for local ballot measures; Sustainable San Mateo, an environmental non-profit where I helped write/edit/organize policy memos; and was on the San Francisco Youth Transit Advisory Board, a group of SF youth that advised the SFMTA (analogous to the MBTA) on transit policy benefiting youth, as well as doing social media outreach.",Yes,Yes,"Monday: Before 1:15 or after 4:30; Tuesday: 12-1 or after 3; Wednesday: 12-1 or after 4:30; Thursday: 12-1, 3-5 or after 7; Friday: before 1:15 or after 2:30; Weekends: flexible. I do have other clubs/commitments, but can be more flexible around that.",,"Git/GitHub, Python, Java; limited experience with: HTML/CSS, React, and TypeScript","I took a few high school CS classes, and I was also the head programmer on our school's FRC team.","In my senior year, I worked on a project like this: https://www.traintrackr.io/product/mbta9, with a friend interested in electronics. He designed the PCB to display a commuter train line in San Francisco, and I wrote a script to collect live transit times from a transit API and output led colors through a Raspberry Pi. It wasn't a super computationally difficult project, but was super fun and combined many of my interests.",,9,7,6,2,10,1,11,4,8,5,12,3,"I would love to work on a more database-focused project, as I've done a bit of front-end stuff, but haven't learned much about backend web development tools.",,,
9/20/2024 16:25:42,Anh Hoang,,she/her/hers,anh.hoang649053@tufts.edu,2026,Yes,I want to join JumboCode to be a part of a team that collaborates to solve real-world problems and create changes. This will not only let me help positively impact local communities but also expand my skillset in tech and collaborative work. I am also very excited to meet new people (i love bonding) and learn new things from everyone!,"While I haven't directly worked with non-profits, I have been engaged in collaborative and community-centric work through working on organizing the Tufts Women in Tech Conference.",Yes,Yes,"Mondays: 12:00 - 3:00pm; Wednesdays: 12:00 - 3:00pm, after 6:00pm; Thursdays: after 4:30pm; Fridays: after 5:00pm; Saturday: flexible;  Sunday: after 6:00pm","CS 11: Intro to Computer Science, CS 15: Data Structures, CS 20: Web Programming, CS 40: Machine Structures and Programming","C/C++, HTML/CSS, JavaScript/TypeScript, Git/GitHub, Python",CS11,"I really enjoyed working on arith, a pair-programming project for CS40 where my partner and I had to work under tight deadlines. I didn’t know my partner prior to the project, so we had to quickly align our schedules and working style, which was a challenge in the beginning. Working on the project involved a lot of planning forward and breaking down the problem into sub-problems. I took the lead on the main structure of the program and implementing the core compression algorithm using color space transformations. Thanks to planning forward, we got everything done before the due date (after almost camping in JCC <3). We ran into a problem when doing one last run right on the day the project is due, where our program could not work on the largest files. Thanks to having a clear project structure, we had a clear idea of where things could have gone wrong and soon found out the problem was that we did not clear the cache and we had multiple copies of the gigantic file which ended up messing up everything else. We screamed into the void, cleared the cache and it ended up fine. So although not the most large-scaled project I have worked on, arith helped me learn the importance of planning forward and gave me a chance to actually begin to enjoy the process of collaborating with other people, looking for resources and asking for help. I love CS40. And TAs.",Github: https://github.com/ljhxksy; LinkedIn: www.linkedin.com/in/ahoang04,10,4,9,12,2,7,11,5,1,3,6,8,"3 of my first choices (English at Large, Dillar Academy, Bread & Roses) are ranked equally. Other than that, I would love to work on any project",,,
9/20/2024 16:29:56,Brandon Huang,,he/him,brandon.huang@tufts.edu,2028,No,"I’m excited to join JumboCode because it represents the intersection of civic service and coding, allowing me to contribute to meaningful causes while improving myself along the way. I really admire how all the JumboCode projects target local communities but make impacts on a large scale, developing a deeper connection with the cause. I believe that using technology for the public good is one of the most impactful ways to help others, such as contributing to organizations like the New England Innocence Project to produce a more lasting effect. I think it’s truly amazing that this organization fights for the freedom of free wrongfully incarcerated people and returns them to their families. Although I may not be able to help in the legal aspect, I would still like to help by developing a database to store their clients, resources, and officers. The idea that my skills can help bring positive change to people’s lives is something I’m passionate about, and it’s what draws me to JumboCode. In addition to serving my community, I see JumboCode as an opportunity for self-growth. Joining a group of developers of varying coding skill levels and backgrounds will help hone my technical skills and dive into unique perspectives of each member. Accounting for these perspectives will allow the group to develop a website that suits everyone’s needs, improving the project. In addition, by joining a group this size, I would be able to improve my communication and time management skills to make sure the group is on track and understands what needs to be done. Through JumboCode, I hope to make a meaningful impact on my community while also challenging myself to grow as both a coder and a person.","In high school, I regularly volunteered at park cleanups with my friends. Not only was it good for the environment, but at the end of the day, it was also rewarding to look at all the garbage we collected and see how my actions had a sizable impact on my own community. Within my own school, I’ve gone into classrooms to give presentations on awareness of mental health and bullying. I strongly believe that mental health is an important key in student success because it allows students to be comfortable in their own environment and maximize their learning and productivity. These experiences gave me a deeper appreciation for community service and through JumboCode, I wish to give back to the community by participating in the club to assist organizations with their causes and form a bigger impact on the world.",Yes,Yes,"any time on weekends; any time after 5 pm on Monday, Thursday, and Friday; any time after 7 pm on Tuesday",,Java,I learned a bit of Python for a technology class in middle school,"In my junior year of high school, my group and I developed a Discord bot that simulated the game of Blackjack for our computer science class’ final project. To put our project on Discord, we imported a library called Javacord, allowing us to create buttons that the user could click and listeners that responded to the user’s actions. For actions within the game like shuffling or hit/stand/double down, we used Java but tweaked it a little using Javacord. We also implemented a user’s balance and betting system that was stored in a JSON file to simulate winning and losing money. One big challenge we faced was learning enough of Javacord to implement everything, which meant reading through the documentation, understanding the code, and then applying it to our code. The documentation was confusing but luckily I had a skilled coder on my team to navigate the process. Another problem we faced was underestimating how much time we had to complete the project. In the beginning, we worked bit by bit during class time making sure everything ran smoothly. But by the last couple of days, we realized we needed to pick up our pace and started working on the project outside of class, which meant rushing code and hours of debugging. Overall, this four-week project provided a valuable learning experience. Collaborating with a skilled coder at my table proved invaluable as I learned from his code and his thought process. He also clarified the confusing aspects of the code such as the function of different Listeners and how to store data in a JSON file. Moreover, I improved my communication skills through effective group coordination, outlining each member’s roles and tasks. In the future, I aspire to engage in similar learning environments, where I can be challenged and learn from my peers.",https://github.com/birdy1987/cardBot,3,4,7,10,11,1,6,8,2,5,9,12,"I chose the New England Innocence Project first because, in high school, I took a forensics class and one of the lessons required us to research people who were acquitted due to this project. While I read through these stories, I gained a deeper appreciation for the work that the non-profit did to change these people’s lives, and I want to help them too. I also wanted to join projects that made education more accessible to others since I believe that widespread education is powerful in shaping peoples’ futures. For example, it allows people to understand the world around them and pursue their interests which is a very powerful tool for unlocking creativity. In addition, I also wanted to join projects that increased access to food for others because I believe that food is a human right. Coming from New York City, I’ve witnessed people struggle for food security so I want to be able to make a difference in people's lives, even if it’s here in Massachusetts. Finally, based on the slides and the content within them, I chose groups that I thought were fun and engaging.",,,I have not been a part of JumboCode before
9/20/2024 16:39:46,Nicholas Tam,,he/him,ntam02@tufts.edu,2027,Prefer not to answer,I want to join because I would like to help out by doing this non profit work as well as refine my own skills developing. Getting experience working with a larger team coding something sounds very valuable to me and I am not quite sure where else I could get such an experience. Knowing that the project is for a good cause is good motivation to do the work.,"I volunteered and helped run my high school's auction, tutored for various subjects in my Highschool, I had a job at a park center in Harlem which was very involved in the community. They had live events like local musicians performing that you would prepare and help run, some days they ran a mini daycare, they also had tutoring for the middle to high school aged kids in the area that I helped out with frequently. I think that what I gained from that experience is how important centers like those and community work can be to a community.",Yes,Yes,"Monday, Wednesday: 10 - 4pm; Tues,Thurs: 10 - 12, 1:30 - 2:30; Fri: 10 - 12, 2:30 - 7pm","CS 11: Intro to Computer Science, CS 15: Data Structures","C/C++, Python",First CS class I took was AP CSA in senior year of highschool and I liked it since,"I liked the last project of cs15. It was the first time I'd coding anything working with someone before and having someone to consider the positives and negatives of ideas with made the design process really smooth. Being able to split up the work of the implementation made it go by very fast and, thanks to the consideration we put into the design, it had no problems with meeting the criteria for the assignment. If I remember correctly the assignment was a very large text file or directory that had to keep track of where the instances of each word in the text files were. Our data structure was like a hashtable for each word with another hashtable to keep track of where it appears. You would have to traverse through the directory tree and skim all the files and record the words that appear in the proper hashtable section using the key and stuff. It would then find the queried word and return the instances that it appeared in.",,3,1,9,2,10,8,5,4,11,12,7,6," Village hub food sounds like a good place and id like to help them do what they do. I like the Somerville museum and would be glad to help them out. The other ones all sound good, and I'd be glad to help, but I don't have a strong personal opinion on them. ",,,no
9/20/2024 17:14:26,Ava sim,,she/her,ava.sim@tufts.edu,2026,Yes,"Last year, I had the privilege of being part of JumboCode, working on The Lantern. The experience was incredibly fulfilling, from working the first ticket to completing the final one as a team. It not only deepened my appreciation for web development but also strengthened the connections I built with my peers. As a CS major, collaboration and learning from others are vital, and JumboCode allowed me to not only grow as a computer scientist but make friendships that will last way beyond my college years.

Initially, I joined JumboCode to do more to volunteer work and to gain exposure to the “CS world.” I quickly realized that this club was the perfect intersection of both. After a year, the experience exceeded all my expectations, and I would be honored to continue being part of this incredible club.","My experience with social good activism started in high school. I went to a small all girls school that focused on making well rounded students. Because of that I joined pretty much every club I could and I got to learn about and help a lot of different groups of people. I was a part of my school's Environmental Board starting in freshman year and became Vice President senior year. We worked on keeping our school green and educating the community on environmental issues. 

Another group I was the Co-President of my school's Asian Student Alliance where we did many presentations on different topics like hypersexualization and fetishization of Asian women in media or harmful stereotypes and their effects on Asian Americans. I also was a two year Co-President of my school’s Empowering Women in STEM club. This club partnered with our elementary and middle school by doing workshops with the goal of inspiring young girls to pursue and love STEM. Outside of high school I helped lead a group of 30+ members to raise money/awareness for Leukemia & Lymphoma Society. This program was called “Student of the Year” and we had seven weeks to raise as much money as we could. The group ended up raising over $26K. I also volunteered at soup kitchens and community events throughout high school. 

Now in college, I am a freshmen RA in Miller Hall and I love it! Last year I also was in Miller as an RA, and I really enjoyed connecting with my residents, being the go to person for all their questions and concerns, and being a role model for them. I am still friends with over half of my residents now!

All of these experiences were and are very rewarding to me and I want to continue to do similar things in other communities I am interested in.",Yes,Studying remotely,"Monday: 10pm-4pm, 6pm-9pm
Tuesday: 4pm-6pm, 8pm-9pm
Wednesday: NA
Thursday: 8pm-10pm
Friday: 12pm-2pm, 4pm-6pm
Saturday: NA
Sunday: any time until 10pm","CS 11: Intro to Computer Science, CS 15: Data Structures, CS 40: Machine Structures and Programming, CS 121: Software Engineering","C/C++, HTML/CSS, JavaScript/TypeScript, React, Git/GitHub, Python","My first introduction to computer science was in middle school during an Hour of Code. Since then I have done everything my high school has offered related to CS. I took three computer science classes in high school and became the main coder of our school’s robotics team for all four years. Now I’m a junior in CS170, CS160, and Database systems, and I’m excited to learn more!","My high school did a competition every year called the Hallway Competition. Based on the grade’s class color (ours was green) you decked out a hallway in that color with a theme. Each grade went all out to decorate their hallways to reflect their unique personality and spirit. In freshman year we really did not know what we were doing and ended up coming in last place because we had no leadership or a solid plan. 

The next year I was elected Co-Lead of my class' planning committee. Unfortunately, my classmates were deeply divided on the idea of a jungle theme, and I knew we wouldn't be successful without wide agreement. Convincing everyone to trust a singular vision was difficult and tiring but absolutely required. It allowed us to pull off the most realistic fake jungle I have ever seen. We won by a landslide, but more importantly the whole grade worked together towards a common goal, and learned to truly collaborate.

In junior year, mid-way through the competition, I was unexpectedly sent home due to a COVID-19 exposure. While I was disappointed that I could not physically be with them, they demonstrated that great things can happen when everyone works together. It became an opportunity to unite and for new leadership to emerge. Students called me for design input and virtually showed me progress. Witnessing my peers work together to make an amazing hallway was exactly what I wanted. I was proud of our grade's enthusiasm and amazing teamwork. This collective work resulted in another victory!

By the time senior year rolled around practically everyone in the grade wanted to help and we ended up with an amazingly colorful hallway (complete with a 10 foot high foam cave). Even though the contest might have been trivial and just a fun way to get into school spirit, it was truly an amazing experience. It helped me become a better leader and learn how to collaborate while also having fun and doing what I love.",,7,2,8,11,9,4,10,3,1,5,6,12,"English at Large: This project really hit home for me as someone with a Korean immigrant father and immigrant grandparents. Growing up in a bilingual household, there was always and is somewhat of a language barrier between me and some member of my family. I would love to work on a team that would have an impact on my family and to help others. I also thought that the project itself was interesting and as someone who loves reading and being organized this project sounds right up my alley!

Village Food Hub: In high school I always had a passion for food pantries and outreach programs similar to Village Food Hub. I recently joined a club on campus called HUG (Helping unhoused groups) with a similar mission to raise awareness and also help with food insecurity. I would love to be in a group that is focused on helping a good cause that closely relates to my morals.",,,Yes! I was on The Lantern
9/20/2024 17:37:19,Chiara Martello,,she/her,chiara.martello@tufts.edu,2026,Yes,"I’m interested in joining JumboCode because this club would provide me the unique opportunity to gain valuable experience relevant to my future career, help my local community, and connect with my peers. I love the logic puzzles, creativity, and learning integral to the coding process and I enjoy using code to address real-world challenges. I’m majoring in Data Science and minoring in Computer Science and Math. I have taken various computer science classes at Tufts such as CS 20, CS 15, CS 11, and CS 40 and I’m currently taking CS 121 and CS 135. Projects in CS 40 taught me how to confidently tackle intimidating problems and debug programs handling large amounts of information, while CS 20 taught me many new languages, how to use multiple languages to complete a task, and how to design a visually appealing and user-friendly website. These classes gave me technical skills and I would love the chance to apply these skills to real world situations. Over the summer, I completed research at the MIT Koch Institute and applied machine learning to aiding the discovery of an effective tuberculosis vaccine. This experience taught me how exciting and informative real-life applications of computer science are. With JumboCode, not only would I learn how to create a product for a client from scratch, but I would also learn from the strategies, advice, and knowledge of my fellow group members. Through my work in several community service clubs throughout high school, I enjoyed connecting with and helping others. JumboCode is the perfect opportunity for me to apply my passion for computer science in supporting the Somerville-Medford community while connecting with my computer science classmates. I always look forward to partner and group work in my technical classes. Collaboration and communication make tasks more fun and allow everyone to enhance their learning, creativity and productivity. Aside from connecting with my peers through our project, I look forward to bonding with my team through the fun team building activities described during the presentation!","Throughout high school, I was a chief coordinator and teacher for Kickstart STEM, an LLC that teaches elementary school students in my hometown how to code in Python and Scratch while exposing the students to a variety of engineering topics. This role required teamwork, organization, and patience. I worked with fellow leaders to create curricula, determine schedules for classes and camps, train teachers, advertise the program, and communicate with parents and teachers. I taught these classes and developed various teaching strategies. I learned how to make the class fun, connect the material to students’ interests, and keep students engaged for extended periods of time by making the assignments manageable. Helping young students, especially young girls, gain confidence in computer science was especially rewarding. My role for this LLC extended beyond running meetings, planning, and teaching classes. I made myself available for teachers whenever they needed advice, needed someone to fill in at the last minute, and fielded parent questions. In high school I also served as Communications Manager for Key Club. In this role, I oversaw and participated in community service events, managed all social media, and photographed events. I also participated in a mentorship program. As a mentor I visited an elementary school weekly to connect with students, forge friendships, offer support, and engage students in art and sport activities.",Yes,Yes,On Monday and Wednesday I am available after 4:15. On Tuesday and Thursday I’m available after 1:15. On Friday I’m available after 12. I’m available through the weekend other than Sunday from 5-6.,"CS 11: Intro to Computer Science, CS 15: Data Structures, CS 20: Web Programming, CS 40: Machine Structures and Programming","C/C++, HTML/CSS, JavaScript/TypeScript, Git/GitHub, Python",In elementary school I participated in a program called Girls Who Code. In elementary and middle school I was a member of a First Lego League team in which I helped to code and operate a robot. During high school I took two computer science classes (a Python class at the University of Vermont and AP CS A).,"I worked with a team for the final project in my Web Programming class last fall. Our goal was to create  an interactive and transactional website using HTML, CSS, Javascript, jQuery, an external database, server side technologies, and an API. Our team decided to create TravelWise, a website that helps the user plan trips on a budget. TravelWise includes a currency rate calculator, travel packages, budgeting hacks, and a Smart Search feature that displays countries the user can travel to based on their budget and interests. My main roles were to create the database, write the PHP code that connects our website to the database, and complete the Smart Search feature. The database made the code more efficient, less repetitive, and easier to update. Late in our project development process we hit a roadblock. Our database was corrupt and required extensive debugging. Our team worked closely together on project elements such as overall debugging and making the website mobile friendly. My team’s excellent group dynamics were strengthened by the fact that our skills were complementary and we prioritized communication. For each of our major tasks we discussed how we would meet the requirements, what role each person would play, and our new timeline for completion. We used Figma to create a detailed plan for the website’s design, which was essential in connecting the work of the coders to the work of the designers. I really enjoyed working with this team because we were all equally passionate about the project, did our parts, helped teammates with their tasks when they struggled, and kept each other on track with schedules and to-do lists. This project taught me about the importance of a diverse and well-rounded team with a  communicative and supportive culture in which team members can speak up, set goals, ask for help, and step up to lend assistance when needed.",,3,8,1,4,7,6,10,2,11,9,5,12,"The Willy Network is one of my favorite projects because I’m passionate about helping Boston students who lack emotional and financial support from their families. This project has a great cause and would teach me a lot of new frameworks. I’m excited by the LCS Tutoring project because making a web-app that collects tutor-tutee preferences and facilitates the matching process seems like a very valuable skill. It would also be cool to work for an organization at Tufts! I’m also interested in contributing to the organization of newsletters for the West Medford Community Center. This project would give me experience with new databases, libraries, and languages. All these groups have bonding activities I’d love to participate in and people that I would love to work with!",,,
9/20/2024 17:45:03,Miguel Zavala,,He/Him,Miguel.zavala@tufts.edu,2028,Yes,"I want to join JumboCode because the intersection of programming and community service is something that really interests me. JumboCode is also something that stuck out to me when I was applying to Tufts and is part of the reason why I chose Tufts. What I hope to gain from the club is experience working in teams to create actual software for an end user which is something that you don't usually get from just a CS degree itself. In all, JumboCode would be an amazing experience and I hope you consider me for your team.",In High School I was a volunteer at the Food Bank of Delaware as well as being a tutor at my local library.,Yes,Yes,Monday: 10:00AM-1:00PM & 3:00PM-5:30PM  |  Tuesday: 1:30PM-5:30PM  |  Wednesday: 12:00PM-1:00PM & 3:00PM-5:30PM  |  Thursday: 1:30PM-10:00PM  |  Friday: 10:00AM-11:30AM & 2:30PM-10:00PM  |  Weekend: all day,,"C/C++, HTML/CSS, JavaScript/TypeScript, Git/GitHub, Python",I got introduced to Computer Science during Covid when I taught myself Python during lockdown.,"I am proud of the Connect 4 Game in JavaScript that I made for my AP Computer Science Principles Class. The way it worked was rather simple, the board state was represented by a 2D array and whenever you placed a disc it would modify that 2D array and the program would reprint the modified board and check win conditions. A challenge that I faced while coding the project was how to check the diagonals. The solution that I found was to radiate from disc placed, stopping when an opposite colored disc was hit, while counting the number of same colored discs then repeating for the other diagonal.",,5,4,8,2,10,1,12,9,3,6,11,7,Choices 1-3 are pretty close in my head since they are all projects that genuinely interest me and are run by pretty cool people who I would like to get to know more. ,,,
9/20/2024 17:51:37,Dylan Perkins,,He / Him,dylan.perkins@tufts.edu,2027,Yes,"While attending your GIM and listening to the project leads explain their work, it became very clear to me how impactful and real JumboCode’s work is. JumboCode sees the value in creating projects that give back to your communities, and that concept is deeply important to me. Throughout my life, I have always strived to use my skills to the benefit of others, and I would really like to continue to do that in JumboCode. 
I want to bring these values into my work as a programmer. I know that if I am accepted onto a JumboCode team, I will be able to look back in a year and say that one of my CS projects is actually having a positive impact on the world and not just sitting in my git page.
Furthermore, I love meeting new people and JumboCode seems to be full of really cool people. I also love helping out other people with their tech issues, so as a student currently in CS40, I look forward to helping some of the newer coders get accustomed to the industry.","Throughout high school I was very involved in community service, mainly through mental health support programs. For multiple years I volunteered weekly as a listener at a suicide hotline. During shifts, we answered calls from teens all over the country who were seeking support for a wide range of issues as well as any number of people who texted the number for support. In addition, I was a peer leader for a club at my highschool which provided students with confidential support groups attended by fellow peers. The group I led had an average turnout of about twenty people per week. In the past, a lot of my volunteer experiences have involved work in mental health support because I used to want to be a therapist. I think if you are in a capacity to help others, you should use your skills to do so.

While I no longer work at the hotline, since it is based in Los Angeles, I have found ways to incorporate my passion for outreach and community building to my life at Tufts. I am a member of Tufts Amnesty International, which is a branch of the global organization that focuses on raising awareness for humanitarian issues amongst Tufts students and faculty. In addition, I am the outreach coordinator for Tufts Pole Dancing Collective. The pole community is very tight knit, and I work to bring pole and the values espoused within the pole dancing community to Tufts students interested in the club. In addition, I help grow the pole community at Tufts by planning events with other clubs, and coordinating speaker events made to empower people interested in the art form.",Yes,Yes,"I am abatable in the mornings, evenings, and on weekends.","CS 11: Intro to Computer Science, CS 15: Data Structures, CS 40: Machine Structures and Programming","C/C++, HTML/CSS, JavaScript/TypeScript, Git/GitHub","My first introduction to computer science was in elementary school. We had a computer class for an hour once a week, and in it they taught us very basic coding. It was a program sort of like Scratch, though I don’t remember that well. I didn’t start taking actual coding classes until middle school though, where I learned Javascript.","I am quite proud of the project that I am currently working on, which is creating a website to contain my resume, bio, and projects. Though I haven’t finished, I am very proud of the work I have done so far, as this is my first serious project completely outside of class. I was nervous because I hadn’t coded in HTML or CSS in quite a while, but it came back to me as I started coding. The real issue is that I had never used VScode for anything other than C++ or C coding, with compilation and program running happening through the Tufts CS server. It was kind of daunting at first to teach myself all the information I needed, but now I can safely say that I know how to code in HTML and CSS again. What is really cool about websites though, as opposed to the other projects I have done for classes like CS15 or CS40, is how visual they are. It is very clear as you look at your website how much you have created yourself.",I am currently finishing up my website so no link right now !!,7,6,11,12,10,3,1,9,4,5,2,8,"As a transgender man, I understand the importance of maintaining and strengthening your community. The LGBTQ+ community itself has always had to be its own support system. I want to be able to give back to the seniors in our community who helped pave the way for where we are now regarding the rights and acceptance of LGBTQ+ people. That is why my first preference is LGBTQ+ Senior Living. In the past I have been a speaker at panels about LGBTQ+ rights, and have attended conferences to voice for the rights of LGBTQ+ students in private schools around America. I would like to continue this work at Tufts.

My second choice is A2Empowerment. How often can you say your work actually impacts someone across the world? Education is so important in this world, and to be able to provide that for someone else is really a great thing. In highschool, I was a tutor for math and english, and that experience has taught me not only the power in being able to teach, but the importance of it. In addition, I am a double major in CS and International Relations. This project would combine both my academic interests and my passion for community service.",Nope!,Nope!,I have not been a part of JumboCode before.
9/20/2024 17:55:15,Oluwaponmile Fafowora,,he/him,oluwaponmile.fafowora@tufts.edu,2027,Yes,I want to join JumboCode because I want experience working with multiple people on a high-level project. I hope to gain skills in both the front and back end as well as experience working on large scale projects. I also hope to find people in the same industry here at tufts given that I am a transfer and have not had the opportunity to yet.,"I have been apart of My brothers keeper (a high school club consisting of men of color that traveled to local middle schools in order to mentor the students there), brothers@ (a college org consisting of men of color that traveled to local high schools in order to the students there), and helping out at a local elementary school organizing books into classrooms.",Yes,Yes,On mondays wednesdays and fridays I am free up until 12. On tuesdays and thursdays I am free between 12-3 and after 7pm,"CS 170: Computation Theory, I took a data structures class in my old college but am retaking it here because credits did not transfer. I also took a foundations of computer science class inwhich I leanred discrete math, first-order and propositional logic, and proofs. That class tranfered in as cs 170.","C/C++, Python, Java, Ocaml",My introduction was an intro class sophomore year of high school where in I learned python and another intro class my senior year (I moved junior year) where in I learned c++,A project I am proud of is when I downloaded a years worth of streamed songs of my friends analyzed to determine if there was any correlation between the demographic of the listener and the demographic of the artist.,,12,5,10,2,6,7,4,8,9,3,1,11,"As a french minor I feel I should help a francophone country. I'm also hoping I can find a way to practice my french through it. For my second choice:  I appreciate their sense of humor. Third Choice: I know how it feels to not always be sure how secure your food is. I empathize with those who suffer from it. Fourth Choice: I am a proud ally >:). Fifth choice:  (see third choice). From here on its in no particular order, they're all projects I would be willing to work on.",,,I  have not
9/20/2024 18:23:57,Arman Kassam,,he/him,arman.kassam@tufts.edu,2027,Prefer not to answer,"Unlike many of my peers, I’ve gotten into computer science very recently. While others have been working on projects since they were 14 or have already created their own application, I only have my experience in a few CS classes. But computer science is unique in that much of the learning and improvement is done independently, not through school. It’s about who you can learn from, what you can teach yourself, and the opportunities you can find more so than the classes you take. JumboCode presents a unique opportunity to gain all three. First, I can learn from not just the Project Managers and Team Leaders but also from the other members of my team. Through collaboration and interaction, I would be able to build stronger relationships within the CS field, learn different ways of thinking through and tackling problems, and get exposure I never would have otherwise. Second, I’ve heard from two former JumboCode members that the beginnings of your time in the club can be rough, since you’re given a lot of information at once and have to sort your way through it. There’s also the challenge of figuring out HTML on top of that. JumboCode, therefore, presents a massive opportunity for self-growth and learning since you’re forced to better yourself in order to pull your weight. Third, the opportunity to do all of this while also further immersing myself in the Tufts community as well as making a sizeable difference in the local community is a hard one to pass up. JumboCode is, in a nutshell, everything I want to continue to grow as a coder and as a person.","Community engagement is a value that runs deep in my family and in the Ismaili Muslim community, of which we are a part. Since I was very little, I was encouraged to split any money I got into three, a third of which would go to a charity of my choice once I’d gathered enough. Every year from Grade 1 until the pandemic, I raised upwards of $1000 for the World Partnership Walk and the Heart and Stroke Foundation. In terms of hands-on experience, I’ve volunteered at shelters, helped create care packages on Christmas to hand out at community centres, and run toy drives for homeless children. I was the service lead at my school and represented the service council in conversations with the school administration. This responsibility also included planning and executing all school service events. The best experience I’ve had, though, was on a two-week trip to Project Somos, a school for Indigenous students in rural Guatemala. They recognize that service trips are often performative and create harmful dependency, and adjust volunteer’s duties as such. They prevent us from getting too close to the students while simultaneously enlisting us for some of the hard labour that comes with running a school. About half my time was spent teaching science, math, and English, and the other half was spent raking leaves, laying bricks, and cooking. Lastly, I make an extra effort to contribute to my local community. At my mosque and in my religious community, I’ve been involved in delivering food and other goods to the elderly, food service at mosque, setup and takedown, and various other volunteer activities. ",Yes,Yes,"Mondays after 8pm
Wednesdays after 6
Thursdays after 9
Friday all day
Saturday all day
Sunday all day",CS 11: Intro to Computer Science,"C/C++, Python","Although my first formal introduction to computer science was CS11 at Tufts, I would be lying if I said that’s what piqued my interest. In my senior year of high school, I had to complete a 50-page thesis as a part of the Global Studies program. I was originally set on researching an International Relations topic, since that had been my interest for years. However, I was inspired by a previous student’s choice to write about baseball stats despite his similar area of study. I chose to complete my thesis on the impact drafting has on an NHL team’s success, and spent the next five months diving deep into a world of statistics, spreadsheets, and t-tests. I found myself working on even the most boring parts of the paper at 11pm when I didn’t even need to, thinking about it in my free time, and looking forward to the next time I could open my computer and contribute to the Excel sheet again. This project sparked my interest in data and computer science and is the true reason I chose to begin taking CS courses at Tufts and eventually decided to major in computer science. ","At the beginning of this school year, I overheard a friend of mine, Jake Flosi, talking about how much time he and his fellow JumboCasters spend looking for statistics for their games. I began thinking about ways to automate it but immediately ran into a wall when I realized I needed to learn web scraping. I sat down the next morning for half an hour and watched a couple of YouTube videos, then, with increasingly difficult sites, I practiced my skills until I got up to the Tufts Athletics site, starting with the volleyball section. It had much more complicated HTML and the data points I was scraping were all stored in different ways, but eventually, I was able to create a basic Pandas data frame with the volleyball player information. From there, I got to work building different pathways of data to grab, starting with defensive volleyball stats, moving on to separating overall and conference stats, and then adding soccer. After that, I added a functionality where you could choose which year you wanted to look at and different ways to parse the data (per player, per stat, with certain conditions, etc). I returned to Jake with what I had, and he asked me two important questions. First, can I access other schools, and second, how do I work with this? I realized that I hadn’t implemented any kind of interface a user could use to pull all the data I’d scraped. After building that, I looked into the HTML of other NESCAC schools’ sports pages and realized that every website was built the same, so my code already worked on it. Lastly, I looked over my code and noticed it was incredibly inefficient, so I condensed much of the code into modular functions that could work with multiple sports. I invested many hours into this project, but it never felt like work due to my passion for sports. Although I was unfortunately never able to fully complete it, I enjoyed every moment of the experience and learned a lot from it. ","https://github.com/akassa01, https://www.linkedin.com/in/arman-kassam-87ba19248/",11,3,1,9,2,8,10,6,4,5,7,12,"I took a two part approach to evaluating which projects I’d prefer. First, areas of impact, and second, areas of expertise. I want to feel like I’m really making a difference, and the best way for me to do that is through seeing exactly how I’m helping those I meant to help, but also through having the necessary skill base for a given project. For the first criterion, I looked for projects that have the most direct impact on people in need. For these, I found that the Wily Network, Dillar Academy, Village Hub Food, English at Large, LGBTQ Senior Housing, and NEIP are most directly linked to impact, while others serve purposes such as helping spread the word to volunteers, store data, and create archives, all important functions, but now what I’m passionate about. Additionally, as someone with little background interest and/or knowledge in American law and the LGBTQ community, I didn’t feel that my skillsets properly fit those two projects. However, as someone who’s done lots of tutoring and food distribution, I found I had more vested interest in the previous four projects. I also have a specific identity interest in the Dillar Academy, given that it is geared towards Uyghurs and I’m also part of the Muslim community. With all that said, I also felt that I had an affinity for the Wily Network project, since I’ve seen the economic disparity here at Tufts, even in my own friend group, where some will receive smartphones for christmas and some get nothing. Even if a gift is just material, it still makes you feel celebrated and loved, and helping out an organization that grants that feeling to kids my age all over Boston would be amazing. ",,nope!,
9/20/2024 18:29:05,Ashley Huang,,She/her,jing-jie.huang@tufts.edu,2028,Yes,"I’m drawn to JumboCode's initiative of applying the skills we learn in class to real-world projects that create meaningful social impact. While I learned a lot of concepts and practical skills in taking multiple classes every semester, I also easily lost sight of why we are learning all these skills and their applications. JumboCode provides a purpose behind all the things I learned that are not just mere formulas -we can apply things we learned to improve the world around us. Most importantly, I have always been involved in volunteering work throughout high school ranging from education to healthcare. JumboCode represents an opportunity to do volunteer work in a professional format that directly collaborates with the organizations. 

By joining JumboCode, I wish to gain hands-on practical skills in coding relating to software development. Even though I am a BME major, skills such as coding and product development are also heavily used in making medical instrumentation. JumboCode’s structure also mirrors the corporate environment, and I am interested in learning about how different roles can put together a project. Additionally, I also hope to develop interdisciplinary thinking, which I believe can be applied to my future profession. JumboCodes projects are nonprofits that require a team to think beyond just the technical aspects. Similar to BME, it is also crucial to think about the social and ethical sides of medical instrumentation, and how a product can be safe and accessible to all the users. Overall, JumboCode prepares me well to transition into my profession. ","Volunteering has been an integral part of my life, especially throughout my high school career. As president of my high school Red Cross club, I frequently communicated with the local state chapter to organize and manage various initiatives, including four blood drives, fundraisers, and house fire prevention lessons for children at daycares. In addition to my role in the Red Cross, I served as a tutor, helping ESL students from countries such as Malaysia and Cameroon prepare for daily quizzes, tests, and state standardized exams. I was dedicated to providing them mentorship, socially and academically, in transitioning to the States and high school. During the past two summers, I also worked as a Teaching Assistant at the Dale Carnegie Training Center in Taiwan. There, I modeled public speaking techniques, led group activities to practice communication and teamwork skills, and provided personalized guidance to over 35 students. My responsibilities included managing after-class one-on-one sessions via phone calls, addressing questions and concerns, and keeping parents updated on their children’s progress. Lastly, my friends and I also work on a project aiming to solve gender disparity in STEM education and the workplace. We created STEM content to encourage female representation in the field of science and provide accessible learning opportunities on social media platforms. To make information in science and technology more accessible to teenagers, we summarized scientific research papers and updated them regularly on social media. ",Yes,Yes,"I am available for a one-hour weekly team meeting basically every day, especially after 8 pm. ",,Python," My first introduction to computer science is my AP Computer Science Principles in high school. Even though the AP Test does not require coding skills, my teacher still introduced us to coding with Python. Later on in the summer, I also got a certification in Python from the National Taiwan University where I studied the basics of Python in algorithms, function, and control flow. I also researched Python Crawlers and coded some fun games such as number guessing, nAnB, 20 questions, and Madlibs to master techniques. ","For my Python course at National Taiwan University, I coded a game number guessing game. This project is a great introduction to coding concepts in a fun and interactive way. The users were to feed into numbers and to keep track of the attempts. I started the project by listing out the game rules and making sure my programs can reach these goals. This involves generating random numbers and providing feedback based on the guesses. Thinking from the users’ perspectives, I make sure the feedback I provide can guide the users in the right direction and give hints about how close they are. I also make sure the game responds appropriately when the input is invalid (non-numeric value or exceeding the number limit). One challenge I have met was thinking from the users’ perspective when coding the games and giving clear instructions. There are many situations where users can input unexpected answers into the program, however, I found that asking other people to test out the program can find things I never considered. Overall, I found the project very rewarding because it helped me practice the foundation of Python by programming a game that I am most familiar with. ",,1,5,7,6,8,9,10,11,3,4,12,2,"My priority is the West Medford Community Center because this project is related to my experience with the “Females in Science” project, and this is something that I think I could have improved in my past project in terms of providing science information to underrepresented groups or teenagers overall. I want to participate in this project to learn how newsletter creation and publication can be done. My second priority is Tufts General Counsel. I hope to go into the pharmaceuticals/healthcare industry in the future, and I want to learn about the legal issues with health information and how we can protect them. My third priority is English at Large because I feel this project is most connected to my identity. As a first-generation immigrant myself, I understand the struggles among immigrants in learning a new language and living in a completely different environment. In high school, I have been dedicated to being a mentor and creating a space for international students, and I want to make my impact beyond my peers. ",N/A,,N/A
9/20/2024 18:34:52,Alexis Lee,,she/her,yumin5772@gmail.com,2027,Yes,"My passion for education, especially in education reaching marginalized communities, drives my interest for this work. Having served as a volunteer tutor and teaching assistant, and currently continuing as a TA, I have developed a strong devotion to using education for empowerment. The fact that so many of JumboCode’s projects focus on advancing education aligns with my core values, and I am eager to contribute. 
While I am especially excited about initiatives focused on education, I would also be very grateful for the opportunity to contribute to other projects with equal dedication and enthusiasm. 
From JumboCode, I hope to deepen my involvement in service, particularly in empowering education, while also gaining more experience in full stack developing and collaborative programming. As this would be my first large-scale collaborative project, I am excited to further develop myself both as a programmer and team member. 
","In high school, I co-founded an organization that provides tutoring services to students and donated proceeds to the Red Cross Foundation’s Covid Relief Mission in India. This was important to me because firstly, I wanted to contribute to a cause I was passionate about, and secondly, I could serve the community in a way which I knew best. During this experience, I learned to design tutoring sessions, manage a team of tutors, keep track of our tutor-tutee system, and establish a relationship with my local community.  
Additionally, I co-founded a chapter of the Make-A-Wish Foundation, where I worked closely with the Make-A-Wish Singapore office to bring our initiatives to life at my high school. I took lead in organizing fundraising and community bonding events, while also managing a team of volunteers.
I have also been a Teaching Assistant for my high school’s AP Research course, during which I helped students on their individual projects and assisted my teacher in creating lesson plans. In this role, I helped students navigate individual challenges and made sure to provide them with my resources so that their research would be successful. This experience gave me the opportunity to take a part in their learning process and contribute to their education, which I valued. 
My experience with service extends to my current role as a CS TA which I started this semester, where I continue to help students. ",Yes,Yes,"Mon/Wed any time after 8, Tue/Thurs anytime after 7, Fri after 3, and anytime Saturday and Sunday","CS 11: Intro to Computer Science, CS 15: Data Structures","C/C++, HTML/CSS, Git/GitHub",Intro class in high school,"One project I am particularly proud of is a personal website I developed to showcase my work and interests while gaining experience in building a website from the ground up. This project was especially exciting for me, because it was my first independent project, without the guidance of a class or teacher. Through my own research, I taught myself the skills to complete the website. I used HTML, CSS, and Javascript for the front-end structure, styling, and interactive elements, and GitHub for version control and hosting. 
A challenge I encountered was the learning curve associated with learning three new programming languages. Navigating these new languages and each of their programming concepts was initially intimidating. I also had issues managing the GitHub repository and merging conflicts. However, these challenges forced me to deepen my understanding of web programming and GitHub, which I recognized the value of. 
Starting a project independently without anyone else’s support was daunting, which compelled me to become resourceful and seek out information online. Although the personal website may not represent my most creative or polished work in terms of design and user experience, I am proud of it because of the valuable lessons I learned throughout, such as problem solving, self motivation, and technical skills that served me well in future projects. 
",,8,10,5,3,11,7,9,2,1,6,4,12,"As I mentioned before, education-driven service is important to me, so I am particularly drawn to projects focused on education, which would be English at Large, LCS Tutoring, Dillar Academy, the Wily network, and A2Empowerment. Among those, three teams whose missions I connected with the most are English at Large and LCS Tutoring. 
	I am most passionate about the mission of English at Large because when my dad moved to the U.S. with his mom as a child, they struggled to assimilate due to the significant language barrier and difference in culture. Hearing of their challenges made me empathize with families in similar situations, which is why I want to support this organization. Being part of this project would be extremely meaningful for me and I would appreciate the opportunity to help these immigrants overcome such barriers.
	LCS Tutoring also stood out to me because of my personal experience leading a tutoring organization, where I gained some first-hand insight into the challenges of managing the tutor-tutee system. I believe that I can bring some helpful knowledge to the table and am eager to help develop a well-structured system for LCS. 
",,,No
9/20/2024 18:47:47,Jayce Zhang,,They/Them,azhang22@tufts.edu,2028,Yes,"I hope to be able to serve my community and provide software that can help them with their everyday needs. Whether it’s with planning their schedule, helping them find new hobbies, or being able to connect with new people. I also hope to gain new coding knowledge and learn more creative ways to integrate coding into my everyday life/career path.","I volunteered at a local tutoring organization called BranchOut!. There, I designed flyers for outreach, tutored elementary students in English and math, and guided new volunteers after each application cycle. I was able to meet new people in my local communities and gain more leadership and organization skills during my time there.",Yes,Yes,I’m free after 10:20 am on Fridays and Mondays.,AP Computer Science A and Principles,"HTML/CSS, JavaScript/TypeScript",I was first introduced to computer science after taking Intro to Computer Science during my freshman year in high school.,"I’m still really proud of the create task that I made for AP Computer Science Principles. I was able to use code and research to teach others about the population of endangered bird species. Although it was very simple, it was the first actual coding project that I’ve ever made.",,9,3,4,1,8,10,2,5,11,7,12,6,"My top three all correlate with my past experiences and my current interests. With my first choice, I’ve always been interested in making certain processes more efficient and hope to use that interest to help with the Somerville Museum!",None!,,"No, this is my first year applying."
9/20/2024 18:58:51,Caitlyn Wei,,she/her,caitlyn.wei@tufts.edu,2027,Yes,"I hope to improve my hard skills in coding. I want to explore cloud computing with AWS and work on backend facilities. Additionally, I value JumboCodes mission of promoting and helping local organizations. I hope to gain insights to project management and workflow, as well as the process of working on a project with a team!","I volunteered for my towns Chinese Dance Troupe where I was the head of the Summer Dance Program. We offered this program free-of-charge to any young dancer interested in learning the techniques of Chinese dance. We ran this weekly program from June to August with an average class size of 25 students and 4 volunteer dance coaches.

Additionally, I was a founding member of a student run peer tutoring program. High schoolers were matched with middle schoolers and it helped build an academic community between the two groups. 

I also worked in at Dedham Food Pantry where I organized and stocked inventory for 300+ families in the surrounding neighborhoods. It was an amazing experience and I got to meet so many people who I would have never known before!",Yes,Yes,"Su: all day, M: after 7pm, Tu: after 2pm, W: 8am-6pm or after 8pm, Th:after 5pm, F:8am-12pm or after 3pm","CS 11: Intro to Computer Science, CS 15: Data Structures","C/C++, HTML/CSS, Python","I was first introduced to computer science through an virtual pet adoption forum called ChickenSmoothie. I learnt CSS and HTML from posting on forums and I quickly began a love for coding. From there, my brother taught me how to make terminal games like tic-tac-toe (probably something he learnt in his college course lmao), and I continued to learn computer science by taking a intro class in highschool. In Summer 2022, I was a robot AI/ML researcher in Summer 2022 through NYU's GSTEM program, a program dedicated to providing graduate-level research opportunities to girls in STEM. It was really eye-opening and exciting to work in a graduate level lab, and although I had very minimal experience, I enjoyed being thrown into the realm of robotics research.","Last semester, I went to Hack@Brown where I created a concept of a website that essentially matched devs to people who have project ideas. We split the work into two parts: front end and back end. In the front end, we hosted our website locally and used HTML, CSS, and Javascript. For the backend, we utilized an algorithm similar to online dating apps, and searched for keywords. The algorithm updated with user input (clicking a button for yes/no)
Our entire website was essentially a dating app for devs and project leaders, and it was meant to bring ideas to life. ",,7,5,4,6,11,10,9,1,2,3,12,8,"I'm really interested in supporting women in all aspects in life. I'm currently the Social Chair for Women in CS and Logistics chair for Women in Tech, which is why bringing educational opportunities to women in Cameroon spoke to me. Additionally, I saw that AWS would be used in the tech stack, and I am looking into cloud computing! ",,Eager and ready to join!,
9/20/2024 19:13:22,Owen Thomas,,he/him,owen.thomas@tufts.edu,2025,No,"My biggest hope joining JumboCode is improving my web programming abilities. I have not had much web programming experience, except making a few simple websites using HTML and CSS and learning some very basic react on my own for some interviews. I also want to give back to the community. I have spent a lot of college trying to figure out how to meld my technical skills with a desire to do good and have a positive impact on the world, and JumboCode seems like the perfect way to do that.","I have been a TA for the last 2 years (since Fall 2022), and a TF for a year (since Fall 2023). I am currently a leader for the Community Building Fellows Initiative, which is an group whose goal is creating community among Jewish students on campus who would not otherwise be served by existing Jewish programming, such as the programming led by Hillel or Chabad. I have also worked and volunteered with several political campaigns, including two congressional races in New York City. In high school I went to Albany twice to lobby New York legislators on bills I believed in. The first was part of the Raise the Age Campaign, which was lobbying in favor of a bill to make it so that 160 and 17-year olds could not be tried as adults in NY courts. The other was to allow undocumented immigrants in NY to receive a state driver's license, which would help people obtain employment and open bank accounts. ",Yes,Yes,"Friday after 3, all day Saturday and Sunday, Monday after 1:30, Tuesday 12-4","CS 11: Intro to Computer Science, CS 15: Data Structures, CS 40: Machine Structures and Programming, CS 160: Algorithms, Internet-scale distributed systems, Reasoning and Agents (AI)","C/C++, HTML/CSS, Git/GitHub, Python","I did some coding in high school, mostly using Python to code inductive proofs, but my real first intro was when I took CS11 in college.","One project I'm really proud of is a Remote Procedure Call (RPC) program I wrote in class last fall. The project consists of a Python program that generates a C++ client and server pair. The client initiates a Remote Procedure Call of a function by sending the function information to the server, the server then executes the function and sends back the result, which the client then reports, all via generated code. The project required a lot of pre-planning to figure out how we were going to generate the code and how we were going to set up our generation system to be adaptable for all different kinds of data types, including nested structs and arrays. I had also never previously coded in Python, so I was learning on the fly. The project taught me a lot about how to plan, specifically plan in a way that will be scaleable. Sometimes you have to do something in a ""less efficient"" way in the beginning in order to make it more efficient and elegant later on. Also, I learned how to learn a language while coding in it, which was then useful in my internship this past summer where I was working in a language I had never coded in before and had to learn on the job, while I was working on the project. ",,9,12,10,5,6,1,3,8,4,7,2,11,"I am very excited about both the New England Innocence Project because it relates to work I did in high school relating to the Raise the Age campaign in New York, which changed the law to prevent 16- and 17-year olds from being tried as adults in the New York State court system. I went to Albany to lobby my local legislators on that legislation, which eventually passed and became law. I also worked with Reclaim our Vote to make phone calls to voters who had been purged from the voter rolls, for some because of felon disenfranchisement, to let them know that they were in fact still eligible to vote, either because of a change in legislation, or because they were eligible the whole time but were told they weren't when leaving prison. I am also very excited about A2Empowerment. As a TA expanding access to education is very important to me. In the computer science field there are such disparities in who has access to resources that make it easier to succeed, and I love helping break those down as a TA. A2Empowerment aligns with those values for me. I am also really drawn to the project by the fact it has local Cameroonian partners; so many organizations just do work without actually consulting the people they claim to help, and having local partners is such a good way to actually ensure the work you do is truly beneficial. LGBTQ Senior housing is also such an important issue. As a member of the LGBT community I think it's a necessity to look out for our elders. I am excited about the opportunity to use my technical skills to help any of these organizations.",,,I have not
9/20/2024 19:28:41,Sydney Thompson,,she/her,sydney.thompson@tufts.edu,2026,Yes,I really enjoy giving back to my community and helping others and JumboCode provides a great opportunity to do this while also being able to grow as a developer and learn new CS skills. Over the summer I was able to gain experience with web development and realized that it is something that interests me and want to learn more about. I hope to gain experience working on larger scale web development projects.,"I am a current CS11 TA and a member of Food Rescue. In my home town, I often participate in community events such as trash clean ups and local fundraisers. ",Yes,Yes,"I am available evenings after 7:30 all nights besides Monday. I also have a very flexible schedule Tuesday, Thursdays, and Fridays.","CS 11: Intro to Computer Science, CS 15: Data Structures, CS 20: Web Programming, CS 40: Machine Structures and Programming, CS 160: Algorithms","C/C++, HTML/CSS, JavaScript/TypeScript, Git/GitHub, SQL, Ruby/ Ruby on Rails",CS11,"This summer, I interned with a small company called ImageRelay, where I worked on a web application built with Ruby on Rails. During the first half of the internship, I focused on developing a blog for the engineering team. When I joined the project, the blog could only display posts. My task was to create author pages, enhance sorting features for the posts, and modify the blog to align with the designers' vision.

This was my first experience with Ruby on Rails, and learning the framework independently was both challenging and rewarding. Fortunately, I had a great support system in the development team, who I was able to learn a lot from as well as get feedback. One of the most difficult aspects was understanding the existing codebase and ensuring my solutions matched the established code style.

After exploring several approaches, I ended up restructuring the blog. Originally, it was set up with static YML files, but since we wanted to link author pages to their posts, it made more sense to use a database. Finally, when it was time to apply the new designs, where I struggled with finding the balance of making changes to the application to fit the design vs adjusting the design to align with the structure of the code. Through this process I was able to learn a lot about the development and design processes. ",,3,1,8,12,10,4,6,2,11,9,7,5,"I chose my preferences based on the missions of the projects. I'm particularly interested in initiatives that directly impact the Medford/Somerville community. Additionally, I would find it especially rewarding to work on projects involving Tufts groups, as it is possible I would be impacting people that I know. I am excited for the opportunity to learn any new technologies so I didn't base my decisions too much on the tech stack.",,,
9/20/2024 19:30:52,Mark Martirosian,,he/him,mmarti40@tufts.edu,2026,No,"I would love to develop my front-end development, back-end development, and teamwork skills. I am also really interested in becoming a part of the JumboCode community, and helping people with my code!",I have been a volunteer tutor with National Honor Society in high school,Yes,Yes,"I am available in the afternoons most days, as well as ","CS 11: Intro to Computer Science, CS 15: Data Structures, CS 40: Machine Structures and Programming, CS 160: Algorithms","C/C++, HTML/CSS, JavaScript/TypeScript, React, Git/GitHub, Node.js/Express, Python",I started learning Python in sophomore year of high school,"GERP in CS15 was one of the more challenging projects that I undertook, this project involves building a simpler version of the grep command in Linux which searches for all possible instances of a string in a directory, my partner and I ended up setting up a layer of 3 different hashes to be able to find the string as quickly as possible, it was very challenging but it was a great way to learn more about hashing and it was exciting to attepmt to create a program that was not only functionally correct, but also performed as quickly as possible, as this was my first Tufts project with that stipulation. ",https://www.linkedin.com/in/mark-martirosian-4b32b5241/,7,6,11,2,9,5,8,4,12,3,10,1,"I am open to work as either a frontend or backend engineer with a preference to backend. Out of all the languages/frameworks on everyone's tech stack, I have the most experience with Python, Node.js and React, so I believe that I would be the most useful for Tufts General Council, since they are using 2 of those 3 languages/frameworks. I have a passion for history, so I believe that I would enjoy working as a part of the Somerville Museum progect. For Bread and Roses, my friend Stephen Burchfield mentioned that he had a great time working with the leads Johnny and Won last year in JumboCode, so I would be excited to work with them as well. ",,"No, thank you!",No
9/20/2024 19:32:22,Maggie Yan,,she/her,margaret.yan@tufts.edu,2027,Yes,"Over the years, I’ve worked on a variety of projects—from creating a platform game in JavaScript and HTML to developing a triage system using priority queues in Java. These experiences taught me that programming is more than just writing code; it’s about approaching problems with creativity and determination to find solutions for real-world applications. To me, JumboCode is an opportunity to test and apply my programming skills to real-world projects, to hopefully help someone out and make their life just a little easier. By joining the club, I hope to gain experience working on large-scale projects, to implement the whole package (front end, back end, etc.). I’m excited to build something from beginning to end with a team of capable programmers, to be a part of the entire process starting from nothing. ","A few summers through the pandemic, I spent my time teaching English to children in rural China who had little or no access to English education. Through this program, I realized that there are many children around the world who were not as privileged as I was, to receive such an amazing education growing up, and it really made me want to help others. So, I continued pursuing local opportunities to help others throughout my high school experience. During the school year, I volunteered for the Ronald McDonald House Charity, supporting families with sick children in the hospital, cooking food and hosting activities on the weekends for the children and their families. I spent my hours after school at a local non-profit thrift store, helping the store managers by sorting and racking all donated items on the floor. Volunteering for my local community has always been a part of who I am and what I love to do, and it would be awesome to be able to continue this through the JumboCode club. ",Yes,Yes,"Mondays - after 3 pm
Wednesday - after 6 pm
Thursdays - flexible
Fridays - after noon
Saturday/Sunday - flexible",CS 11: Intro to Computer Science,"C/C++, HTML/CSS, JavaScript/TypeScript, Git/GitHub, Python","When I was younger, I would sit in my dad’s office, and watch him type lines of code on the terminal to find the root cause of an Office 365 mailbox outage. My own introduction to computer science, independent of my father, began in elementary school through the Hour of Code program. There was one week per school year (Week of Code) that we would dedicate to learning how to code in block code, through Scratch or the Hour of Code program. Then, I went on to expand my coding toolbox throughout elementary school, in FLL Robotics (also block coding) and later in programming classes through middle/high school.","One of the more recent projects that I’m proud of is my work in EWB (Engineers Without Borders). Last year, we constructed a greenhouse, and I was part of the construction group that focused on interior design, which meant that we were building tables, plant beds, etc. from scratch. We started by planning out the design of the tables – given minimal instruction, it was up to us to optimize for structural soundness. Upon building the first prototype, we realized that our initial ideas may not have been the best ideas. These initial stages created a lot of challenges for us from a design perspective, and ultimately, we had to pivot directions in the design of our table. Another challenge we faced further along was in coordinating our plans for the greenhouse with other subgroups of the greenhouse project. We later learned of new plans from the agriculture/water distribution groups that forced us to adjust the size/placement of our table within the greenhouse. Despite these struggles, we were able to adapt and figure out a new plan that would satisfy everyone’s needs, and we continued to build as such. Now, the greenhouse sits behind Harleston (almost complete!). Throughout the process, I think that our biggest challenge was in coordinating one project between all of the groups, but with enough communication and open-mindedness, I think large-scale projects like this are very feasible.",,10,3,2,5,8,4,1,7,9,6,11,12,"As a fellow member of the LGBTQ+ community, I think it would be really awesome to work on a project to benefit this community, especially a project that makes the community feel more welcoming for seniors. I am also very interested in working on the Wily Project - as I've mentioned in the previous questions, having volunteered for children before, I love helping children/students, and to be able to do something good for students who haven't had an easy college journey would be amazing. ",,,No
9/20/2024 19:32:32,Meghan Kelly,,she/her,meghan.kelly@tufts.edu,2025,Yes,"I've been a developer for Jumbocode for the past two years, first on the Bennett Brothers Balm team and then on Sibling Connections. I've learned so much about web development and have gotten to use many technologies and programming languages that I wouldn't have just through my coursework, and I was proud to have contributed to the nonprofits that we worked with. I've also have great experiences with my teams, and I appreciate that Jumbocode allows us to bond while also working towards something. I would love to be a part of it again to learn even more (I've mostly done backend so far) and to get to work with new people!","One way I've been involved with the Tufts community is through TWO; I was on support staff by sophomore year and have led two trips, one canoeing and one site-based service. Each year I've participated, I've found it so rewarding - my freshman year trip helped me meet some of my closest friends and made me feel much more at home upon returning to campus, and seeing that happen for my first years has been wonderful. I was particularly glad to be on a service-based trip this year. We helped a farm in Vermont with their conservation efforts and some of their farm chores, and it was great to learn about their community and their environmental work. ",Yes,Yes,"Sundays 6-8, Mondays 3-6, Tuesdays 3-6, Wednesdays 3-6 and 7:30-9","CS 11: Intro to Computer Science, CS 15: Data Structures, CS 40: Machine Structures and Programming, CS 121: Software Engineering, CS 160: Algorithms","C/C++, JavaScript/TypeScript, React, Git/GitHub, Python, MongoDB",CS11,"On the Bennett Brother's team, my partner and I were tasked with designing and implementing the authentication procedure, which neither of us had any idea how to do at the start. We went through a bunch of iterations of the design, many of which failed, but the trial and error taught me a lot and we felt so accomplished when it finally worked. Though there were simpler routes we could've taken, it was awesome to learn to do something from scratch, particularly for such an important piece of the project. ",,12,1,6,9,7,2,5,11,10,3,8,4,"I'd love to be a developer for Village Food Hub because I volunteered with a food pantry in high school that similarly didn't have a very efficient system for tracking things, and I think creating an easy way to do that can help them do even more for the community. I would also love to work on a project with the potential for a broader impact, like with the Innocence Project; I'd be so proud to contribute somehow to the creation of justice reform legislation. In general, my project preferences also align with the skills I've developed through Jumbocode; my first project involved tracking inventory, and my second involved improving communication with volunteers.",,,I was a part of the Bennett Brothers Balm team two years ago and Sibling Connections last year!
9/20/2024 19:33:57,Jake Pandina,,he/him,jake.pandina@tufts.edu,2026,No,"Prior to last year, I had no idea how to code. This past spring, as a sophomore, I took CS11, my first ever coding class. As a physics major, I figured it would be helpful in conducting research in astronomy or a related area. Throughout the class, I continued to be surprised about how much I enjoyed the homework assignments, even the ones that were the most tedious. The class even made me think about double majoring (even though it may be too late) and now I am enrolled in CS15. I want to join JumboCode because it would give me hands-on experience in coding that I would not necessarily get from the classroom, as well as teach me what it would be like to code full-scale projects. I also hope to get more connected to the CS community at Tufts (as I am a relatively late CS bloomer) and the larger community as a whole. ","I have been on the e-board of two clubs thus far at Tufts; firstly, I was the Outreach Chair of the Chess club last year, where I worked to gain support for the chess community at Tufts and in the greater Boston area. I helped to organize several chess tournaments, both for just Tufts students as well as students at BC and BU, and worked on gaining new members for the club. This year, I am the Vice President of Torn Ticket II, the student run musical theater club at Tufts. My main responsibilities are to organize the weekly community meetings (4-5 Sundays in Aidekman 12!) as well as spearhead one of our biggest events each semester: a musical theater cabaret, whose proceeds benefit a local charity. This semester I am also looking to get more involved with the community through both JumboCode and Public Harmony, a group who performs for schools and retirement homes.",Yes,Yes,"I am free all day Friday and Saturday, as well as in the evening on Monday. My Tuesdays and Thursdays are also pretty open in the morning (until 12) or between 2:45 and 6.",CS 11: Intro to Computer Science,C/C++,My first introduction was CS 11 last semester! I’m really looking to get more involved.,"Because I am just enrolled in CS15, I haven't had the chance to build many large-scale projects. The homework assignment we just completed, Array Lists, was quite tedious but rewarding once it was completed. As with all of CS15, I wrote in C++, building each function and then testing it in several different ways. Again, I don’t have much experience but hope to be able to make a positive impact on the club!",,8,2,10,12,7,5,6,1,3,11,9,4,"I’m really open to any project! I am very interested in helping the youth (as I have taught children tennis for several summers). Overall, happy to be placed anywhere!",,,
9/20/2024 19:37:34,Javier Laveaga,,he/him,Javier.Laveaga@tufts.edu,2026,Yes,"I have been interested in joining JumboCode since my freshman year and I deeply appreciate and would like to be a part of the positive impact that this club has on organizations. I am a Computer Science major in the School of Engineering in my junior year at Tufts, and, after my most recent internship and the courses I've taken, I feel ready to contribute to the club's mission. I hope to bond with my team members as well as learn new ways to think about real-world problems. Most importantly, I want to help organizations and solve a problem using technology that will hopefully have a meaningful and measurable impact on society, even if it is a small part of the community. ","I have volunteered at multiple organizations where I had to interact with kids to either help them learn or supervise them. Activities ranged from helping teachers during class to helping organize a race for kids aged 5 or younger. As treasurer of the Mexican Culture Club, I helped coordinate multiple events among Tufts students and teachers in Boston as well as in-person information sessions with the Consulate of Mexico. I try to help out the community by doing what I can to foster a sense of belonging and organizing helpful activities. ",Yes,Yes,"I am available pretty much all day Tuesdays, Thursdays, and Fridays. I only have 1 class on Tuesdays and Thursdays. On Friday I do not have classes. Mondays and Fridays I am busier but classes only start until 3:00. In the weekends I am also available. Thus, I would say that I have time for a one-hour weekly team meeting. ","CS 11: Intro to Computer Science, CS 15: Data Structures, CS 40: Machine Structures and Programming","C/C++, HTML/CSS, JavaScript/TypeScript, React, Git/GitHub, SQL, Python",It was in 2020 when I took a college-level course at Columbia University called: Computer Programming: Coding in Java,"The most recent project I build was in my internship this summer. I created a website called AI-Puppy using Python, HTML, CSS, PyScript, and JavaScript. Working under LEGO and the Tufts CEEO in a team of 5, we designed a website that is basically an IDE for kids to be able to program the LEGO SPIKE Robot on the web. It mimicked the official LEGO website except we built it all from scratch (since LEGO did not provide us with documentation for their website). This included all the libraries responsible for the retrieving, downloading, and saving files into the robot, uploading files from the computer, connecting to the robot, and running code. 

The good thing about creating our own IDE is that we could customize it, so we did. The website features different lessons, each with different instructions and pictures, where each tab corresponds to a lesson. We also integrated GIFs into it to guide the kids as they are walking through the lessons. Finally, we included a terminal responsible for just outputing print statements and another one for debugging code. 

The hardest part about this project was to put all of our code and libraries together to make it all work as well as learning PyScript, a new language that keeps being updated. ",GitHub: https://github.com/javier-la200426. LinkedIn: https://github.com/javier-la200426. (personal website in progress - almost done)  ,9,7,11,5,2,4,12,3,1,6,10,8,"I want to be able to help people and have a direct impact on the community as well as develop my professional skills as a programmer. I come from an international background and after living in Mexico, Spain, and in several states in the U.S., I can say that helping the community is very important to me. My choices reflect that thinking. ",N/A,I am very excited to contribute to my project as well as learning new ways of thinking!! ,No
9/20/2024 19:54:07,Yash Kalwani,,he/him,yash.kalwani@tufts.edu,2027,No,"I hope to give back to my local community while refining my existing skills within Computer Science and learning new ones. I also hope to make a new group of friends and acquaintances where we can build off each other's goals, successes, and knowledge. I think it's very important to join a like-minded group of people in college, yet I'm certain that there will be lots of differences between teammates that encourages a growth mindset and collaborative skills. ","Throughout middle school and high school I volunteered at a local boathouse every summer and during the school year. I would teach small and underprivileged kids in Lawrence how to ride sailboats, manage a boathouse, and organize fun games and activities. I also spent a a few hours every week fixing and cleaning up the boathouse, as it was publicly funded and maintained. Dewinterizing and winterizing were full-day projects, and it involved many hands on deck. I've also done cooking for a non-profit based in New Hampshire throughout my junior and senior year, once a month. I would make trays of pasta, of all different kinds with all types of sauces. It came out to about 200 meals a month. ",Yes,Yes,"Monday and Wednesdays 1-6, Friday 2-5. ","CS 11: Intro to Computer Science, CS 15: Data Structures","C/C++, HTML/CSS, React, Git/GitHub, SQL, Python","It was in high school. I was in AP CSP as a junior and my instructor went off-course and we did the entire Harvard CS50 course before our AP test, which had nothing to do with it. It was a fun class, great teacher. Learned a lot.","A project I'm proud of is one I did for a company I interned over the summer and also now. It is a medical communications company that is streamlining the process for documentation and reporting that gets submitted from drug companies to governmental health agencies such as the FDA or the EU. I joined the team over the summer, and I'm still working on the project now, but it's going great so far. I am working on automating this documentation process so that hours of grunt work can be saved for medical writers that could be better spent towards actual research rather than reporting. We are using a lot of proprietary health documents from large pharmaceutical companies to test on our OpenAI 4o model without Azure DevOps. I've learned a lot about the Azure environment, blob storage, and our model's response to an evolving dataset. So far, testing is going great, and now we are in the fine-tuning phases. I get new use cases from writers and my boss every month or so to refine the model, as there are still some inaccuracies that are unacceptable in the pharmaceutical world.","Besides college projects and private work projects, nothing really. ",1,5,7,4,3,6,12,8,9,11,10,2,"Growing up in Medford for the first 9 years of my life, I'd love to contribute directly back to it. I've also done a lot of work in high school organizing recreational and social activities for all ages, especially those in elementary and middle school. This is why the West Medford Community Center is the most appealing to me. ",n'/a,n/a,
9/20/2024 20:01:24,Jonah Pflaster,,He/Him,jonah.pflaster@tufts.edu,2027,No,"I want to join JumboCode to gain more experience in the world of application and web development. It also seems like a very friendly, open and determined environment in terms of how everyone treats each of other and their attitudes towards creating a new website or application. ","I was a soccer trainer for kids ages 5-10 for 2 years at Sound Beach Soccer. I would organize trainings, teach skills and help with development. I also was a counsler at a science summer camp called destination science for 3 years. I would organize the campers, help them with different craft projects and learning about simple science topics in fun and engaging ways. I am also a tech lead for EWB (Engineers Without Borders). We do a bunch of engineering service projects and I am currently part of the Malawi branch in which we are helping a community named Malkewani.",Yes,Yes,"I could do monday evenings, any time thursday past 4:30, and friday mornings or early afternoons.  ",CS 11: Intro to Computer Science,"C/C++, HTML/CSS, JavaScript/TypeScript, React, Git/GitHub, Node.js/Express, Python",I did a program in elementary school called KidOYO. They taught us the basics of scratch.,"CalendarConnect:
   I have a project called CalendarConnect. The main goal of the project is to help better connect university students from different schools with an easy-to-use calendar. We all know that academic calendar websites are annoying, hard to read/compare, and are not in a calendar format for some reason. On CalendarConnect all you have to do is enter the university names of the schools you want to see on your calendar and then the breaks, start date and end dates, and exam periods all pop up on your calendar. It is currently still in partial development however a beta version is currently deployed to the web with only about 30 schools (including Tufts, many Boston schools, other top schools, and many schools that my friends go to lol). 
How I made it:
   I used React and chakraUI for my front end, Node.js for my backend, selenium in Python for web scraping the academic calendars, and then GitHub and Vercel for organization and deployment. A big challenge that I faced was web scrapping the academic calendars, especially in bulk. Websites have all different variable names, organization, and other features that make it very hard to create a generalized webscrapping script. What I did was I created a JSON file with specifics to each website such as span class with the proper info, paths to find buttons, etc. and then I created a Python script that went through the JSON file and took the necessary data for webscrapping the given urls inside the JSON file. I also tried other methods such as scrapping basically all of the information from the website and then filtering it. Right now I am in the middle of trying to find the best and easiest method of doing this before I go and try to get 1000 universities or so. ",Portfolio website: https://jonahpflasterportfolio.vercel.app/,12,5,11,4,2,6,10,3,7,1,9,8,I mainly ranked based off the projects stack and on impacts that I feel relate to my own life/interests.,,"Although I am a MechE, I am doing a cs minor and am super interested in web/app development! ",No
9/20/2024 20:02:12,Shiyuan(Blair) Wang,,She/her,shiyuan.wang@tufts.edu,Masters Student (non-Tufts undergrad),Yes,"I'm looking for opportunities to work on real life projects to enhance my software engineer skills, also I like that I will be doing something meaningful by helping non-profit organizations. ","I have volunteered for a private medical practice, I built a machine learning platform for them is personalized. Also non-CS related: I have volunteered at food banks, animal shelters. ",Yes,Yes,"Mon/Wed: 10:30am-3pm, Tue: all day, Thursday: all afternoon, weekend schedule flexible","I am a graduate student, but I have taken Data Structure and Database Systems and Software Engineering during my undergrad at UC Berkeley.","C/C++, HTML/CSS, Git/GitHub, SQL, Node.js/Express, Python",It was the Git project that implemented GitHub in CS61B at UC Berkeley,"By my own initiative, I sought out an opportunity to collaborate with an orthopedic surgeon alumnus, with whom I worked on developing a surgical outcomes analysis platform as a machine learning project. I collected data on over 200 surgical operations, including complications and recovery times, as well as on patients, encompassing demographics and pre-existing conditions. I then used several machine learning algorithms to uncover patterns and identify areas for improvement. In analyzing patient recovery times, I was initially undecided between using L1 (Lasso) regression and L2 (Ridge) regression to prevent overfitting. Eventually, I opted to combine both approaches, creating an Elastic Net regularization. This approach, coupled with K-fold cross-validation, enabled me to achieve optimal performance.",,8,9,4,2,6,1,3,12,11,10,5,7,"I am very interested in the innocence project, I have read about a lot of the cases in the US and I don't think they get enough resources/support in general. Also I want to support local museum and LGBTQ community, if I get the chance I also would like to contribute to Village Hub Food and any other projects.",,,
9/20/2024 20:04:02,Krish Dhayal,,he/him,krish.dhayal@tufts.edu,2026,No,"I want to be able to work on improve my own ability to code in a way that has a purpose, and I believe that supporting local organizations is a great way to do so. I would also like to gain experience of working with teams/groups on ","Every summer in high school, I had volunteered with the Special Olympics in New Jersey to assist young athletes with training and other activities. I had also helped plan events for my hometown county's library network, such as for national library week, author signings, etc.",Yes,Yes,"Monday, Wednesday, Friday any time after 12pm, and Saturday whenever","CS 11: Intro to Computer Science, CS 15: Data Structures, CS 20: Web Programming, CS 160: Algorithms","C/C++, HTML/CSS, JavaScript/TypeScript, SQL, Node.js/Express",I originally learned how to code javascript in high school through a website called CodeCombat,"I was really proud finishing my cs20 final project with my group, a website that pulled from the Spotify and Genius APIs to help a user create their own playlist and show the most popular lyrics from each song.",N/A,7,5,9,1,10,4,11,6,3,8,12,2,"The Somerville Museum is my top choice because I have always loved visiting and learning about new things from museums, I can attribute a lot of my childhood to going to museums, whether that be small local ones near my hometown, or bigger places like the Museum of Natural History. For how beneficial and important they've been to me as a child I would love to help give back. I chose the General Counsel as a second choice because I have lots of friends and family that work in the medical field, and so I just think it would be nice to help in a field that a lot of people I know of work in. The rest were just based off of waning interest, and the ones ranked the lowest were mainly because I don't think I felt I couldn't really form any personal connection to.",N/A,N/A,No
9/20/2024 20:06:26,Jasmine Schaber,,she/her,jyuanschaber@gmail.com,2027,Yes,"I want to join JumboCode because I view it as an excellent opportunity to both connect with the computer science community at Tufts and enhance my own coding skills in a way that gives me real world experience. Additionally, I would love to contribute to the local community by providing assistance. It would be nice to see all the good that coding and CS can do for real people in the area, because I feel like so much of what we do or what we study for in CS classes is not catered towards the benefit of everyday people or nonprofit causes. By joining the club, I would like to gain a connection to the CS community at Tufts, a connection with the community of the area, and experience in software engineering. I think that working on a team with other and having bonding events, meetings, etc, would mean a lot to me, because I haven't really found community within the major at Tufts. ","In the past, I've volunteered by tutoring high school students online for the SAT, which provided a lot of insight into the type of academic support students need when preparing for college applications. I've also volunteered at the soup kitchen in my hometown, helping take stock of inventory as well as serving food. ",Yes,Yes,"I am available after 7:30 pm on Sundays, Mondays and Wednesdays, and I am free before 12 every day of the week. ","CS 11: Intro to Computer Science, CS 15: Data Structures","C/C++, Python",My first introduction to computer science was in CS11 last year. ,"A project I'm proud of is the project I just completed for CS40, Restoration.  The project involved decoding corrupted pgm files and storing the restored files in a new type of file. Me and my partner built it by sorting through each line in the file, creating a function that identified the correct lines, and then storing them in a data structure using the Hanson structures. One challenge I faced was getting used to C with prior experience only in C++, which gave me insight into how one may get accostumed to new programming languages. Additionally, the problems we faced altering memory made me appreicate the value of testing early and often, as well as the difficulties of debugging programs with multiple parts. My partner and I had schedules that were very difficult to line up, and working with her also made me understand the extra effort that goes into working with another person. ",,7,3,5,11,6,2,4,8,12,9,1,10,"I put A2Empowerment as my top preference because I think the work they do is really meaningful, and I view access to education as one of the most empowering things that young women can receive. Furthermore, I have met the PM for that project through another club, and I would love to work with her. I put the Innocence Project second because I had prior knowledge of the Innocence Project before the GIM, and it has always stuck out to me as a project that is making a notable contribution to social good, as well as fighting against justice system inequality. I would be so excited to work on something that could give people their lives and their freedom back after being unjustly imprisoned. The Village Food Hub is another cause that is pretty inspriational, and I find it especially useful after working at a soup kitchen at home and facing a decrepit inventory spreadsheet. Overall though, I find the these projects to be really inspirational, and I would be excited at the prospect of doing social good no matter the situation. ",,,"No, I have not been a part of JUmboCode before. "
9/20/2024 20:08:34,Linh Nguyen,,she/her,linh.nguyen@tufts.edu,2026,Yes,I hope to gain more technical skills and make more friends,I have volunteered at an art education community before. The community mostly provides an online platform for students interested in art to connect with people who share similar interests and learn more about art history and art making. ,Yes,Yes,"I'm mostly available on Friday, Wednesday and Thursday after 5pm, and the weekend","CS 11: Intro to Computer Science, CS 15: Data Structures, CS 40: Machine Structures and Programming, CS 160: Algorithms","C/C++, HTML/CSS, JavaScript/TypeScript, React, Git/GitHub, Node.js/Express, Python, Redux-toolkit, Next, AWS, Firebase, MongoDB, express, MUI, Tailwind, Flowbite",my first introduction to computer science was CS11,"During the last summer, I had worked on a personal project with my 3 other friends. The motivation was: we are all in a Vietnamese Tech Community. Everyone in the community are all very supportive and willing to give out referrals to help people in need. Usually, people who can be a referrer will comment or make a post to notify others about that. Then, candidates (people who need referrals) will inbox the referrers, hoping that they would get a respond soon. This process is very time-consuming and frustrating for both party: the referrers have to go through all of their messages and read through all of the resumes sent to them, then set up the meeting with people who they think could be qualified, etc.; the candidates also have to wait to until the referrers get to their message, or maybe will never get a response since the referrers have filled up their referral slots. So, my friends and I decided to create a web app that can automatically match candidates with the opened referring slots, which fastens the referring process as well as reduce the frustration for both parties.
My responsibility then was in both front end and back end. In particular, I mainly worked on file storage solution, notification microservice, and some other front end components.
To be honest, I was really struggled, especially in the first few weeks, as I never had any experience building a web application before that. I remember myself spending hours reading the documents and watching multiple youtube videos just to understand how I could use OAuth and LinkedIn API for authorization (we wanted to connect the user's account with their linkedin!). Things actually got better as I understood more about how everything works. I gradually got myself bigger tickets like implementing both front end and back end of a user form, storing user files to S3 bucket; designing and implementing the notification microservice utilizing AWS Lambda, SQS, SES, Firebase; writing reducers for front end logic, etc. (Have to credit my awesome teammates here -- they helped me a lot! always opened for discussion and gave me so many advices, which helped me learn wayssss fasterrr!!)",https://github.com/lnguyen2693?tab=overview&from=2024-08-01&to=2024-08-31,5,1,9,12,7,4,11,8,2,3,6,10,"At the place where I'm from, there are a lot of homeless kids who are taken advantage of. Usually, they are forced to sell things to people on the street, then at the end of the day, they have to give in all the money they made, which means they can't afford food even if they work for the whole day. To help them, my family usually bring them to a nearby restaurant or buy them food. That's why the Village Hub Food stood out to me. If a similar project existed in my hometown, a lot more kids will have access to food. I also think this is a perfect opportunity for me to apply my knowledge and contribute to a meaningful and impactful project, which is what I have been searching for.",,,No
9/20/2024 20:10:09,Katherine Deane,,she/her,katherine.deane@tufts.edu,2027,Yes,"I want to join JumboCode because I would like to learn more about coding in a context that is not only welcoming to all experience levels but is also oriented towards a goal of having a tangible impact on the community around us. As a member of JumboCode last year, I was so thankful to work on a project with amazing team members, gain a ton of front-end developing experience in new coding languages, receive mentorship from awesome upperclassmen team leads, and contribute to a project that was able to help other people. This year, I would really like to make new friends with other CS students in JumboCode and see how the code we learn in class can be used in real-world applications (and learn even more about code in practice than I ever could in a classroom). I would really like to gain more back-end experience this year as well! Being able to practice and develop new coding skills while simultaneously aiding groups in our local community is an opportunity that I would be so grateful for. I’m extremely excited by multiple of the projects happening this year, and I would love to get in on the action!","Most recently, I’ve been a TA for CS61 (Discrete) and EN1: Exploring CS, and I’ve had a great time especially teaching the freshmen in EN1 about C++ basics. I’ve also had experience throughout high school at the Food Bank of Hudson Valley, where I sorted food donations into boxes to be shipped to various food pantries. In addition, I’ve been a tutor for underclassmen at my high school, a local middle school student, and a high school student with special needs. I’ve also called bingo at my grandma’s Senior Center for a summer, which also involved interacting with the senior citizens, serving them snacks, teaching them new games, and conversing with them. ",Yes,Yes,"My availability is extremely flexible! I'm available on Mondays, Wednesdays, and Thursdays after about 4:15pm. My availability is open for Fridays and Saturdays as well! (And of course for the Sunday meetings).",CS 11: Intro to Computer Science,"C/C++, HTML/CSS, JavaScript/TypeScript, React, Git/GitHub","My first introduction to CS was an Introduction to Programming class in my sophomore year of high school. The class was taught in basic Python, and I loved seeing my code turn into visualizations of Christmas trees and other drawings on my screen!","A project I’m proud of is my personal website that I built on Replit during a Girls Who Code summer program. The personal website has multiple sub-sites linked within to lead to sections such as About Me (which includes a button-activated random fact generator), a gallery of photos I’ve taken, and a tab for my current projects/interests. I built the website by planning the content, putting it into HTML, making the different sub-sites, formatting the sizing, coloring, spacing, fonts, and overall style in CSS, and creating my fact generator in JavaScript. I faced challenges specifically with both learning how to use and understanding Flexbox, which produced the most bugs in my code; I had to give up some Flexbox features after 4 hours straight, but I figured out a workaround that still allowed for the basic margins/spacing I was looking for. I’ve linked this website below, but it might now work because I don’t pay for Replit; I hope it does though, because I’m really proud of how it turned out!","Since I can't publish the website, here is a public edit link so you can have access to everything and launch the website from here! : https://replit.com/join/rueapoevgw-ksdeane ",2,1,5,12,6,3,10,4,7,11,8,9,"1. Village Food Hub is my first choice because I’m really drawn to both the team leads and the fact that the project seeks to help a food pantry! As a woman in tech myself, I would absolutely love the opportunity to work with an all-female group of team leads and learn more about their experiences in CS in general. I also have a personal fondness for addressing the issue of food insecurity, as I saw firsthand the impact of such work when I helped sort and package food donations at the Hudson Valley Food Bank. To also aid a food pantry in this unique way would be such an amazing experience!

2. Placing the West Medford Community Center as my second preference was such a gut-wrenching decision; this team and project is also SO amazing! The tech leads all seem so genuine and I would love to work with them too. When I worked with the Lantern Club team last year, we had to implement a similar publication element to our site. Also, the chance to learn more about AWS cloud services seems so interesting to me!

3. The New England Innocence project is my third choice because I think the goal of the project is incredibly admirable. I wanted to apply to do work with TUPIT (Tufts University Prison Initiative) but I simply didn’t have the availability in my schedule for it; however, this project would give me the chance to still work with those impacted by the prison system, which is an awesome opportunity. 
",No!,Just excited!!,"Yes, the Lantern Club!"
9/20/2024 20:20:43,Logan Payan,,He/Him,logan.payan@tufts.edu,2027,Prefer not to answer,I want to join JumboCode because I want to work on a project I’m passionate about in this field with members of the Tufts community. I want to give back to communities in the Greater Boston area because that’s the area I’ve grown up in. ,I had worked as a volunteer at the Cambridge Council of Aging and I have worked at Breakthrough Greater Boston as an intern.  I have seen the power of nonprofits in my local community and I’d love to continue to take part of it.,Yes,Yes,"During the weekdays, I’m available after 4 pm but on Fridays, I am available after 1 pm. On the weekends, I am available after 2 pm.  ","Transfer student classes: Intro to Comp Sci, Java, Adv. Java, Data Structures ","C/C++, HTML/CSS, SQL, Java ","I started computer science at home during the pandemic. I began with HTML/CSS and JavaScript and later on, Python. I did that for two years. I since attended a community college where I pursued computer science before I transferred to Tufts. ","In one of my classes, I had to complete a Java Spring project where I found a lot of difficulty with but it also amazed me how I could transform my skills into a practical web application. It made me learn that I have a tendency to over complicate things and to keep persevering through my faults. I was proud in the end because even though I had to restart once, I can still solve what I need to do in a timely manner.",I do not have one. ,7,8,1,12,10,4,3,11,6,5,9,2,I am really open to all of them but I would prefer to do one of my top three choices. ,"No, I am open to working with anyone. ",,I have not been a part of JumboCode before. 
9/20/2024 20:29:35,Keegan Carnell,,He/Him,Keegan.Carnell@gmail.com,2027,No,"I love how JumboCode allows a team to work towards a goal. Quality group projects have have interested me more than individual assignments. I truly believe that ideas and constructive criticisms are exchanged to create the best possible project when working along a team. In addition, I originally chose to be a CS major because of the project and completion aspect. My passion for critical problem-solving is best expressed through a team-based collaborative effort where we can all benefit as each others' students and teachers.","The most passionate I have been for a volunteering project was when I volunteered to coach. There were a few players in particular that I really connected with. For example, Sajal was one of my many students. Not only did he have passion to play, but also had a kind and sweet personality. Because of this, I instantly connected with him. His parents were first generation immigrants, so they did not have a lot of access to sports or other community activities for Sajal to experience. I loved being able to share a portion of my knowledge and experience with him. Every practice, I was excited to teach Sajal. At the end of the class, he wrote me a letter thanking me. I can not express how warm and happy that made me feel.

Besides volunteer coaching, I was a part of a few different volunteering groups in high school. One group was a ""Butterfly Sanctuary"" where we helped manage native plant species in a small city to cultivate butterflies and other species. Another group visited a retirement home. Here, we connected with the residents and worked through various actives. I enjoyed both of these experiences as they gave a fulfilling and communal feel to my chaotic days.
Lastly, I take part in a variety of volunteer and service work at Tufts. Most of these are done through the Tisch College of Civic Life. Although I look forward to the events, I wish they were more long term. I truly enjoy completing a project, especially if it helps a group that I care about.",Yes,Yes,"Mon, Wed after 7:15pm, but can make other times work. Tue, Thurs after 8pm. Fri-Sun free.","CS 11: Intro to Computer Science, CS 15: Data Structures","C/C++, Git/GitHub, Python, Java","Junior year of high school I took AP CS Principles, followed by CS A. Both were taught in Java and they sparked my passion for coding.","I had an internship where my job was a data analyst specialist, where I worked between the finance and sales teams to translate different data points between the groups. I worked the entire summer to put together different datasets that would automatically update spreadsheets and charts to inform both the finance and sales teams.
I loved the project because I was able to use both my technical and social skills to complete the task. The company was relatively small, so my individual knowledge about java and OOP allowed me to finish a previously incomplete project due to the entire company being limited to sales, marketing, and finance. Secondly, I loved talking with the sales team, then changing their charismatic and optimistic words into data driven points for the finance team.
At the end of the project, I built an interface that gave the sales team and finance team insights into data and correlation that were previously undiscovered.",None yet :( I am slowly building a website.,6,11,4,2,8,3,12,9,10,5,7,1,"I like the Tufts General Counsel the best because they are the overall Tufts community. I believe this is a project that I can become deeply invested in.
Secondly, the Sommerville Museum interests me because Holden is specifically a person that I have met and really enjoyed. I believe we would work productively on a team together, while enjoying every meeting.
Third, the NE Innocence project is purely an incredibly interesting topic. The team could potentially give years back to a growing number of peoples lives. I would bring an incredible amount of passion and drive to the team.",,Thank you for being such an amazing club!,No
9/20/2024 20:31:26,Jessica(Jess) Charalel,,she/her,Jessica.Charalel@tufts.edu,2028,Yes,"I want to join JumboCode to further investigate how computer science can be used in the aspect of social work instead of corporations and basic coding. By working in JumboCode, I hope to improve my existing coding knowledge, while also satisfying my desire to help others. ","I have volunteered as a teacher for underprivileged youths teaching specifically history, worked as a Branch Director in a non-profit that paired native English speakers with people wanting to learn the language in one on one tutoring for free, and teaching young students at my local fencing club. ",Yes,Yes,"I am fine with the listed time, but some days I will have tournaments for the fencing team which can harm my ability to make it to some meetings in full transparency.",,"C/C++, JavaScript/TypeScript, Git/GitHub, Python","My first introduction was through my middle school library ""job"" (I say in quotes as all we did was reshelf books and run around acting crazy) when my friend wanted me to do hour of code with him and I have loved coding and computer science ever since!","During my final year in high school, I was enrolled in a class that encouraged students to complete a personal career project, and I decided to make a program in Java that allowed users to input a book, a review, and a five star rating that then stored their data and returned their user info. I worked through Java in VSCode, and also in my AP Java class with my teacher. Some major challenges were how I had never coded an independent coding project before, so I struggled in learning when to take breaks and let my mind off the program, as I tend to get obsessive with solving coding errors. ",,12,11,3,1,2,10,8,7,5,6,4,9,"I am very interested in the work of the Somerville Museum project as the presentation at the GIM reminded me of my own book review program, and history is one of my passions so I would love to use computer science as a means to help a local museum make their daily activities easier. ",,,No I have not been a part of JumboCode before.
9/20/2024 20:39:55,Sophia Jones,,she/her/hers,sophia.jones@tufts.edu,2027,Yes,"Before coming to Tufts, computer science is a subject that I never thought I would enjoy. I had previously worked in a computational lab where the research relied almost entirely on programming in python, and I did not particularly enjoy the work. However, when I took CS11 last semester for my engineering requirements, my mind completely changed. Now that I have a deeper understanding of programming, I find computer science so fascinating. I love how I am challenged to think deeply about problems in unique and creative ways. Although I don’t have much room in my schedule to take many additional CS classes (I am majoring in Biomedical Engineering), I do want to continue to expand my skills and knowledge of the subject. I think JumboCode is the perfect place to do all of that while simultaneously contributing something meaningful. I am incredibly excited about the opportunity to combine my academic pursuits with such fulfilling community service. I also look forward to potentially being able to meet and collaborate with so many of the amazing people that are part of this organization.","I have spent the majority of my time in middle school, high school, and now college volunteering at local homelessness organizations. Most recently, I have spent a lot of time working at a non-profit organization near my house back home called North Hollywood Home Alliance. Over the summer, I worked at one of their sites three times a week organizing and distributing clothing donations, mail, hygiene kits, and food donations. I really enjoyed this experience especially because I was able to form a lot of amazing relationships with the people in my community experiencing homelessness and learn about their lives after seeing them so often. Additionally, I am very passionate about environmental activism. I have volunteered with several non-profit organizations dedicated to the cause of sustainability; however, my most meaningful contribution in terms of environmental activism and sustainability was actually being able to work with my highschool administration to implement a compost program and to get renewable energy sources on campus like solar panels. Also, I am a TA for CS11!",Yes,Yes,"Monday: 10:00 am - 1:00 pm or 7:30 pm to 10:00 pm
Tuesday: 9:00 pm - 10:00 pm
Thursday: 5:00 pm - 8:00 pm
Friday: 1:00 pm - 6:00 pm
Saturday: Generally in the afternoon or early evening",CS 11: Intro to Computer Science,"C/C++, Python",I did an internship in a USC chemical engineering and materials science lab. It was entirely computational so I had to learn python,"For my high school senior project, I worked with a non-profit organization that focused on providing clothing and hygiene items to underserved communities in the area to redesign their ordering system to stock their hygiene kit making station. When I started, there was no information about what items were most desired or how many of each item were being distributed each month. I started by creating an online form for volunteers to track item distribution amounts. I did face some challenges with having volunteers consistently and accurately complete the form. So, I started taking inventory of all the in stock items during my shifts and then estimating the daily distribution based on these numbers instead. I then compared these results to the survey to confirm overall accuracy. I also created and carried out a survey that asked people about their most desired items. I compiled all this data collected over a month into a spreadsheet and determined which items were most essential. I also performed an analysis of the cost to try to minimize any unnecessary expenses. This was also difficult because some of the preferred items were expensive. For example, many people preferred the travel size secret deodorant that was occasionally offered instead of the cheaper non name brand travel size deodorant. I put an emphasis on trying to offer nicer products when they were in high demand and less nice products that were in low demand. At the end of a month period, I proposed a monthly ordering plan that was approved by the organization, and then I put all of the items on auto order so the hygiene station would always be stocked. ",,7,1,10,8,9,3,11,6,4,2,5,12,"I ranked Village Hub Food and Bread and Roses as my top two preferences because the projects align most strongly with the type of volunteer and community service work I most enjoy doing. As I mentioned previously in my application, I care a lot about the issue of homelessness and I think that food and housing insecurity go hand in hand. I would love the opportunity to work on either of these projects and to make even the smallest difference on this front. I am also extremely interested in the New England Innocence project as well. I think injustice in our legal system is a huge problem, so I would enjoy contributing to a project that could help change this. Even though I am most interested in my top three choices, I would still love to work on any of the projects.",,,No
9/20/2024 20:45:14,Mina Shimada,,"she, her",mina.shimada@tufts.edu,2026,Yes,To gain real experience with software development! I hope to learn new skills and languages from project leaders and my team members as well as gain experience working on a development team. I am excited to get to know the project and the community it serves as well as other CS people at Tufts!,"I volunteered at the Child Mind Institute helping kids that struggle with social anxiety disorders. I value my experience volunteering since it taught me a lot about social anxiety disorders that I wasn't able to learn in the classroom. In JumboCode, I am excited to learn more about the projects' missions and communities during the development process.",Yes,Studying remotely,"I am available Monday 12-4pm, Tuesday 1:30-8pm, Wednesday 1:15-4:15pm, Thursday 4:30pm onward, Friday 2-5pm, and Sunday 12-5pm.","CS 11: Intro to Computer Science, CS 15: Data Structures, CS 40: Machine Structures and Programming","C/C++, JavaScript/TypeScript, React, Git/GitHub, Node.js/Express, Python",My first introduction to computer science was CS11! I had never coded before that but signed up since it was a requirement for my major at the time (CBS). I ended up really enjoying programming and decided to take more classes. I am now double majoring in CS and CBS and am excited to continue exploring the field.,"This summer, I joined the Freebites team as a developer. Freebites is a mobile application that notifies Tufts students about free food opportunities around campus. I have worked on front-end (e.g., styling landing pages, posts) and back-end (e.g., notifications) tasks. One challenge that I faced was understanding the technologies (e.g., TypeScript, React, Node.js/Express) when I first joined the team. Freebites was my first experience with mobile app dev, and I have learned a lot. Navigating unfamiliar technologies and working on a team have been a great learning experience!",,7,6,9,8,3,10,5,12,2,1,4,11,"A big reason I am interested in joining JumboCode is to learn more about and help different communities. 

I am primarily interested in working with Bread & Roses since I resonate with their mission of addressing food insecurity while promoting self empowerment. I think fostering a sense of community and self-empowerment is important in making people feel heard and inspired to transform their lives. 

I am also very interested in working with English at Large. My parents are immigrants, and I think retaining a sense of our own culture while living in America has been important to my family. I think providing adult immigrants with English language resources is important for giving them the confidence to live in American communities. 

I am interested in working with Dillar Academy. I think it is important to bridge the educational disparity gap among Uyghurs by providing them with English learning resources at no cost. Supporting Uyghurs through Dillar Academy is important in supporting the lives of future Uyghur communities.

I am interested in working on the projects and learning about the communities they support!",,,
9/20/2024 20:48:49,Emerson Wang,,He/Him,emersonwang2011@gmail.com,2027,No,"I want to join JumboCode because of my deep-rooted passion for computer science and the opportunity to collaborate with others who share that same enthusiasm. I aspire to work in the tech industry, and I know that joining JumboCode will expose me to valuable real-world experiences in full-stack development while helping me grow my technical skills. I strongly believe that the best way to solidify what you learn is by applying it in meaningful, real-world projects—JumboCode provides the perfect platform for that.

The fact that JumboCode works with non-profits is especially exciting to me, as it means my contributions will have a tangible, positive impact on the world. That’s a major motivator for me.

I am interested in the West Medford Community Center project, because although I have engaged in the community at home, I feel that I am missing out on working with non-profits near Tufts. This project would be a great way for me to give back to Medford.

I’m particularly drawn to projects like English at Large and Dillar Academy. Having moved to the U.S. from Hong Kong at age 13, I experienced the challenges of adjusting to a new culture and language firsthand. I deeply understand the importance of English proficiency and cultural integration for immigrants who are pursuing the American Dream, and I’d love to help them in that journey.

Another project that resonates with me is LCS Tutoring. I have extensive tutoring experience, and supporting students is something close to my heart. I believe my skills and experiences would align well with the mission of LCS, and I would really enjoy contributing to that initiative.","In the summer of 2022, I volunteered at SquashBusters, a program that uses squash as a vehicle to teach at-risk teens important life skills. On the first day, the students were hesitant, staring at the floor and reluctant to engage. Squash is not an easy sport to pick up, and their fear of failure was palpable. I pushed them just beyond their comfort zones, carefully adjusting my pace to challenge them without overwhelming them. Initially, they were frustrated, but soon, they began to realize that my challenge was a sign of belief in their abilities. Over time, I watched them grow more determined, and by the end of the program, they were not only more skilled but also brimming with confidence—a transformation that was inspiring to witness.

My experience at SquashBusters showed me the immense power of confidence and self-belief. Since then, I’ve also worked as an instructor for middle school students in computer science through iD Tech Camps. I saw a similar transformation in those students, many of whom started out nervous but finished the camp with newfound skills and pride in their achievements. Helping these students succeed, despite their initial doubts, is what made the hard work worthwhile.",Yes,Yes,"Mostly available on weekends, Tuesday and Thursday mornings
Flexible schedule. ","CS 11: Intro to Computer Science, CS 15: Data Structures, currently taking cs40","C/C++, SQL, Python",My first introduction to computer science was Scratch when I was in elementary school. I have been coding ever since. ,"One project I’m particularly proud of is a baseball analytics project I worked on at Tufts University with a team of five students from the Baseball Analytics Team at Tufts. The project was part of a hackathon administered by the Cincinnati Reds, a MLB team. The goal was to choose MLB pitchers that would excel in a different role. Roles included starters, long relievers, closers, and platoon pitchers.  

Working with the team presented both collaborative and technical challenges, especially as we navigated complex, interdependent baseball statistics. We divided tasks effectively, but ensuring the model’s accuracy without overfitting required close coordination and frequent code reviews. The project allowed me to combine data analysis with teamwork to solve real-world problems in sports analytics, which was enjoyable.

After presenting our results to top level executives at the Cincinnati Reds, we were presented with 3rd place out of 30+ college teams, a great accomplishment I am very proud of. 

The project is in my Github if you all are interested!",https://github.com/emerson-w,1,6,10,5,3,8,12,4,2,9,11,7,I have talked about the projects I am interested in in the first page of responses.,No.,No.,No
9/20/2024 20:51:48,Daniel Glorioso,,he/him,Daniel.Glorioso@Tufts.edu,2026,No,"For as long as I can remember, I’ve loved building websites. When I was 8 years old, I created my first website using iWeb on an iBook G4 for a small snack restaurant I started for my family, aptly named Dan’s Snack Shack. Although that site was as simple as a static menu page, I became obsessed with the possibilities of creatively using technology for a purpose. Since then, my fascination with technology has continued to shape my interests. 
My motivation for rejoining JumboCode is driven by two main reasons: I want to be a part of a community that aligns with my passion for building websites and exploring a wider range of technology, while also supporting organizations dedicated to improving the community by delivering products that enhance their impact. JumboCode is the perfect combination of these two interests. In fact, it was one of the highlights I mentioned in my ""Why Tufts?"" essay as a major reason I wanted to attend Tufts in the first place.
Last year, I had an incredible experience as a developer in JumboCode, where I learned new technologies, gained hands-on experience in web development, and met amazing people who shared my interests. Experiencing firsthand the sense of community and purpose that comes from working on a team was one of the most fulfilling parts of my time at Tufts. 
Being part of something that not only challenges and educates me but also directly benefits the community is why I’m excited to be involved again this year and am eager to contribute to a team that will allow me to continue growing both personally and professionally.","I have a strong background and passion for volunteering and social engagement within my community, with a particular focus on benefiting non-profit organizations. Over the past four years, I’ve dedicated more than 800 hours to various programs and initiatives aimed at making a positive impact, and I hold the record for the most community service hours in my high school’s history.
One of my significant roles has been leading the Food Insecurity Committee at my high school, supporting our local food pantry, Loaves & Fishes, which serves over 1,000 families in surrounding towns. As part of my role, I organized and executed weekly food collections from students at my high school, community members, and local restaurants, ensuring a consistent supply of essential items for the food pantry. Additionally, I’ve volunteered at my town’s Council on Aging weekly senior meal site for several years as part of my commitment to fighting food insecurity.
I’ve also supported a Community Farm that feeds people in my community and have participated in community trash pickup committees, working to maintain a clean and environmentally-responsible neighborhood. Beyond these roles, I’ve been heavily involved in the operations, logistics, and provision of technical assistance for my high school’s drama department, contributing to community engagement and enhancing the arts within my community.",Yes,Yes,"Yes, I will be able to attend the all-club meetings. I am also available almost every evening and can be flexible with my schedule during the day. ","CS 11: Intro to Computer Science, CS 15: Data Structures, CS 40: Machine Structures and Programming, CS 116: Introduction to Security","C/C++, HTML/CSS, JavaScript/TypeScript, React, Git/GitHub, SQL, Node.js/Express, Python, Tailwind CSS, Vercel, Neon, Clerk, Laravel, Astro, Framer, Drizzle ORM, npm/pnpm","My first official computer science project was in middle school computer class where I created an interactive tourist guide for Morocco in JavaScript. Prior to that, I taught myself Java in 4th grade back when I used to code custom Minecraft plugins for my home-hosted server. ","One project I'm really proud of is the fully-customized e-commerce store I built and maintain for my dad's small technology business (batteryeliminatorstore.com). For over 20 years, my dad has been selling homemade technology gadgets from our basement. About 5 years ago, his outdated PrestaShop site finally gave out, and it was time for an upgrade. Having already built several websites for my own interests and hobbies, I stepped up to the challenge.
Though initially daunting, with thousands of customers and over 200 products in the database, I spent that summer building a brand-new site from scratch. One major obstacle was that the old site had failed so unexpectedly that we couldn't extract all the product images and data. I scoured old files and web archives, managing to piece together the content for the new site. Another challenge was the need to remap the site for search engine indexing since we had no record of the old URLs. I created URL redirects for the new product pages, ensuring we didn’t lose traffic.
The new site ended up performing better than we had anticipated. I added flexibility for product customization at an upcharge, integrated a blog to feature customer testimonials and product ideas, and even created a subdivision for my grandfather’s ham radio accessory business. As the webmaster for both stores, I continually optimize SEO, add new products, and work to boost traffic—challenges I find both fun and rewarding.
This past summer, I continued to improve the site while also building five web apps of my own to sharpen my skills in preparation for JumboCode this year.","https://github.com/danglorioso, https://danglorioso.com/",4,8,7,1,3,5,9,2,10,6,11,12,"Somerville Museum is my top pick for a few reasons. First, I genuinely love museums. This past summer, a few friends and I went on a museum tour across Massachusetts, visiting a new museum each week, so it's super exciting to have the opportunity to build a tool to help a museum manage its huge inventory. Additionally, Holden and Zach’s lively and entertaining presentation really stood out to me—it seems like it’s going to be a fun and collaborative team that I’d love to be a part of.From a technical standpoint, I have experience using the tools they’re using. Last year, I built the Neon database for Theatre@First, and I’ve also worked with Clerk for authentication. I’m excited to hone my skills, meet new people, and work with a dedicated team to build something that contributes to the success of the Somerville Museum!

I chose LCS Tutoring as my second choice because I think it would be very interesting to create a project that helps an organization at Tufts, especially one that ultimately benefits other Tufts students. ",,,I was part of Theatre@First last year.
9/20/2024 20:57:56,Sophie Zhou,,she/her,sophie.zhou@tfuts.edu,2027,Yes,"What attracts me most to JumboCode is its dedication to community service, and each project’s decision to work with local organizations. I have always been drawn to volunteer work, and care deeply about making a real, tangible difference to the communities I work with. With JumboCode, I hope to integrate my interest in computer science with my passion for community service.

As I progress through my computer science classes, I have realized that although I have gained coding skills, I have not learned how to apply them in a real-world context. This summer, my best friend’s mom launched her own company, The Crafty Lounge, offering crocheting and knitting lessons. When she was having trouble with her booking system, I offered to take a look, hoping to fix the problem. However, I realized that I had no idea how to approach the problem and was unable to contribute to a cause that I really cared about.

I hope that by joining JumboCode, under the guidance of team managers, I can learn how to apply my knowledge of computer science to real world projects that benefit communities that I care about. 
","Conversations to Remember: Starting from 2020, I have worked with Conversations to Remember, an organization that connects students with patients living with dementia in senior care facilities across the US. As a volunteer, I engage in two zoom calls a week with two separate patients, one of whom I have been speaking to for almost 3 years. As the Student Outreach Coordinator for the organization, I schedule virtual meetings, oversee the matching process, liaise with senior living communities, and troubleshoot technical issues. I also onboard roughly 4 new volunteers per month, recruiting members by holding zoom meetings with interested high school and college students. 

Concerts in Motion: I have been volunteering since 2019, playing violin/guitar at senior care facilities in New York City. I became a Youth Ambassador for the program in 2021, working on expanding the program to colleges and high schools. I arranged and led monthly interactive sessions at 6 different nursing homes, and coordinated with senior centers to match musicians to specific locations. I also successfully expanded the program by starting a branch of Concerts in Motion to The New School’s Parsons School of Music, attracting over 50 new volunteers.

Sunnyside Community Services: Starting in 2018, I have volunteered for Sunnyside Community Services in Sunnyside, Queens. At home, I volunteer twice a week for their Social Adult Day program, which offers an alternative to nursing home placement for elderly residents in Sunnyside. My tasks include aiding in preparing meals, organizing therapeutic activities, and hosting emotional support sessions. I also fostered a partnership between Sunnyside Community Center and Concerts in Motion, hosting group music therapy sessions twice a month.

Love Violin: Volunteered as an Assistant Teacher, providing free violin instruction to 8 students aged 5-12 from underserved communities who could not afford violin lessons. During my time as an assistant teacher, I led two group classes of four students each, designing personalized and creative lesson plans tailored to different learning styles and skill levels. I also monitored student progress through practice charts and consistently communicated with parents, delivering their child’s updates in weekly emails.

Food For Thought Festival: At Tufts, I worked as a part of the programming team for the Food For Thought Festival in collaboration with Harvard’s Alternate Protein Project. I collaborated closely with my team to organize and execute the programming for the conference, which attracted over 100 attendees from 60 universities. We studied upcoming work in cellular agriculture, and connected with lead researchers in the field to attend the festival. ",Yes,Yes,"All day saturday and sundays, Mondays: 12-4, 6-8, Tuesdays: 3-8, Wednesday: 12-4, 6-8, Thursday: 6-8, Friday 3-9","CS 11: Intro to Computer Science, CS 15: Data Structures","C/C++, Python","CS11 was my first official introduction to computer science! Coming to Tufts, I knew that I wanted to learn programming, but I had no idea what I was getting myself into.  I realized that I was interested in computer science during my junior year of high school, where I worked on a project for Conversations To Remember. As the Student Outreach Coordinator, I was tasked with improving the volunteer sign-up system, and updating the website to integrate the new system. Working with web developers, I felt completely out of my depth, and heavily on their experience to complete the project. Watching the developers inspired me to pursue a degree in CS, and introduced me to the possibilities of what I could do with programming knowledge. ","The project that I am most proud of is the one I worked on with Conversations to Remember during my junior year of high school. Though I lacked programming skills at the time, I was heavily involved in the UI-UX and design side of the project, drawing from my personal experiences as a volunteer to identify the things that would make the new features more user-friendly. Though this project does not reflect my skills as an actual programmer, it is by far the most rewarding because I get to see the impact it makes on a community I care about, and continues to be used today by Conversations to Remember.

As the Student Outreach Coordinator for the program, I was responsible for overseeing new and returning volunteer sign-ups, matching students with specific patients, and scheduling calls with specific facilities. Similar to the problem LCS Tutoring currently faces, we were managing all of our sign-ups via google form but as the program expanded, coordinating all the information became unmanageable. As an eager high school junior, I was ready to jump into the project with virtually no technical experience. Paired with two (actually experienced) developers, we worked as a team to improve the sign-up system. Because the developers were not volunteers themselves, it was up to me to clearly identify and communicate the necessary features to implement. 

Based on the feedback I had received from my trainees, having a single form for both new and returning volunteers was both confusing for the students and coordinators. To solve this problem, we created two separate forms, integrating the new-volunteer form in the website, while sending out the returning volunteer form in a separate email.

The biggest challenge of our project was the transition from Zoom to Jitsi, a smaller online meeting platform. When we test-launched the new platform, students were struggling to download the Jitsi app and had a hard time signing into their calls. To combat this, we got rid of the need to download the app by integrating the meeting platform into the website, where volunteers could log in directly with their personalized meeting code. However, after relaunching, we discovered that volunteers (especially Zoom users) were struggling with the transition to a web browser and had difficulty finding the login portal. Finally, after much reworking, we realized that the best way would be to sidestep the login process entirely, and just allow volunteers to connect directly from the home page of the website.

Although I was not heavily involved with the actual programming of this project, it taught me valuable lessons on how to not only identify problems, but also how to effectively address them through communication, teamwork, and critical thinking. I hope that through JumboCode, I will be able to get the opportunity to apply my newfound knowledge of CS to similarly impactful projects.",,1,3,10,11,5,6,9,4,12,2,7,8,"My first choice is the West Medford Community Center. At home, I have been a long time volunteer at the Sunnyside Community Center in Queens, a community-based nonprofit with very similar missions to the West Medford Community Center. In 2018, my grandparents permanently moved to Queens from China, and the Community Center has served as a place of safety, comfort, and socialization for them. Through my grandparents, I have seen first-hand the positive impact the Center has had on the residents of Sunnyside, and feel very passionate about helping the West Medford Community Center here in Medford so that it can reach more people. (also just as an added bonus: Neya was my CS11 Lab TA and got me through some crazy times lol!)

My second choices are Bread and Roses and the Village Food Hub because I am strongly aligned with the missions of these two organizations. At the Sunnyside Community Center, I volunteer as a part of the Social Adult Day Program, which offers an alternative to nursing home placement for elderly residents in Sunnyside. A big part of my work there is preparing meals for residents and stocking pantries. A lot of people who come in for meals do not have the physical strength to cook for themselves at home, or cannot afford meals regularly. Understanding the importance of these meals to so many lives, I really want to work for a project that supports this cause. ",,,No
9/20/2024 20:59:53,Oko Lokko,,He/Him,olokko01@tufts.edu,2027,Yes,I want to join JumboCode ,Last year I worked as a tutor for low income students at EVkids,Yes,Yes,I will be available during this time,"CS 11: Intro to Computer Science, CS 15: Data Structures",C/C++,My first introduction to computer science as going to a ,"I am in the middle of developing a video game named bubble worms right now. At the moment I am still in the physical prototype stage but I am still working on it and I want to program it by the end of this school year. In the past I would spend days tweaking the ruleset, creating paper and 3d printed game pieces, and testing it out with my roommate, friends, and family. The challenges I faced was trying to take out exploits that would cause a stalemate which made the game boring. It took me a while but I ended up making the wait time directly proportional to the power of the pieces and not allowing placing pieces in the same position for an extended amount of turns.",N/A,11,4,7,8,6,3,12,1,9,5,10,2,I chose the tutoring one as my preference because I have worked in tutoring for a long time. ,No,No,
9/20/2024 21:01:18,Kayla Lee,,she/her,yuwon.lee@tufts.edu,2027,Yes,"While I've participated in short-term service, which limited my capability in producing meaningful change, I aspire to collaborate with peers to achieve purposeful, longer-term changes to serve community organisations. By developing mechanisms that advance efficiency and increase visibility for organizations, I believe that I will amplify their impact and accomplish meaningful improvements towards our community. This is why I want to join JumboCode. I am dedicated to supporting the needs of the organization through software development projects, which will significantly reinforce their missions in a durable and impactful manner. JumboCode will be a bridge between the community's issues, my passion towards strengthening the relationship between Tufts and its host communities, and my coding experience. Additionally, I want to gain experience in applying my coding knowledge to real-world problems. Although I have explored and enjoyed CS in an academic environment, I wish to utilize my knowledge into tangible, professional skills that I can use in my career. I hope to gain practical experience through the specialized instruction of my leads and workshops. Lastly, I want to make connections with like-minded peers from different academic backgrounds. Being a part of a team that shares the common goal for serving the community with technology will be a special experience. I wish to learn more about different topics of software development through the leads and other members of JumboCode. By collaborating with peers who are also passionate about social activism, I strongly believe that we will grow and learn from each other. ","I participated and worked as a member of the support staff for the FOCUS pre-orientation program, which aims to connect first-years to community service learning. As a support staff member, I went to various service sites such as Theater @ First, the SCALE school for adults, the Emerald Necklace Conservancy, Trans Resistance MA, and the East Somerville Elementary School. I worked with the site representatives to instruct and encourage first-years on what they can do to help. By facilitating direction from the site representatives to the first-years, I not only improved my leadership skills but felt fulfilled by taking on a larger role in service. I felt that my dedication and eagerness towards service, combined with my role as a leader, was communicated to the first-years, strengthening their spirit towards service. Additionally, I was able to learn more about and support the needs identified by Tufts' host communities. I understood and connected to issues plaguing communities in Medford-Somerville, and felt that I contributed to strengthening the relationship between Tufts and its neighboring communities. Furthermore, I resonated with the concept of critical service learning, which is a service approach aimed at dismantling the larger structure that reinforces communities' need for service. Rather than traditional service learning, which aims to fulfill the student's feeling of satisfaction or educational requirements, critical service learning's objective is to dismantle the inequalities that create and sustain them. Although the service I've done more traditional and short-term, I am eager to participate in critical service. ",Yes,Yes,"Monday 7-9pm, Tuesday 7-8 pm, Wednesday Thursday after 8pm, any time Saturday and Sunday","CS 11: Intro to Computer Science, CS 15: Data Structures, CS 160: Algorithms","C/C++, Python","I took a physics class in high school that incorporates coding with Python to model experiments. This class helped me realize that I enjoy the problem-solving aspect of coding, as well as figuring out how to apply concepts to code.","The Gerp project for CS 15 encouraged me to pursue CS as a major. For the project, my partner and I had to build a hash that stored the words of the files in a given directory. This was the first project for which I had to work with a partner, and it was challenging at first to coordinate schedules, accommodate to their work approach, and voice my thoughts on how to formulate the code. However, we made a project timeline and set out to start and finish early. Coding and debugging each step of the project meticulously helped us approach the project calmly, and finish with ample time to test every case. I'm particularly proud of this project because I learned to collaborate to code. Expressing my thoughts was difficult, especially when I myself wasn't sure of a secure plan on what to do. However, I realized that talking through solutions was helpful. In addition to collaborating for the first time, I was proud of my partner and I for working through each step, making sure the different parts worked by itself and with each other. Without this methodical approach and a corresponding schedule, I don't think we would have been able to succeed in finishing our project with consideration to many edge cases. Overall, this project has instilled confidence in me that I can work with others to code longer, more demanding projects. ",,5,8,1,7,12,4,10,2,3,11,9,6,"I resonate with the mission of the Wily Network. I hope to learn more about the specific issues that college students without familial support face, and help peers of my age. For a similar reason, I want to work for LCS tutoring. I am eager to work with clubs at Tufts, and connect with them to support their mission. As someone who is privileged to have access to education, I want to give back by helping LCS connect tutors to students. ",,,
9/20/2024 21:01:28,Rakshit Rangaprasad,,he/him,rakshit.rangaprasad@tufts.edu,2028,No,"One day, I asked my dad what all the funky characters on his screen really meant.  He sat me down in my room and taught me HTML. My mind was completely blown. I hyped up all my friends, and my dad got them all together in my dining room. He brought out a big monitor and taught all my friends the magic of web development. Our first project was called “MovieMatcher”, pairing the user to a recommended movie based on their preferences. What followed was a year-long class on PHP, Javascript, NodeJS, SQL, MongoDB, and a whole new world of programming languages. 

Since then, I have presented an app using the LinkedIn API to a potential investor, created an app for the Chrome Web Store known as FlowTab, and dabbled in programming every day on Google Meet with my friend calls trying to make our own programming language or our own version of TailwindCSS, called FlowshadeUI on the npmjs website (""flowshadeui"").

Okay, a long introduction into my world of programming experience. But why do I want to join JumboCode? Because JumboCode allows me to use what I know not just for my personal fun (which I've had a lot of!) but for real impact in our communities of Somerville, Medford. That's why I love the idea of projects like ""English at Large"", which will help immigrant communities (like those of my parents) learn English, which is crucial to their survival in America. My mother and father struggled to learn English when he came to this country and services like English at Large are what helped them become successful. 

I hope to gain from JumboCode a community of people who love coding just like me and can drown their thoughts on the keyboard to create something meaningful and impactful. I hope to learn and appreciate the power of technology and the knowledge of coding in the development and betterment of our world. I hope to indulge in the creation of an app with its full tech stack, adding on to my experience with tailwind and frameworks such as React. The fact that this is all happening at Tufts, my university, makes it all too special!  ","My first volunteering experience was at the food pantry, Bread of Life in Malden, Massachusetts. My preconceived notions about food pantries were simple: people donated cans of beans or fruit, and people in need took those cans. But, as I soon realized, the process is extremely difficult and requires extensive planning and organization. My time at the Bread of Life involved setting up bags of weekly food meticulously planned to be nutritious and weigh the perfect amount for healthy living. I carried heavy boxes into trucks and one worker took me with him to deliver them to people’s homes. I was even able to participate when the organization was moving to their new, larger warehouse. Of course, while I did learn the value of appreciating what I was given in life, I also learned the harsh reality that others were living under.

Since the fourth grade, I was playing tennis under the ‘Tennis Skills and Drills’ program at my high school. This once-small program at the school has turned into two varsity teams, one coeducational and one boys. This program has given me endless memories and bonds, with me and my teammates playing all throughout the summer and going to the Flaming Grill and Buffet together. As I graduated to the varsity team, I was given the opportunity to volunteer as a coach for the Tennis Skills and Drills program, teaching lower schoolers and high schoolers alike. Placed in the position of a teacher, I had an increased respect for the amount of patience that is needed in the profession. It was a proud moment to come full circle, going from being taught tennis by a coach that I have become good friends with, to helping that coach teach more future varsity tennis players.

One of the volunteering experiences I am most proud of is at an organization known as Bike to the Sea, that runs a rail-to-trail bike path from Everett and Boston to Lynn. I believe that the path allows for a beautiful pedestrian and bike-centered connection of these Boston North Shore communities. This path has been a great source of enjoyment and natural connection for me, and as I live near the path, I frequently ride on it on my bike. Before finding out about the path, I contacted my town’s local committee member and we sat together at our local Dunkin’ Donuts talking about my ideas for the future of the abandoned schools in our town—I was thinking about parks and bike-friendly areas. She redirected me to the Bike to the Sea organization, and from there, I was able to set up a stand to advertise their organization’s membership at the local fair, participate in trail cleanups, and go on group rides with other members. This experience of a pollution-free and open space for physical activity was eye-opening, especially living near a major highway.",Yes,Yes,"I am available on Wednesdays, Saturdays, and Sundays after 6pm. On Thursdays I am available after 3pm and on Fridays I am available after 12pm.",,"HTML/CSS, JavaScript/TypeScript, React, Git/GitHub, SQL, Node.js/Express, Python, Vue, Vite, Next, Nuxt, PHP, SASS",My father introduced me after the summer of 8th grade and I am self taught ever since.,"https://youtu.be/O3hIvuKCSIs?feature=shared
This project was the result of many years of experience coding with my best friend Sameera Murthy, as part of the Congressional App Challenge for our district, MA06 with Representative Seth Moulton. 

Climate change is a really important issue to me. Looking back at my Google Photos from years ago, I see videos of my younger self playing in the Massachusetts snow in December, making snow angels and laughing my heart out. There are pictures of me with my parents in New York City, enjoying the vibes of the snowy city during winter break. The arrival of spring is hard-earned and unexpected. Nowadays, New England is warming faster than any other region in the United States, and spring comes faster with no snow to enjoy. This is not the life I want to be living.

My solution? Create an app that, even in our busy day-to-day schedules, allows users to take small steps to keep track of their carbon emissions in order to reduce our global carbon footprint. This app was intended for anyone, young or old, who wanted to make an impact to stop the climate crisis.

This project was made with months upon months of hard work, planning, creating a design on Figma, and arguing. Our biggest difficulty that we spent a while on was finding the right framework to use for our code. Progressive Web Apps are websites that are compatible to be apps on both iPhone and android. We tried using React at first, as well as Nuxt, but these frameworks only complicated the process. Then, we bumped into Svelte, which allowed us to easily make reusable components while keeping simplicity in our code. It also allowed us to integrate the Progressive Web App system with no difficulties. On a personal level, me and my friend disagreed very often on how the coding structure would work and how the app would even function. We had arguments for hours on how the buttons should be placed and how even something as simple as an svg should appear.

In the end, our app won first place for our district for the Congressional App Challenge and we were presented with a Congressional Recognition certificate in addition to an invitation to the prestigious #HouseofCode event in the U.S. Congress this year. We were able to meet our state representative Seth Moulton, and our app is currently being framed in the U.S. Capitol. This was an experience I will never forget in my life, and I am really proud of how my coding experience helped me create something truly impactful, even recognized on a congressional level.","FlowTab: https://chromewebstore.google.com/detail/flowtab/ainabceojclhldicflamfgghhkmmcnlo   CarbonQuest:https://carbonquest.vercel.app/  NPJSapp, FlowshadeUI: https://www.npmjs.com/package/flowshadeui  Flowshade GitHub: https://github.com/flowshade ",4,2,12,5,9,10,7,3,1,11,6,8,"Languages are really important to me—they are the bridge for people into the world. Sanskrit is an important language in the Hindu religion, but my lack of knowledge of the language prevents me from understanding what the religion I follow is even about. The chants seem like gibberish and I feel as if I am unable to follow Hinduism properly.

My father and mother's experiences immigrating to the United States are similar to the issues the ""English at Large"" program is seeking to solve. They had limited knowledge of English, coming from South India, and struggled to find footing. They were scammed in many ways as people assumed they were vulnerable due to their English knowledge, especially when trying to find an apartment to live in. That's why ""English at Large"" resonates with me the most, as I would love to assist in the creation of an easy-to-use, understandable catalog system for English students. 

Just like how learning Sanskrit helps me understand my religion properly, helping others learn the crucial language of English will help them participate in greater American society culturally, socially, economically, and all of these to the best of their ability.

In addition, the group at the ""English at Large"" seemed the most charismatic at the General Interest Meeting, and I vibed with them so much (I love karaoke and I want life advice!!)

My second option is the ""Village Food Hub"", which my experience at the Bread of Life in Malden makes all to important. I have seen first-hand the needs of those unable to get the food they need to survive, and the power of food pantries to provide to the community. Working to distribute and deliver food for Bread of Life, I have faced a lot of difficulty reading papers and printed-out spreadsheets to find and deliver the proper food to those who needed it. It was a long, and painstaking process. Digitizing inventories would make the process all the more easier, and would expand the impact that food pantries have on our local communities of Medford, Somerville, and beyond.",,,
9/20/2024 21:02:13,Fadhili John Mboya,,he/him,fadhili.mboya@tufts.edu,2028,Yes,"I want to join JumboCode because I am passionate about using technology to make a positive impact on communities. During my gap year, I was part of a movement to digitize records for our local government and teach computer literacy to entrepreneurs in my village in Kilimanjaro. This experience opened my eyes to how technology can empower people and improve their lives. Similarly, when I built a personal web application to track my workouts, I faced many challenges, but I also saw the potential of technology to solve real-world problems.

Joining JumboCode would allow me to continue this journey by applying my growing skills in computer science to meaningful projects that benefit others. I am eager to collaborate with like-minded peers on non-profit organization projects, tackle new challenges, and learn from real-world software development experiences. Being part of a team that creates technology for social good aligns perfectly with my values and aspirations as a computer science student

Additionally, I am eager to build connections and bond with other students. I’m also looking forward to participating in fun activities like cooking, karaoke nights, and enjoying downtime together after long hours of coding; and as a freshman, I'd be excited to work alongside experienced individuals who will mentor me on navigating CS and beyond. 
JumboCode will be my new home away from home!!","Before my high school graduation, I founded the ""Arise and Shine"" support group, which started as an emotional outlet and evolved into a thriving center for mental well-being. During my time with ""Arise and Shine,"" I met Naila, a 12-year-old girl whose dreams of education were stifled by her tribe's entrenched tradition of early marriages for girls. 

To help Naila and other children in her village, I initiated an outreach-tutoring program with support from dedicated teachers and fellow students. We made bi-weekly visits to Naila's village, offering vital academic support to the local children.  

Initially, we faced resistance from parents in the village. However, with the assistance of group members from the same tribe, we worked to change their perceptions of our program. We emphasized how education could empower Naila to support herself and her family, offering an alternative to the traditional bride price of 20 cows. Eventually, we obtained permission for Naila to resume her primary education.  

Naila's graduation and acceptance into a nearby secondary boarding school filled me with immense pride and gratitude. Her journey has become a powerful symbol of the transformative potential of education. Her success, alongside other talented, marginalized girls I've had the privilege to support, has further fueled my determination to make a difference in the lives of those facing similar challenges.  

Jumbocode's mission,  which emphasizes community service, feels like my new home  away from ""Arise and Shine."" My goal is to continue advocating for education, empowerment, and mental well-being in underserved communities. Together with like-minded individuals, I'm committed to leaving a lasting impact and ensuring everyone has a chance to rise, shine, and fulfill their potential.
",Yes,Yes,I am very available.,,"HTML/CSS, JavaScript/TypeScript, SQL","My first introduction to computer science was during my gap year last year. I had the privilege of being part of a movement aimed at digitizing the records of our local government and teaching computer literacy to young, uneducated entrepreneurs and other community members who were unfamiliar with technology. During this period, It was when I began learning JavaScript, CSS and HTML.","I created a personal web application to track my workouts while I was back home in Tanzania. The app features a map, which I implemented using a map API, and it uses HTML and JavaScript to create interactive and user-friendly interfaces. Users (me) would input data through an HTML form, specifying the type of activity (running or cycling), the distance covered, the duration, and the cadence. The app then stores this information and displays it visually on the map. This provided me with a clear overview of each workout session that i'd do.

Building this project was quite challenging, especially since it was my first major project after I started learning programming this year. Implementing the map API was particularly difficult—I had to learn how to integrate external APIs into a web application, handle potential errors, and ensure that the data was accurately plotted on the map. Additionally, making the interface both interactive and intuitive required a solid understanding of JavaScript. Despite these challenges, this project significantly improved my coding skills, gave me practical experience in web development, and fueled my passion learn more about CS.",,11,4,10,8,3,9,7,2,12,6,1,5," A2Empowerment (PM: Rofeeah, TL: Will)

I am eager to join the A2Empowerment project because of my personal connection to its mission. Growing up, I witnessed my sister’s dreams of continuing her education being cut short due to the financial constraints of my family. She was unaware of the external resources that could have helped her, largely because many organizations lacked accessible platforms like web applications. Therefore, the A2Empowerment project's mission resonates with me deeply, especially when I think of communities back home in Tanzania.

By joining A2Empowerment, I hope to not only refine my skills, expand my network, and gain valuable experience, but also to contribute to making educational opportunities more accessible for marginalized communities, such as those in Cameroon. My goal is to help bridge the gap that too often prevents bright and deserving students from reaching their full potential.

Additionally, I am very excited to participate in any project, from LCS Tutoring, Dillar Academy,
Village Hub Food, tufts General Counsel, Bread & Roses, LGBTQ Senior Housing, Somerville Museum,  New England Innocence, The Wily Network, West Medford Community Center, to
English at Large project. My goal is to continue making a meaningful impact on the community around me.
",I am excited to meet and work with everyone.,,"No, I have never been part of the JumboCode before; I am currently a freshman intending to major in CS and a minor in Mathematics."
9/20/2024 21:06:24,James Overholt,,he/him,james.overholt@tufts.edu,2028,No,"I've been coding since I was in grade school and it is probably my favorite activity. I would love to join JumboCode because it seems like an incredible club use my passion to help the community. I've never really done web development, so I think JumboCode is a really great learning opportunity to participate in a web development project from start to finish. I also don't have much experience programming for a group project and I would love to develop this industry essential skill. And on top of it all, JumboCode just seems like such a fun way to spend my time.","I've done community service projects for the community garden in my hometown to expand the planting plots. I volunteered at my local church, and have participated in church-led humanitarian expeditions. I've also participated in a few charity 5k runs. I was also a TA for a chemistry class.",Yes,Yes,"Monday: 9-13 & 18-22, Tuesday & Thursday: 16:30-22:, Wednesday: 15-16 & 18-19, Friday:17-22, Saturday: all day except 1, Sunday: all day except 12-14",,"C/C++, HTML/CSS, JavaScript/TypeScript, Git/GitHub, Python",I've been coding since elementary school showed me Scratch.,"Over the past summer, I had an internship with a material science company where I worked on a project that fused atomic physics and computer science. My project was to create a program that could take an input gamma spectrum (distribution of gamma ray energies) that was gathered using a scintillator (a detector that can create gamma emission spectrum) near a radioactive isotope (Isotope that naturally decays, emitting alpha, beta, and gamma radiation), and identify the radioactive isotope which created the spectrum (I'm sorry to whoever is reading this, the physics is hard for me to explain). One big challenge of the project was actually getting to see spectra of some rare and military isotopes such as Weapons Grade Plutonium. Because our company did not have access to many of the dangerous isotopes, I had to spend a lot of time creating an accurate model of the radioactive decay of isotopes. This modeling involved using GEANT4, a powerful C++ physics simulation toolkit, which was pretty complex and difficult to handle.","https://github.com/WoodchuckXL, https://woodchuckxl.itch.io",5,7,10,3,9,6,12,4,1,2,11,8,"I would prefer to work on a project that is relatively local, because I think it would be very helpful to be able to meet the client directly to get to know their needs better and just to know who our team is working to help. My first choice is English at Large because of the aforementioned proximity, along with my personal interest in learning more about creating and manipulating large databases.",,,No
9/20/2024 21:11:18,Ashley Sze,,they/he,ash.sze@tufts.edu,Masters Student (Tufts undergrad),Yes,"Programming has always been magical to me. I remember the first time I transformed an abstract idea into working code, and the first I transitioned from solving leetcode problems to developing software for real-world problems. It brought me a lot of joy, knowing I could use my education to make a change in the world. I want to join JumboCode so I can volunteer my computer science skills as a student, make a positive difference to the local community, collaborate with passionate Tufts students, and sharpen my technical skills through meaningful projects.

My personal goals and value align with JumboCode's mission to support underserved groups in the local community. As someone who has volunteered before, and taught at Somerville High School, I am particularly drawn to opportunities related to educational equity and English learning. I strongly believe that students of all backgrounds, ages and language level, deserve high quality education, and I know from experience how fulfilling it is to work towards bettering the community. The chance to make a visible, positive change excites me, and I know the impact I can make with JumboCode would fuel my passion and persistence to contribute meaningfully.

By supporting JumboCode in creating meaningful, long-term solutions for local communities, I hope to connect more deeply to the field of computer science, build strong bonds with Tufts students and serve the Greater Boston community. Ultimately, I'm eager to combine my technical skills with my passion for service, and I know JumboCode offers a unique and meaningful way to do that.","I have experience working as a teaching fellow for Breakthrough Greater Boston, a non-profit  which prepares low income-students for success in college. This role was very hands-on and fast-paced, and I enjoyed engaging with the Somerville community through its students, teachers and parents. As a math teaching fellow, I developed curriculum, held one-on-one with students, and co-ran the computer science club. This experience has prepared me with the patience and flexibility needed to best serve local communities.

I was a Data Structures TA Spring 2024, where I hosted office hours and guided students on how to store, organize and access their data using C++. As someone who took the class previously, I found satisfaction in returning as a mentor. I would love to support, and be supported by other Tufts students again through JumboCode.

I also have experience leading a volunteer group at Hong Kong's Red Cross Princess Alexandra School. This school's mission is to care for students with physical disabilities, and provide an adaptive learning environment, curriculum and career life plan. As volunteer leader, I would plan weekly activities, recruit and train volunteers, coordinate with school faculty, and translate from Cantonese and English for volunteers and students.",Yes,Yes,"Free on Weekends. Free on weekdays except Monday (1-2 and 3-4:15), Tuesday (10:30-12:00), Wednesday (3-4:15) and Friday (10:30-12, 12:30-1:15).","CS 11: Intro to Computer Science, CS 15: Data Structures, CS 115: Database Systems, CS 160: Algorithms, CS 170: Computation Theory, Game Design, Machine Learning, Intro to LLMs, Computer Vison, Big Data","C/C++, JavaScript/TypeScript, React, Git/GitHub, SQL, Python","My first introduction to computer science was EN1: Introduction to computational design! I started as a biomedical engineering major, so MATLAB was my first language.","I am proud of my research with the Hassoun Lab, where I led a project on leveraging pre-trained, search-enabled LLMs to automate and improve biological data retrieval. I independently built an end-to-end retriever using Python, gained experience using packages such as Pandas, Numpy, Langchain, OpenAI and RDkit, and learned a new tech-stack (primarily docker, git, RESTful APIs and jupyter). Through my research project, I uncovered that although there is potential for search-enabled LLMs to outperform manual searches, there is a long way to go. Rather than seeing this as a setback, I saw this as an opportunity to continue my research. I continued my work and developed a QA generator for KEGG in one day. I built it using Python, leveraging tools such as BioPython, OpenAI API, Pandas, dotenv, CSV and JSON to handle biological text data processing. Planning what data to use, how to extract it from KEGG, and accessing it via the Entrez API was a big challenge. There was a vast amount of data, and much of it was was missing or irrelevant. I had to utilize big data management and data structures strategies to store, organize, and access compressed data through streaming. In addition, I learned to use the natural language processing tools needed to preprocess this textual data. My work thus far has led to my first major achievement: the submission of an article, Evaluation of search-enabled Pre-trained Large Language Models on retrieval tasks for the PubChem Database, to the JCIM. I always read research papers for class, but never imagined I would be the one writing them. The reward of being able to help medical researchers better access biological data inspires me to keep coding for good, which I know I can do with JumboCode.",https://github.com/beepoduck,10,9,4,12,3,7,1,5,2,8,6,11,"I would be grateful to work as a developer on any JumboCode project, but I am particularly interested in contributing to LGBTQ+ senior housing. As someone who is queer, this project resonates with me personally. It would allow me to connect with LGBTQ+ individuals outside of college and support older queer people in the larger Boston community, something that brings me a deep sense of joy and purpose.

I am also interested in LCS tutoring, English at Large, and Dillar Academy since it aligns with my passion for educational equity. My existing experience in education means I already have a solid understanding of the field, and I’m excited to build on my passion while continuing my contributions. ",,"Since this is the last year of my time at Tufts, I really look forward for the opportunity to contribute to JumboCode. There is a lot of passion and ideas I want to bring, and thank you for considering my application!",
9/20/2024 21:20:47,James Hartley,,he/him/his,james.hartley@tufts.edu,2026,Yes,"One of my career goals is to create a digital product that is new, and that tangibly helps people. I want to see that a brand new product that I worked on has helped someone in some fashion. I have coded since early high school and have made a variety of projects and mockups (like task management apps and facility apps) but they had never been fully fleshed out to the extent I wanted and didn't really reach people, as they were more personal or hackathon projects. I enjoy coding, yet it has always been a challenge for me to motivate myself to finish and flesh out a project on my own. I am excited to join JumboCode because I believe working with a team will help in experiencing productive and motivating project development, as well as push me towards achieving my career goals. I also want to give back to the community while I am here at Tufts, and find this is a great opportunity to do so with my skills.","I was involved in a good portion of volunteering and non-profit work in late-middle school and early high school years. There is a local youth program aimed at New York youth heavily impacted by Sandy that I had come back to between 2017-2019 to volunteer for, I had also volunteered for a local farm ~2019, as well as some volunteer beach cleanup and restoration around this time. More recently, I am part of the Blackout Step Team at tufts, and we have done a few performances for different spaces or community organizations (Tufts Thirst Project, TedXTufts, Local High Schools).",Yes,Yes,"I am available Sunday anytime, Mo 6p-9p, Tu 7p-12p, We 7p-9p, Th 6p-12p, Fr 4p-12p, Sa 4p-12p. ","CS 11: Intro to Computer Science, CS 15: Data Structures, CS 40: Machine Structures and Programming, CS 160: Algorithms","C/C++, HTML/CSS, JavaScript/TypeScript, React, Git/GitHub, Python, Java","I was first first introduced with scratch in 4th grade, yet I was really introduced learning HTML/CSS in 7th grade.","In the summer of 2020, I participated in Google Code Next Launch, a 5-week program designed to foster entrepreneurial and leadership skills. In a group of four, we created TaskIt, an app to help students manage their time and workload. As the lead programmer, I developed key functionalities such as task creation, data syncing, and notifications, while collaborating closely with teammates on design and marketing.

The app allowed users to create personalized schedules, receive reminders, and even offered future features like study tools and distraction management. Building the app pushed me to solve technical challenges, from debugging to implementing user-friendly features, while ensuring the app aligned with the group's vision. This project enhanced my app development skills and introduced me into how to manifest my ideas into powerful solutions.",https://github.com/jayhart04,1,4,10,3,12,6,11,7,9,2,5,8,"In general I focused more on what I think is provided with being on the team (culture, bonding) as well as the community the team outreaches towards, to which I am leaning towards teams involving providing food. Other than that picked out teams that stood out to me.",,hi :),
9/20/2024 21:21:03,abdullahi abdi,,he/him/his,abdullahi.abdi@tufts.edu,2026,Yes,"I want to be able to learn new programming language, I want to make an impact in the community. Finally I just want to be able to use what I learned in CS to do something good.",In Highschool I was part of the KEY club and we have weekly volunteering in the community,Yes,Yes,"Thursday, Friday, Satuday,Sunday,Monday","CS 11: Intro to Computer Science, CS 15: Data Structures, CS 20: Web Programming, CS 40: Machine Structures and Programming, CS 160: Algorithms","C/C++, HTML/CSS, JavaScript/TypeScript, Git/GitHub, Python",AP Computer Science ,"An Inventory program in C++, letting you be able to have products, be able store that information in an inventory. Manage the inventory. This is meant for business to store and maintain order of the products they have. A challenge I am having is implementing a sales history. As well as coming with new features.",https://github.com/LegendAbdi,3,2,7,6,5,8,12,4,11,1,9,10,"My first choice is Bread & Roses because I like their project mission, I think food insecurity is a serious problem, and making it easier for people who need food to be able to get food I think is really important. I like the village food b=hub for the same thing because of their mission allowing people who need it better chances of getting food that they need. Finally I like the West Medford Community Center because of the mission. the idea is similar to a program that was in my elementary school so I like it.",none,none at the moment,I have not been part of JumboCode before
9/20/2024 21:21:59,Jonathan Chung,,he/him,jonathan.chung@tufts.edu,2026,No,"My interest in web development stems from a desire to solve complex problems and make a tangible impact. JumboCode stands out to me because of its unique focus on social change and its commitment to empowering non-profits and social organizations, which would help build the foundations for a potential career in a client-facing role.

Developing a project this year in JumboCode would allow me to get a balance between gaining technical experience and working with a client whose mission aligns with my personal values and goals. As someone who would like to pursue a client-facing career in the future, being able to work on a team and provide a deliverable that would benefit a client is something that I find fulfilling. 

What stands out to me about the projects is that there is no “one size fits all.” Being able to understand a client’s needs and developing a tailored solution for them would allow me to develop the soft skills that would be critical to the success of any team moving forward. 

In essence, JumboCode offers the perfect combination of breaking down complex challenges, creating solutions, and developing the skills to drive positive change. I am eager to immerse myself in this agile environment and develop the necessary tools to meaningfully contribute to the field of social impact. 
","The past year, I worked on developing a website for The Lantern, and being able to use technology to bridge the gap between different communities and the information they need has been rewarding. I enjoyed the aspect of working on a team whose values aligned with that of the client, and I believe that we were able to develop good chemistry to efficiently develop a deliverable for them. 
Additionally, this past year, I worked as an advising fellow with a nonprofit organization that aimed to provide academic and career advising to high-achieving, low-income high school students. As a part of the advising team, my primary role involved providing one-on-one academic and career advising to students. This included reviewing their academic plans and assisting them in setting meaningful educational and career goals. One of the most rewarding aspects of my role was building and nurturing positive relationships with the students I was privileged to advise. Through regular check-ins and follow-up meetings, I ensured that my advisees were progressing toward their academic and career goals.
I'm eager to bring these valuable experiences to JumboCode and contribute to scaling projects in the nonprofit and social change field while maximizing their impact. My dedication to educational empowerment and social change drives me to seek innovative solutions and collaborative opportunities to create a brighter future for both individuals and communities.
",Yes,Studying remotely,"Free at nights M, W, Th, F, free saturday and sunday","CS 11: Intro to Computer Science, CS 15: Data Structures, CS 160: Algorithms, CS30","C/C++, HTML/CSS, JavaScript/TypeScript, Git/GitHub, SQL, Node.js/Express, Python","My first introduction to computer science occurred during my involvement in a research project focused on coral microbiomes and their response to thermal stress. At the time, I was unaware of the applications of computation at the intersection of science and technology.  However, there was a steep learning curve in the realm of computational biology- getting a good grasp of R required practice with syntaxes of various packages. However, after several weeks of struggling and watching tutorials, I was able to generate plots and perform statistical tests. I gradually began to appreciate the impact of computer science at the intersection of science and technology. Initially, I was unaware of the extent to which computational tools could advance our understanding of complex biological systems. It was a rewarding process, not just because I was obtaining findings through data analysis, but because I was able to transform the data into tangible evidence to support my hypothesis. As I gradually understood the potential of computation in the field of research, it furthered my goals of pursuing work that combines the realms of science and technology, driven by the idea that innovation in this space can lead to impactful discoveries.","One project that I am proud of was the app that I had built during my summer internship at Bristol Myers Squibb. After visualizing the workflows for one of the team’s business processes, I realized that there were several bottlenecks characterized by a lot of manual work, which led to a lot of time being wasted. 
I had proposed developing an app to reduce manual data entry, but my idea was initially rejected as the team did not want to adjust their workflow due to the technical learning curve. My goal was to gather data and assess how much time was being spent on manual processes like managing documents and inputting data so that I could highlight the potential benefits of an app that could automate much of their tasks.
To tackle this, I gathered data that measured the inefficiencies of the current workflow, tracking key performance indicators such as the time spent on document processing and delays in information retrieval. I also worked closely with team members to get a better understanding of their workflow and the pain points they faced. After collecting and analyzing the data, I created visualizations to specifically show the team members where the bottlenecks were. Based on my research, I was able to present my findings to the team, who ultimately agreed that an app would be helpful to address some of their pain points. I was able to build the app for them, which would allow them to handle shipments from external vendors as well as manage their data that had been manually entered into their other systems, ultimately reducing up to 10 hours per week of manual work. 
One of the most rewarding aspects of this project was seeing how analytical and empirical research could be leveraged to convince a group to change their mindset. I think that one of the biggest challenges in working in a team is to convince someone to accept a new way of doing things, and being able to let the team see that there was an alternative that would benefit them was something I found fulfilling. This project not only allowed me to apply and expand my technical skills but also gave me a sense of accomplishment in contributing to a solution that could benefit business and reduce complexity. 
",https://github.com/jonchung1205,9,2,3,8,6,7,12,4,1,10,5,11,"I am most interested in working with English at Large because their mission is something that resonates with my personal experiences. Growing up with immigrant parents, I witnessed firsthand the importance of developing English skills in a new country. I understand how important it is to have the necessary support and resources to develop English proficiency because of the amount of opportunities that become more accessible. Furthermore, because of my experience working with educational nonprofit organizations and developing websites, I believe that I can meaningfully contribute to a project, both in my technical and work experience. By contributing to this project, I hope to develop something that would advance English at Large’s efforts to allow tutors to access the materials they need and play my part in supporting immigrants and helping them adjust adequately.

My second choice is Village Hub Food because I am also passionate about minimizing environmental harm, and addressing food insecurity is a great way to promote sustainability and raise awareness. The opportunity to develop a system that not only tracks pantry inventory but also collects demographic data about volunteers and recipients is exciting, as it will help the organization make data-driven decisions to better serve the community and the environment. My background in data science makes this project particularly appealing, as I can contribute to creating a solution that helps reduce waste and enhance the organization’s understanding of its impact. 

My next choice is The Wily Network because of my experience working with students to help clarify their educational and career goals. The project structure of addressing social issues in a data-focused nature aligns with my background and interest in data science. I believe that I can bring valuable experience and a data-centric background that could benefit the development of the app to ultimately benefit the students served by The Wily Network. By streamlining the gift-giving process through automation, I can help reduce the manual workload for staff and ensure a more efficient, reliable system for students to receive gifts that celebrate their milestones.

My fourth choice is LCS Tutoring because it would allow me to apply my nonprofit experience from a technical view and aligns with my passion for education and mentorship, particularly in supporting younger students in their academic growth. I appreciate the opportunity to work on a project that directly impacts students in the Medford/Somerville community by improving the tutoring experience. Automating the matching process will save time and effort for both tutors and coordinators, allowing more focus on the quality of the tutoring itself. My technical background and interest in building streamlined solutions can contribute to making this process more efficient, ultimately benefiting both the students and the Tufts volunteers involved.

A2Empowerment is my fifth choice because I strongly support their mission of empowering through education. The opportunity to contribute to a project that impacts students in Cameroon is meaningful to me, as it combines both my interest in global education and my experience working with organizations that aimed to expand resources and education in Africa. 

",,,"Yes, Lantern Club"
9/20/2024 21:23:44,Mallory Ewing,,she/her,mallory.ewing@tufts.edu,2027,Yes,"I want to join JumboCode because I’ve been enjoying learning how to code in an academic setting, but still feel very in the dark about what it looks like to work in the field and apply those skills to the real world. I also really resonate with the mission of JumboCode. I think often in computer science and STEM classes the academics feel very divorced from social issues. I'm planning on studying Environmental Studies at Tufts, but have really enjoyed taking CS classes and would love to learn more about how those skills can be applied to the issues I care about. Although I'm still figuring out my exact path at Tufts, I do know that I want to pursue a career that works with communities to tackle the problems they face. I think JumboCode would expose me to the ways in which technology can be used as a tool to help communities, and help to clarify what path I want to take in my academic career at Tufts. ","I’ve done a lot of community engagement in the realm of teen mental health in my hometown of Sacramento, CA. I founded a student-led organization and raised over $100,000 in government and private funding to support mental health workshops, conferences, and classroom-based discussions on various mental health topics. This involved a lot of community outreach and engaging directly with students at various high schools in the area. Through this organization, I also helped conduct a participatory action research project, in partnership with UC Davis, on the mental health needs of high school students post-COVID. ",Yes,Yes,"I'm available Mon-Thurs after 7pm, Friday afternoons after 2pm, and all day Sundays",CS 11: Intro to Computer Science,C/C++,CS11,"I don't have any experience with projects outside of class, so SushiGo from CS11 is probably the project I'm proudest of. I remember reading the homework spec it was very daunting and overwhelming at first, because of the number of different files and functions that were involved in its implementation. I was really happy with how I was able to stay organized and break the work up into small chunks. Although it was overwhelming at first, I was never doubtful of my ability to finish it because I felt I paced myself very well and started early. I think the biggest thing I learned from that project, and in CS11 in general, is how to effectively plan out my approach to a problem, which is something that I've found myself applying to other classes and areas of my life as well. ",,4,3,5,10,7,1,6,9,8,12,2,11,"I'd love to work on any project to gain more technical knowledge, as I have very limited experience. The New England Innocence Project is my first choice because the mission of the organization is so important, and I can see how the project will have a very powerful impact on the lives of employees and clients. ",,,no
9/20/2024 21:49:58,Ali Macun,,he/him,ali.macun@tufts.edu,2027,No,"I want to join JumboCode because I believe that community service is an important duty that I must fulfil, especially as a guest in a foreign country. 

Listening to the projects that JumboCode has planned this year, I believe that they will all help alleviate a serious problem holding back every one of the 12 client organizations from operating at their full potential. Given my strong track record of programming, teamwork and problem-solving, I believe I could help any project become a reality. 

I want to make a difference with other like-minded people, and hopefully have some fun along the way.","My faith has taught me the importance of helping others from a young age, something I have not forgotten. During all four years of high school in Sevenoaks, England, I spent every Thursday afternoon volunteering. I spent three of those years teaching English to Syrian and Afghan refugees to help them assimilate into British society. Before that, I spent a year teaching local primary school children how to play Gamelan, and Indonesian style of percussion music.

After leaving high school, I lived on a boat for three months teaching children aged 11-18 the basics of seamanship and sailing with the Sea Cadets offshore division, helping prepare them for careers at sea.

At Tufts, I have become closely engaged in the student community. I co-founded and launched TEMPEST – an open electronic music society which aims to showcase underrepresented student talent. I also serve as the Outreach Officer for the Tufts Economics Society, helping connect students with faculty and research/internship opportunities.",Yes,Yes,"I am free from 3-4:30 pm and from 8:30 pm on Mondays and Wednesdays (although I can be somewhat flexible). I am free from 4:15 pm on Tuesdays, midday on Thursdays, and 3:30 pm on Fridays. I usually stay on campus during weekends.",CS 11: Intro to Computer Science,C/C++,CS11,"One project that I am proud of is Advising Period, a CS11 homework where I implemented a binary search tree data structure which describes the connection between academic advisors and their advisees. 

I am proud of how I used my programming and problem-solving skills to surmount the conceptual challenge of how to develop a recursive function, all while dealing with the complicated syntax and pointers that come with the struct that I used to describe each node in the tree. I loved how elegant the recursive solutions felt in comparison to just using a for loop to search for nodes in the tree.

Having mainly used arrays and strings thus far in CS11, Advising Period taught me power of being able to choose different customizable structs/classes and abstract data types to solve problems in the real world, where no two projects are the same.",,1,11,6,2,4,7,5,9,3,10,8,12,"To be clear, there is no project on this list which I would not be proud to be a part of because all of them seek to help a cause that I care about deeply. Just because I rank a project 12th, that does not mean that I would not love to get involved.

My first pick, the West Medford Community Center newsletter project, speaks to me the most because I want to give back to the local community with which I share our streets, our parks, and our local businesses. The WMCC’s main advantage is that it is a centralized, grassroots organization with strong links with Tufts. In my experience, grassroots organizations like Sevenoaks Welcomes refugees in Sevenoaks, UK, are the most effective at helping vulnerable members of the community because the volunteers regularly meet the people they help because they live in the same area. Additionally, my experience with local grassroots organizations has taught me how they operate. That’s why I feel the strongest duty to help the WMCC.


The Somerville Museum’s work is very important to me because of its efforts to preserve local history and culture as well as collaborate with local public schools. The museum’s specialization in the visual arts is also crucial to support local artists. I also have some knowledge of accounting, which could help the team structure merchandise sales software. Giving back to the Somerville Museum would mean giving back to my local community, which is a win for me.


Having witnessed the difficulties of learning a foreign language in a foreign country as an adult with Sevenoaks Welcomes Refugees, I know that non-native English-speaking people need all the help they can get to integrate into society. That’s why I would be honoured to help build a digital library with English at Large. I also have some experience using pdf and epub files and software which I would be excited to put to good use.


Although I want to focus on giving back to my local community as that is what is most important to me right now, as someone with Turkish heritage, I feel a duty to uplift Turkic people all over the globe, including Uyghur people. Aside from my passion for and experience with English as a Foreign Language, I believe that my conversational knowledge of Turkish, and beginner knowledge of Russian could be of invaluable use to the team. I would be honoured to work with Dillar Academy.


As some of the most marginalized people in society, LGBTQ seniors deserve affordable, LGBTQ-friendly housing in a high-rent city like Boston. Given LGBTQ Senior Housing’s successes with The Pryde project, I would be excited to work on a project that future residents would use as soon as next year and make a difference in their lives.


I know people who have gone through college without adequate emotional and financial support, and I know how tough it can be, especially for people with no alternative. I respect social workers that work to help alleviate this issue and I would love to help the Wily Network in their mission.


Wrongful criminal convictions are unfortunately still common in America and are exacerbated by racial profiling and poor police discipline. These mistakes can ruin lives, so wrongfully convicted folks ought to be exonerated at all costs. Anything I can do to help prevent that is time well spent. 


In 2011, only 47.7% of girls attended primary school in Cameroon. This needs to change not only to bridge the gender education gap, but also to help improve the standing of women in Cameroonian society. I would be delighted to put my problem-solving and programming skills to good use with this project.


Given the lack of funding to local public schools, teachers are put under undue pressure to teach students huge amounts of content. That’s why the LCS’ work to relieve the burden on teachers, and their students, is so important. This is especially true for students who do not have the means to access private tutoring, or those who may have been deterred or disillusioned from essential subjects like mathematics, English and science. Working to help LCS Tutoring would be another great way for me to give back locally.


Like the WMCC, I believe that community-based, centralized organizations are worth supporting because of the warmth that a friendly face can bring, especially for those with poor food security. I love cooking food and sharing the love with others, I would like to help volunteers at Bread and Roses with their mission. If Bread and Roses were more local to Tufts, I would have ranked it higher.


I am essentially indifferent between the Village Food Hub and Bread & Roses projects since they are so similar.


I would love to be involved in helping the Office of University Counsel as I admire their efforts to endorse doctors and professors to pharmaceutical companies. I would love to get involved in helping them achieve their goals using software solutions.
",,,No
9/20/2024 21:50:24,Justin Liu,,He/him,justin.liu@tufts.edu,2028,No,"When I watched the GIM video archive, I was impressed by the tech stack that each team was using! I have a fair amount of coding experience, but haven't learned how to use things like AWS, Prism, mongoDB, and Vercel. By joining a JC team, I'd have to opportunity to explore these foreign languages, and simultaneously under the mentorship of experienced team leads and upperclassmen. This way, I'll be putting in the work to learn these myself, but always have multiple mentors that I can ask questions with and discuss ideas with all year round—all in all, that's an invaluable resource for me because I have a long way to go in my coding journey. I also enjoy how these aren't projects contained in their own bubble—they're going to be used for real purposes, will interact with other people, and I'll be apart of having a positive impact. JC's values align with my own values. 

Furthermore, I'm drawn in by how each and every team seemed so energetic and excited about their project. Compared to all the other academic GIMs I've attended as a freshman so far, JC stood out because I genuinely felt a ""homey"" sense. Each project cracked jokes and emphasized the importance of team-unity. Honestly, I was surprised when teams told their plans for fun team bonding experiences like rock climbing, baking, Mario-Kart, and more! In high school, my clubs were all strictly business—that's completely unlike JC. So I'm really excited to be apart of a JC team, make friends, and learn together with everyone!","In 10th grade, I started my own educational outreach program to promote STEM to my community. I won a $500 grant from my district's Education Foundation to fund materials and supplies for my program, and became sponsored by them and the public library. During my events, I would teach visitors (of all ages) all about physics, chemistry, and astronomy and answer any questions they'd have! Sometimes it was an energetic kindergartener asking about the physics of black holes—other times, it would be a curious grandfather who wanted advice on what telescope to buy his grandson. I held events at the public library, county arboretum, and local schools. My program has collaborated with the NJ flagship state observatory and the local Boyscouts/Cubscouts. In total, I've reached over 500 visitors from all across the county. 

I was also the Educational Outreach Director of my school's robotics club for 4 years. In that position, I designed and organized monthly volunteer outreach programs with all types of people in my community—other high schools, local elementary and middle schools, cubscouts, and more. They were all tailor made for different experience levels. My programs with the elementary schools and Cubscouts were introductory programming—for example, they had to block-code a pre-made robot to maneuver through a cardboard maze I built. With the local middle school, I organized 15+ students from my own high school to volunteer as referees for the middle school robotics competitions. We also demonstrate our robot to the team, explaining both the code (eg. Android Studio, Java) and our mechanical design (eg. mecanum drive train, 4-bar lifts, gear ratios).

I've had a blast sharing with others the things I care about and enjoy learning, and I'm excited to continue that endeavor here at JC!",Yes,Yes,"12:00 on Mon, Wed; 4:30 on Tue, Thu; anytime after 1:30 on Fri. Free all day on weekends.",,"C/C++, HTML/CSS, JavaScript/TypeScript, Git/GitHub, Python",Learning to make indie games using Unity with C# during middle school!,"I built a website for the New Jersey Astronomical Association to help them better plan their public events! The problem I solved for them is very hard to illustrate, so in short: the observatory has a telescope whose vision is blocked at certain angles and at certain times. They wanted me to create a system calculates what angles work or don't work so that they know what to use during demos with the public! 

To solve this, I first took a manual data points that corresponded to when exactly the vision got blocked. I made two excel sheets with all of this data—it took about two months to collect. Secondly, I found a best fit line and extrapolated an equation. I then coded my first website from scratch, hosted on Glitch.com, to utilize this equation. Languages I used include CSS, Java, JS, HTML. Essentially, it prompts the user for their desired telescope angle, and then returns how long to wait until the telescope is usable at that angle.

Some issues I encountered was learning how to make the UI interface friendly. Though it's still not perfect, it's much improved. I solved this by making many text size changes, adding color contrast, and adding borders to buttons/inputs for better readability. I found that neatly placing/organizing my website elements via centering/alignment was especially hard and is something I'm looking to improve.

All in all it was a great first project and showed me how fun coding is, especially when you're creating it to solve a problem for someone else! When I presented it to them I felt really fulfilled and I hope to extend that concept here at JC.  ",https://njaacalculator.glitch.me/normal_orientation.html,1,4,10,3,9,6,12,5,7,2,11,8,"1) This group uniquely uses AWS which is something I'm interested in learning! I also think this project has a lot of impact potential because of the reach of the emails. 

2) Bread and Roses is a very large organization I feel like I would have a ton of impact by creating a scheduling app—that would help more volunteers get involved and help even more people. 

3) I love art on top of STEM, and I think the museum project is a great combination between these two! I also think creating a catalog would be very interesting and is a unique project idea. 

4) Similar idea to 3, I think creating database to track inventory is really interesting and I'd love to learn how to do it. 

5) Since I did educational outreach in high school, promoting tutoring access is similar and also important to me. 

6 - 12) Also all sound great and are impactful, but my preferences would lie in 1-5; I would be happy on any of these projects, though!",No,"I'm currently taking CS11 this semester since I'm a data science major! Coding is going to be my future for a long, long foreseeable future and I'm committed to learning it. ",No
9/20/2024 21:54:39,Kyle Wigdor,,he/him,kyle.wigdor@tufts.edu,2027,No,"I want to join JumboCode to apply my technical skills to directly benefit non-profit organizations, which I believe is a powerful way to contribute to the community. JumboCode offers the unique opportunity for me to learn more about real-world web development while doing social good in helping these organizations achieve their goals.",I have been a research assistant working on AI solutions to communication inequities and also have experience volunteering by helping to collect donations for my community,Yes,Yes,12-4p  M/W; after 8 any day; any time Fr/Sat/Sun,"CS 15: Data Structures, CS 185: Computing for Developing Regions","HTML/CSS, JavaScript/TypeScript, React, Git/GitHub, SQL, Node.js/Express, Python",Making game mods in middle school,"One project I’m particularly proud of is a research application designed to foster empathy between autistic and neurotypical individuals with diverse communication styles through LLM interventions. I’m drawn to this project because it opened my eyes to the potential of web applications in addressing complex social issues. It combined my interest in technology with a desire to make a positive impact and make communication more equitable. The project used a React frontend that was connected to a FastAPI backend. One of the biggest challenges was building a robust system that could handle unexpected behavior. This was necessary as we were relying on LLMs, which are highly sensitive and stochastic, so we had to put a lot of work into making the system reliable.",https://github.com/nvdaz,5,8,11,4,1,9,12,2,7,3,10,6,"I am particularly interested in projects like Dillar Academy's portal web app and LCS Tutoring's matching system because I am personally interested in using technology to enhance educational access and efficiency. By developing user-friendly, sustainable platforms for these organizations, I would be able to contribute directly to bridging educational gaps and empowering both learners and tutors. This type of work excites me because it would allow me to apply technological to real-world challenges that have a meaningful impact on communities and making learning more equitable.

I'm also drawn to projects such as Bread & Roses' volunteer scheduling app and the Somerville Museum's inventory management system, as they mix tech and community service. These projects offer the opportunity to create scalable solutions that not only streamline operations but also enable these organizations to focus more on their core missions. I'm particularly excited about the prospect of developing systems that can support long-term goals and make a lasting difference in how these non-profits serve their communities.",,,
9/20/2024 22:07:16,Begum Ugurlu,,she/her,begum.ugurlu@tufts.edu,2027,Yes,"While I enjoy studying CS at Tufts, I don’t necessarily enjoy the competitive environment that surrounds the CS community. It’s a challenging industry, especially knowing that you have to start really early to get a “head start”. 
After getting to know the JumboCode people, I felt really excited to finally have a welcoming community. A community of CS people that actually wasn’t aiming to “polish my resume” but instead to actually have fun, drink boba, go on little trips together, work on a meaningful project together, and so on. I appreciate the emphasis many of the project managers, tech leads, designers, and the e-board put on being friends before being co-workers. I mean, I can develop a website on my own, I’m sure anyone that joins JumboCode can do that if they put in the hours. However, what I really hope to gain is a supportive community of CS people. That is what makes JumboCode valuable to me. 


I hope to make friends to produce something together with. Friends to feel the satisfaction of having helped a small business - together. 
","Since 14, I have been involved in a FIRST Robotics Competition Team named ACI 35, from my high school. Our emphasis was on using tech for good and spreading STEM and robotics - not only making a robot. Under the roof of this team, as their captain, I initiated a movement that involved working with nonprofits to 1. Teach kids in need robotics and basic coding, 2. Recruit more young girls/women to robotics 3. Reach underprivileged schools/villages in the east of Turkey (where I am from) to help them start their own robotics team, own coding workshops etc. This project (aka my baby) did not only win multiple awards as a team but allowed us to actually do meaningful work with a lot of local nonprofits that focused on children with leukemia, orphan children, and girls of underdeveloped villages. My team, ACI 35, had only 3 girls when I got in. Starting with an embarrassing f/m ratio of 3/24, I managed to get our team to a 25/25 ratio full of young women passionate about coding, robotics, and community work. (Just so you know, for all these years of being the captain of this robotics team that won Nationals and went to world championships and so on, I never once wrote one single line of code, and frankly, really never knew or  learned how to code either. 


Something else that I’m proud of is my work as a piano teacher for 2 years to orphan children. (I’ve been involved with children way too much now that I realize haha)
I'm also a Discrete Math TA this term!",Yes,Yes,I am available early in the mornings and evening/late nights (except for Tuesday),"CS 11: Intro to Computer Science, CS 15: Data Structures","C/C++, Git/GitHub","My first introduction to computer science was when I started crying in my CS 11 Lab and a TA had to pull me aside and give me a pep talk. I mean… I had definitely been introduced to CS before by the guys at my robotics team who were annoyed at me for bossing them around even though I didn’t know mechanics/coding at all. But my most sincere introduction to CS was on a september wednesday in 2023, my CS11 Lab. That was my introduction to how hard CS could be, how impossible it would look sometimes to me, how tiring it could get, and how inadequate I’d feel. But that was also my introduction to how people could actually grow into a field, how you could actually become competent enough to solve those problems you thought you could never solve, and how a random TA you found unapproachable would speak to you in a way that would keep you motivated for the next whole year. I love CS. I am proud of the work I’m doing and the improvement I’ve made. (shoutout to all the CS11 TAs! (if there’s any in this e-board lol))","One of the achievements I’m most proud of is leading the development of an Online Charging System (OCS) during my internship at i2i Systems. When I first took on the project, I was both excited and a bit overwhelmed. I was responsible for managing a team of 15 engineers, many of whom were using complex technologies like Volt Active Data, Apache Kafka, and Hazelcast for the first time—technologies that were also new to me.
At times, I felt the weight of this responsibility deeply. I had moments of doubt, wondering if I was equipped to lead a team through such a technically demanding project. But instead of shying away, I leaned into the challenge with curiosity. I asked countless questions, sought out learning opportunities, and made a point to grow alongside my team. Together, we navigated the steep learning curve, and I found that as I helped my teammates overcome obstacles, I was also overcoming my own.
The end result was a system that could process up to 5000 transactions per second with high availability and real-time balance management—something I never would have imagined I could help create at the start of my internship. But what I’m most proud of isn’t just the technical success; it’s the personal growth I experienced. I learned that even in moments of uncertainty, embracing the opportunity to learn and support others can lead to remarkable outcomes.
",https://github.com/begumugurlu,4,1,8,11,6,5,12,3,2,7,9,10,"1) My grandfather was a farmer. Every summer (and some winters - though it wouldn’t be the season), we’d go to my paternal grandparents’ house in a small city in east Turkey. My grandfather had a small piece of land that he inherited from his own father, where he (and my dad and uncles when they were children) harvested apples and apricots from a few trees. These fruits would later be divided into two groups: those to go to juice factories (i.e. those fruits that weren’t pretty enough to sell) and those to go to the farmers’ market. I’d then go with my grandfather and my cousin to yell “1kg for only 5 lira!’ at the market and look cute to elderly ladies to sell some apples and apricots. However, most of our work involved keeping track of all the trucks and boxes coming in and out, understanding who gave us what and what we gave back in return. While keeping track of all these, we’d also continue holding tight to the cash money on our small hands. We’d save all the money in little boxes and my grandfather, with his limited education and even more limited math, would try to understand how much he actually sold. My cousin and I then would use our 4th grade star-earning math skills to multiply, subtract, and divide to find out the exact kilos and exact liras we sold, lended, or left aside. He’d then carry all these boxes in his small car where we’d barely fit as two small children. It was a really messy work with (looking back) a great loss of efficiency and profit but to me, at the time, all this work seemed like the most innovative and efficient of them all. I was very happy to put my 11-year-old-skills to use to help my grandfather.

I never had the opportunity to use my highschool math skills, or my finance skills, or my marketing skills that I developed over the years to help my grandfather - as we lost him the year I started highschool. 

So I’d really love to work for Village Food Hub. I finally want to put my skills to good use.


2) English is my second language. I learned English over the course of MANY years and still don’t feel like I’ve mastered it at all. I understand the struggle, I understand the challenge, and I want to be a part of the solution with the experience I’ve had so far. That’s why I would love to work for English At Large. (Plus, I’m a HUGE library nerd, in my senior year of high school I reorganized the book stacks (there were 52 of them) and their respective orders in the database. I’d love to work on keeping track of books and playing around with the library databases - it feels like entering a sacred space to me)

3) I've been tutoring since 14. I've tutored middle school math to SAT math classes. I've tutored Autistic middle schoolers in learning English and orphan girls in Lego sets. I worked (and volunteered) as a piano teacher for 2 years. Here at Tufts, I am a tutor under STAAR Center for some CS and Math classes. I feel like I've established that I'm ""in"" the tutoring business. However it is definitely hard to keep track of the sessions, individuals' needs and the tutors that'd match these the best. I think I'd work very well for the project LCS Tutoring.


",No - you all seem very nice!,,"Sadly, no"
9/20/2024 22:31:02,Rainier Hardjanto,,he/him,rainierwardhana@gmail.com,2027,No,"
I want to join jumbocode because I am passionate about technology and about software development. 

Most of my life, I’ve been involved in coding competitions, and also seeing how technology companies operate, the finance behind it, and all of the innovative AI technologies that are capable. I’ve been to many tech events, understanding the future of technology, and the capabilities the future behold. But throughout these projects, I’ve only observed them and seen their capabilities at a high level. I’ve never actually developed and coded projects that would help the community, and while I have coded some projects before, I haven’t had a coding project with a proper tech lead, designer, and many group members. 

Hence, Im super excited to join JumboCode, in order to enhance my development skills, and to actually see what it is like to be a developer in a real work project. And the best part, is that I get to help a community, and make a big social impact. 

By joining the club, I hope to develop my coding skills, make a big impact on the community, and also develop a new set of friends, as I am a transfer student and as that is super important for me. I also hope to develop my teamwork skills, and do develop professionally as an individual, as I am also excited about the pre-professional opportunities, such as code reviews by industry leaders. 
","I’ve worked with alot of non profits over the past year. I started my own non profit, where we taught orphans in orphanages in indonesia and communities art and creativity, and then we provided a platform for them to sell their artwork for the artists. We also held many charity events, in order to raise money to provide educational and creative resources for these communities, and I really enjoyed that as I got to interact with many different people teaching art and painting. 

I also started a competitive programming club in my high school where I taught them olympiad programming, as no one in my school had done that before, and we had over 30 members and as we progressed very well in google coding competitions. I taught them how to code, advanced algorithms, C++, and taught them about computer science theory. It ended up being one of my most fulfilling moments in high school, as I got to teach a lot of my students about my passion.
",Yes,Yes,"Saturday 8-9.15pm. I can also do this time from mondays to fridays, I’m pretty flexible 

",Olin college: software design. IB computer science HL. Currently doing cs15,"C/C++, HTML/CSS, Git/GitHub, Python, Java","My first introduction to computer science was during middle school, when I was in grade 7. A teacher was teaching python, and I was just fascinated with the idea of problem solving. I was fascinated with code, and loved it alot as a young student, and continued my passion by being active in the class, and also joining the computer science club. Some of the concepts were confusing to me at first when I was young, but I never gave up and was always enthusiastic to learn","A project I’m really proud of is a web scraping data analysis project. It was a project where me and my teammate analysed the sadness of pop songs over time over the past decade, and I learnt alot about web scraping, data analysis, and technologies like NLTK and Pandas. It was probably the most exciting project for me and I spent alot of time on it. We built it since it was our class project at Olin, and we faced alot of challenges. Some of the challenges were, getting exposed to new technologies, and working on types of projects we havent worked on before, since we both didnt have experience on Data projects. Additional, we also faced challenges in our research, because there were ethical considerations and many edge cases that we had to consider, and we wanted to get the most accurate data. Overall, it was extremely rewarding. 
",https://github.com/olincollege/pop-sadness-analysis,8,4,5,2,11,10,12,1,6,3,7,9,"I first picked LCS tutoring because I am passionate about teaching. I believe that it is a very good cause. But Im also interested to learn more about matching algorithms, as I've previously tried to work on a startup that would implement a matching algorithm. So I'm very interested in this. This is why its my first choice. Matching algorithms also tend to involve a bit of data science. 

My second choice is the musuem, because I'm very interested in inventory management. I want to be an entreprenuer one day, and so I want to learn about how inventory management systems are in terms of software. Which is similiar to Bread&Roses since it is about matching users and volunteers. These also involve knowledge on backend, which I'm excited to learn about. The rest of the options I also enjoy them, but I've ranked them on whether or not I'm passionate about the cause or non profit. ",,,
9/20/2024 22:34:22,Cliodhna Reidy,,she/her,cliodhna.reidy@tufts.edu,2025,Yes,"I hope to gain more experience in web-development and full-stack development. I have some experience full-stack development already, particularly using React, Typescript, and Python, but I would love to expand my proficiency with these languages and tools, and develop interesting projects that make an impact. I think JumboCode will help me grow my skills as a software engineer, and as a coworker.","I was a TA for CS11 in Fall 2023 and I am currently a TA for CS10. I think TAing for intro classes is important and rewarding. I loved watching things click for the 11 students as they worked through difficult problems, and sometimes helping students helped me view problems in new and interesting ways. TAing for CS10 now has also been rewarding so far, especially as the focus is more towards course design at the start of this semester. It's exciting to have a say in the way the course is flowing and making an impact on students. Working as a TA is a gratifying experience that I look forward to every semester.",Yes,Yes,"Ideally Friday anytime other than 3-4pm. Otherwise I could do either between 12 and 3 or after 6pm on Tuesdays, or anytime after 5:00 on Mondays and Wednesdays.","CS 11: Intro to Computer Science, CS 15: Data Structures, CS 20: Web Programming, CS 40: Machine Structures and Programming, CS 160: Algorithms","C/C++, HTML/CSS, JavaScript/TypeScript, React, Git/GitHub, Python","I took a STEM class in my Freshman year of high school, and after a very brief unit about Python, I was hooked!","Over the summer, I worked on a project at my internship. Using Python, we developed a bot that used converted LLM outputs into a strict, user-specified JSON format. This allows LLM outputs to be actually usable because it ensures consistency and accuracy 100% of the time, which is not guarantee with regular use. We were then able to use these outputs to work with APIs and streamline a lot of different processes at the company. We also developed a webpage using React and Typescript to create a platform for users to design the JSON output that they want to have their output in.",,5,12,4,11,10,1,2,8,6,7,3,9,"The New England Innocence Project interests me because of the effects that it would have on our community. I believe our legal system needs a lot of reform and this is an important step in the right direction. I would love to be apart of the team working on this influential project. I am also excited about the LGBTQ Senior Housing project. This project would make an important impact on the LGBTQ community, and it would be very rewarding for me to get to work on a project like this. Both of these projects would be tied for my #1 slot.",,I'm really excited to be a part of JumboCode!,Nope
9/20/2024 22:37:30,Tammi,,She\her,tam.tran@tufts.edu,2027,Yes,"I want to join JumboCode for the effective and immersive projects that actually progress towards positive change. I'm really interested in the Bread and Rose project and the English at Large project. I believe that it is incredibly important to effectively organize and lead volunteers for a cause that is so important such as providing a safe, welcoming community space for everyone. It is also very important that tutors and students can easily access textbooks and resources so being able to help program a solution that organizes it is really exciting to me. As part of JumboCode, I hope I can learn more about the community that we are trying to help as we create and work on these projects. As an engineer and a person who cares, I want to work with others to hear their brilliant approaches and be part of the progress towards a solution. I want to gain more coding knowledge that I can use and to be able to apply these ideas and solutions with a team I feel comfortable asking for critics and help from. ",I did a lot of volunteering as a Youth Leader at the Mystic Valley Public Health Coalition. As a leader there I helped facilitate and organize focus groups that involved collecting data focusing on substance use and mental health from young participants in the Malden community. I was also the Cambridge Health Alliance's Youth Mental Health Project Manager. I volunteered to lead project meetings revolving around advocating for high schoolers' mental health and showcasing the resources they can access through our program. I represented the organization in meetings with Cambridge's city officials and promoted youth-focused initiatives. ,Yes,Yes,I don't have classes Friday and Thursdays I end classes at 4:30!,"CS 11: Intro to Computer Science, CS 15: Data Structures","C/C++, JavaScript/TypeScript, Python","My first introduction to computer science was my ""Intro into Computer Science"" class in Sophomore year of high school. ","I am really proud of a project I worked on over the summer. As an ACE++ student, I got the privilege to learn Bayesian statistics and probabilistic programming with PyMC. As a group of three, my teammates and I used our newly founded skills to make a program that assessed the probability of misinformation in stock market investing. We used dummy data to propose our idea but we hope to develop this further and use actual test scores soon!",https://github.com/tammittran,9,4,6,10,11,7,3,5,1,2,8,12,"I am very passionate about student advocacy and food insecurity. As a student, I will always relate to feeling trapped and helpless especially when it comes down to studying and being a better student. I actually recently started finding tutors on the Tufts Tutor Finder website to get more help on Calculus III and had a hard time finding a tutor for my subject, connecting with them, and receiving help from them. I think there is a lot to be done to improve a student's experience towards tutoring, and I believe that the more we improve this community the easier it becomes for a student to reach out for more help. On the other hand, I want to work on projects such as food projects in general to make others who are not as fortunate as me more comfortable receiving help. I've taken vegetables and fruits from my family's garden and placed them in community fridges alongside the bike roads in Malden but there are many times my produce would go bad before anyone has taken them. I understand what it is like to feel like I don't know enough ways to help my community and I can sympathize with people who feel like they don't know where and when to get help. I want to help people know when they can receive help and when they can offer help!",None,"None, just excited to join!",I have never been part of JumboCode
9/20/2024 23:22:00,Rebecca Lee,,She/Her/Hers,rebecca.lee665088@tufts.edu,2027,Yes,"I want to join JumboCode because I am looking for a way to improve my programming skills while contributing to a greater purpose. As a Computer Science major hoping to work in the tech industry in the future, it’s my responsibility to understand the ethical issues surrounding technology and tech businesses and to use my skills for a cause that uplifts communities. When I was in high school, I attended a program that taught high schoolers how to build an AI program, and the program directors included an ethics lesson in the curriculum. I learned about how AI data from systemic and historical biases  can affect the results the AI produces, which can be catastrophic when considering the choices that an automated AI program makes for a company, such as new employee hiring. Through JumboCode, I’m hoping to contribute to a project that I know will be used to benefit a community.

I am also hoping to learn from my project team and have the opportunity to work on new tools. Working with a team has taught me valuable organizational, syntactic, and algorithmic skills that I either didn’t learn or didn’t understand well from teachers. My CS-15 GERP partner really helped me understand how our choices would affect the runtime of our program. If I hadn’t done the project with her before our final exam, I might have totally fumbled the exam. I’ve greatly enjoyed team programming in the past, so I’d love to have the opportunity to learn, at JumboCode, from a bigger team with more varied levels of experience than me.","At Tufts, I'm in the Giving Camp Club, where I volunteer to organize and participate in events for disabled and neurodivergent adults. Last year, we organized a Davis Square bowling event, Thanksgiving crafts session, Special Olympics, and info sessions about disabilities and neurodivergency for community education. The Giving Camp Club members are usually paired with a “camper” who attends our events, and there is one non-verbal camper who I’ve been pairing up with since I first volunteered with Giving Camp during my pre-orientation. We have formed a special bond doing crafts and taking walks together! We've worked together to find a common mode of communication.

I'm also the current logistics chair for Women in Computer Science (WiCS). My responsibilities include managing and updating the WiCS website and reserving rooms for meetings and social and professional events. I also contribute to planning events for WiCS to help female and non-binary Computer Science students at Tufts form a community and prepare for their careers. Through WiCS last year, I was able to meet so many other women who were in my CS classes and helped me out when I needed it, so I’m excited to contribute to the community that was so welcoming to me last year.

In high school, I co-founded a New Jersey chapter of SmashHigh, a tutoring organization that provides free tutoring to under-privileged school districts. I recruited and organized over a dozen tutors from my and surrounding high schools and worked with a local school district to match tutors with students. I tutored two elementary students twice a week. Though I was supposed to be teaching them, they also taught me a lot too. One of my kids was always trying to teach me Spanish to get out of doing the work I was assigning her, so we compromised and she taught me Spanish for the first 10 minutes of the lesson, and I taught her math and English for the rest of our time. My other kid loved Roblox and computers, and I always wanted to talk to me about it because he knew I was studying computers at school. He taught me so many Roblox and video game hacks and then created Kahoots to test me on them when we were done with our lessons. Before tutoring, I had always heard teachers talk about engaging students in lessons, but I only truly learned how important that was when I started teaching kids myself.
",Yes,Yes,"I am available for the all-club meeting on Sundays, and I am also available all mornings before 10:30 AM on Mondays and Wednesdays and before 12:00 PM on Tuesdays and Thursdays, Monday and Wednesday afternoons, Thursday evenings, all day on Fridays and Saturdays, and before 5:00 PM on Sundays.","CS 11: Intro to Computer Science, CS 15: Data Structures","C/C++, HTML/CSS, Git/GitHub, SQL, Node.js/Express, Python","My first introduction to Computer Science was at my high school, which was a vocational technical school for Information Technology and Business. Every year, we had one required vocational course dedicated to computer science topics. Even though my Computer Science classes’ homework always took me the longest amount of time, I grew to love them as I watched my programs turn from a mess of bugs to a working program.","During my senior year of high school, I participated in a team of three as a developer for a video game project that we submitted to the Future Business Leaders of America state competition. The prompt that year was a ""word-based"" video game, so my team and I first discussed what kind of game and what the game mechanics would look like. We came up with an idea that amalgamated a lot of ideas from previous games we had all played. Our game's premise ended up being that a player would collect letters as they appeared and moved on a track in front of the player. Then, the player would have to spell words with those letters they collected to earn points. For the project, our one teammate created original art for the game graphics and assets. My other teammate and I used the Godot game engine to organize the game into scenes and to implement the game mechanics. 

The first challenge I faced while participating in this project is that I had never coded a video game before or used Godot. There was definitely a learning curve for me while creating the game. I started out just adding background music to levels, then moved on to placing buttons and creating new scenes, and then eventually moved on to creating and editing algorithms for the game. When we presented the project at the Future Business Leaders of America NJ State Leadership Conference, we won first place for the project and moved on to the National competition! It felt so surreal, realizing that we had taken our project from ideas and thoughts on a page to a playable product that won a competition.

Though we didn't win first place at Nationals, I've taken the skills I learned from this project, namely development processes and team programming, and applied them to my college Computer Science classes.",https://github.com/Gooey64/fbla-babey,10,9,12,4,7,6,5,3,2,8,1,11,"My first choice is A2Empowerment because I strongly believe that education empowers people to achieve their goals in life, and that everyone deserves the chance to do so. My grandmother was uneducated in China, but she moved to the United States and worked hard so that my mother could have an education at an American college. My mother works hard so that my brother and I can focus on our studies without worrying about our family’s finances. As a woman who has had the privilege to learn in an academic setting and choose my own career path, I care deeply about the rights of other women to have the tools and opportunities for education. I also feel that my background as a tutor, through which I was always sending feedback to and receiving evaluations from my students and their parents, will allow me to contribute to the user experience of the web app that A2Empowerment is developing.

English At Large is my second choice because I have seen how difficult it is for immigrants to learn the English language on their own. Spanish was the first language for both the students I tutored in high school, and English was their second language. None of their parents spoke English, and I communicated with them with my limited Spanish skills. After every lesson, I emailed my students’ parents a report of what we reviewed that day, the students’ progress, and any homework I assigned. The parents were always grateful to hear that I was assigning them English work, since the kids were in a school that taught only half the classes in English and the other half in Spanish. Sometimes my kids would ask me questions about English, and, as a native English speaker, it would be difficult for me to explain the answer to them. I wish I had access to a library like English At Large when I was teaching them, so I would love the opportunity to contribute to this project! I also think my background as a tutor will allow me to contribute more meaningfully to English At Large’s catalog system because I will understand the program as both a developer and a user.",,,
9/20/2024 22:41:52,Tiffany Huang,,She series,Tiffany.Huang@tufts.edu,2028,Yes,"I want to join JumboCode because I'm interested in learning more about computer science, especially coding and problem-solving. Although I am a freshman and have not officially declared my major, I will most likely pursue the field of computer science. However, I don't have much experience with computer science besides some classes I've taken during high school and one class I'm currently taking. I'm also passionate about getting involved in the community and contributing in a meaningful way, which aligns with JumboCode's mission. By joining the club, I hope to gain more experience and knowledge in computer science while also contributing to non-profit organizations.","I’ve actively volunteered with various programs and organizations such as ENGin, Building One Community, Norwalk Housing Authority Student Success Tutoring Program, Key Club, Ap Ambassador, Filling in the Blank, Person to Person, and others. Many of my volunteering experiences involve working with younger students and helping them with academics, such as homework help and tutoring, both in person and remotely. Furthermore, other volunteering experience includes working at nonprofit organizations that help pack and deliver food for those in need. ",Yes,Yes,"Monday 6PM-8PM
Tuesday 6PM - anytime 
Wednesday 3PM- 5PM
Thursday 7PM - anytime
Friday 12 PM - anytime
Saturday anytime
Sunday anytime ",,"C/C++, HTML/CSS, Python","My first introduction to computer science was in middle school, where we learned about computer science through the platform “code.org.” However, it wasn’t until high school that I became more familiar with computer science through the different classes I’ve taken. For example, web page design, where I learned about HTML, and AP Computer Science Principles, where I learned about Scratch and Python. Other than this, I haven’t had much exposure to computer science.","I’m most proud of the project I worked on during my AP Computer Science Principles class. It was my first time working on a long-term project, where I continued to add more components to it throughout the school year rather than assignments you turn in at the end of class. The idea of the project was to build anything as long as it contained all of the essential features, such as a list, procedure, loop, function, and others. Although I was using Scratch for the project, it was still challenging to incorporate all the necessary features and run the program. However, through this class and addressing the various problems that popped up along the way, I learned fundamental coding knowledge, especially with the visualization and features in Scratch.",,1,12,6,11,5,8,10,3,4,2,9,7,"All of the projects are very meaningful and interesting. I ranked my project preferences based on my personal interest regarding what we are developing for the project and personal connections. For instance, my top three choices are West Medford Community Center, Bread & Roses, and LCS Tutoring because I’m interested and curious about the process of developing a web app that facilitates templates, scheduling, and matching processes. These choices also align with my past volunteer experiences, and I want to contribute in a new way beyond being a volunteer. ",,,
9/20/2024 22:51:07,Agatha Yang,,she/her/hers,hengle.yang@tufts.edu,2027,Yes," I want to join JumboCode because it will offer me a great community of like-minded people - people who are just as excited about creating programs that are elegant, efficient, and fun to implement. I want to meet people who are well-versed about fields of computer science which I am not familiar about. Through this community, I hope to have my ideas and perspectives challenged, build friendships that will go beyond the activities of the club, and connect with passionate peers and mentors who will inspire me to grow both personally and professionally. 
I also want to gain experience with working in a team and learn how to coordinate between a group in a professional environment. I am eager to learn about tech stacks and how a year-long project can be organized and broken down into manageable portions. So far, all my experience in code have been theoretical. Through JumboCode, I want to put theoretical knowledge into practical use and have an idea of what the industry looks like. I am curious about front-end programming, on how to build effective and well-designed user interface (that are not like the tufts sis system). By working for non-profit organizations, I hope to connect more with the Greater Boston community; as a college student living in Medford, I want to take on an identity that’s more than a visitor. 
","I have worked as a volunteer with many non-profit organizations to help improve my community back home and advocate for a better social environment. Surrounding my hometown, Wuhan, is areas of the countryside where children are often living with their grandparents because their parents worked year long in cities. As someone whose roots stems from rural regions, I wanted to provide companionship to them. I have volunteered as a tutor to elementary schools in Jing Men to help teach English and offer the students there someone to share laughter with. Additionally, I volunteered with another organization as a story teller, recording bedside stories for children whose parents are far away from home to help bring warmth and comfort. 
These experiences have made me a better communicator and collaborator, I have built deep connections with children whom I have learned from and contributed in a meaningful way to my community. ",Yes,Yes,"I am available Mondays, Wednesdays, and Thursdays after 5pm; weekends 9am-2pm (flexible).","CS 11: Intro to Computer Science, CS 15: Data Structures",C/C++,"CS11! I originally was a social sciences student with no interest in computer science. Hence, I went into the course anxious about not being able to keep up due to my inexperience. Yet when I managed to get my first program to compile and output silly messages based on the results of computation, it brought me an immense feeling of joy and excitement. Constructing a program using the most fundamental algorithms to enable a machine operations beyond a human’s ability is beautifully logical. I also became interested in the connection between a human mind and a machine’s intelligence. Through computer science, I get to blend creativity with logic while bridging my understanding of human cognition.","This summer, while scratching my head trying to figure out what my schedule would look like, I decided to implement a topological sorting program to help me plan out my academic career. This was my first ever personal project; I still remember the thrill of completing it, suddenly realizing that I have a range of programming toolkits at my disposal to assist me through hardship. 
I went into the planning stage only knowing the general features of a topological sort algorithm. One of the first struggles I encountered was how to establish the graph – since to the human eye, nodes with pointers was the best representation, I attempted to use a complicated linked list. This soon failed, as this approach was messy and the program had to cluelessly jump between nodes trying to find the starting point. After some research I chose an adjacency matrix holding Boolean values as the final representation. Another difficulty was finding a data structure to help the computer decide which node to go next in the sort, and queues was the best solution. 
During the testing phase, I had accidentally put in a cyclical dependency in my graph, causing me infinite agony. This experience taught me the importance of using a debugger and tracing through code by setting stop points. Overall, this project had gave me a boost in confidence and desire to create more practical programs. I became familiar with a branch of algorithms I originally had no experience with and inspired me to continue exploring other programs (I am currently trying to implement a pet quokka class).",,1,10,4,3,2,6,9,12,11,7,8,5,"I am most interested in projects that allows me to get to know and engage the Medford and Greater Boston community (West Medford Community Center, Somerville Museum). My second choice is Dillar Academy because I have been to Kashgar and deeply want to assist in their lives. I am also interested in supporting fellow university students in any mental and emotional hardships they may encounter. Further, as someone with an interest in the social sciences, I am happy to work in projects related to the justice system or counseling. ",,,
9/20/2024 22:51:36,Awo Ali,,She/her,awo.ali@tufts.edu,2026,Yes,"Joining JumboCode would give me the opportunity to contribute my technical skills to meaningful, real-world projects while also growing as a developer. I want to collaborate with like-minded individuals to build impactful software solutions for nonprofits, learning more about the intersection of technology and social good. Being a part of this community will allow me to refine my programming, project management, and teamwork skills, while also gaining hands-on experience in software development through all stages of the process. ","I am part of Tisch College and as a Tisch Scholar and a research assistant with Front Porch Arts Collective, a Black theatre company committed to advancing racial equity in Boston through theatre, I actively engage in projects that promote social justice through the arts. In my role, I conduct research to support the company's initiatives, such as gathering archival material and creating dramaturgy packets to enhance the depth and context of their productions. This experience enables me to contribute directly to efforts that align with my passion for equity and community engagement while deepening my understanding of how the arts can drive social change.",Yes,Yes,"Wednesday 9am-12pm, 8-9pm, and Monday 6am-9pm","CS 11: Intro to Computer Science, CS 15: Data Structures","C/C++, HTML/CSS, SQL, Python",CS 11,"One project I’m particularly proud of is the development of an app called ""Printherd"" for my Human-Computer Interaction class. The app was designed to help students find campus printers and check their status in real-time, improving accessibility to campus resources. I was responsible for creating the user interface and gathering feedback through Figma, a design tool I had to learn quickly.

One of the main challenges I faced was balancing user feedback with technical constraints. I conducted multiple user tests to ensure the app was intuitive and accessible, which required iterating on the design several times. I also had to learn to navigate Figma, which was new to me, but ultimately, I managed to create a design that resonated with users.

This project excited me because it combined problem-solving with user-centered design, and I gained valuable experience working in a team and adapting to new tools and challenges.",,11,6,7,12,3,4,8,1,9,5,2,10,"My top choice is LCS Tutoring because I’m passionate about education and want to support students and the learning community through technology. A2Empowerment is my second choice, as its mission to empower women through education resonates with me, and I’m excited to streamline processes for their scholarship programs. Dillar Academy is my third choice, where I see an opportunity to enhance educational access. New England Innocence Project, my fourth choice, aligns with my interest in criminal justice reform, and I’m eager to support their work in preventing wrongful convictions. Finally, Bread & Roses is my fifth choice because I’m committed to addressing food insecurity and look forward to contributing to their volunteer scheduling system.",No there is no one that would make me feel uncomfortable.,"I would like to add that I am currently studying data science, which equips me with a strong analytical background that I’m excited to apply to real-world projects. My experiences working with nonprofits like Front Porch and my involvement as a Tisch Scholar have deepened my commitment to using technology for social good. I’m eager to contribute my skills to JumboCode, where I can continue learning, collaborating, and making a positive impact. I believe my combination of technical skills, community engagement, and passion for meaningful work makes me a great fit for this opportunity.",No
9/20/2024 22:54:20,Daniel Jarka,,He/Him,daniel.jarka@tufts.edu,2027,No,"Honestly, I think this is a really great opportunity that I can learn a lot from and use to set myself up for a successful career. I come from a low-income background and have had very little exposure to CS growing up. It was something that seemed like a cool field that would forever be outside of my skill set. I actually came to Tufts thinking I’d major in Astrophysics (I’m definitely not cut out for that), but after taking CS 11 in my first semester here, my perspective changed completely. I’m now in the school of engineering as a declared computer engineering major!! Since the requirements of my major are more heavily saturated with electrical engineering classes, and very few software classes (I only have to take up to CS 15), I think a JumboCode project is one of the best ways I can learn serious front and back end software skills. I’m considering taking more CS classes outside of my requirements, so I’d love to take the chance to learn in a team based environment. In fact, I want to join JumboCode because this would be my first opportunity to work on a major programming project outside of classes. Of course I want to earn internships and do some kind of research like everybody else, but I feel like I don’t have the best platform to stand on since my software background and resume is nearly non-existent. I think JumboCode can help me start the process of learning the skills and earning the right to apply for other team-based projects in the future! More importantly though, the actual projects that I can be a part of this year resonate with me and my life experiences. I’ll go more in depth about those experiences in the question below, but most of if not all of the “social justice” volunteering I’ve done has been related to helping low/no-income people. A lot of that volunteering centered around helping with the education of kids who really haven’t been given much opportunity to receive proper schooling. Seeing that a lot of the projects this year are dedicated to organizations that want to help the less fortunate is exciting because it gives me the chance to both learn about the software side of things and leave a meaningful impact on a community that needs help!","I have a very special relationship with social justice work because of the opportunities I’ve been given throughout my life. Starting in middle school, I qualified for and became a part of the REACH program. Among many things, REACH is a program committed to providing social justice minded education to underserved students. I benefited a lot from this program and my attendance at Tufts is major proof of that. My “work” for justice started in the summer before my freshman year in high school when I tried gathering information about the homeless crisis in my neighborhood of Coney Island. A major part of this experience was going around to different people and interviewing them about their backgrounds and the circumstances that lead them to homelessness. I recognized that I alone couldn’t address this problem and give those people a second chance at life. I just hoped that having these conversations would put a more human weight to the overall issue of homelessness in NYC. As someone who’s been temporarily homeless, I recognize how lucky I am to have had my grandparents and their home to provide shelter for my family. This eighth grade project really solidified that fact, since almost every person I interviewed ended up on the street due to incredibly unfortunate circumstances. Since the high school I attended actually created the REACH program, much of this social justice work continued. I participated in the school’s midnight runs, where we hopped in a van at midnight and drove around the streets of Manhattan delivering food to food pantries and people living on the street. I volunteered at De La Salle academy as an educational assistant, which was a middle school with a very similar mission to REACH. I also volunteered as a mentor and counselor for the REACH program! Like I said earlier, I was extremely blessed to receive the education that I did. Because of that, I intend to use my education as a tool for giving back to these communities. So many people poured their time and resources into me, so I think it is only fair that I do the same so that at least one other kid out there can be given the chance to do something great with their life. I hope to help leave the same sort of impact on other peoples' lives as the impact that was left on mine.",Yes,Yes,"My Fridays and weekends are completely available! I can find the time during the week, it'll just be a little trickier. ",CS 11: Intro to Computer Science,C/C++,"I did take a computer science elective in high school, but I think CS 11 was the first ""real"" introduction.","In my junior year of high school, I was part of the school's ""JFR"" committee which was pretty much a group of students that worked on a schoolwide social justice project that culminated in a ""JFR day"" at the end of the school year. The whole point of this project was to apply my high school's core values to a specific social justice theme that was voted for by a group of faculty members. That year, our theme was environmental justice and our task was to plan out seminars, assemblies, and activities throughout the year that engaged the student body in something actionable to participate in our mission. On the actual JFR day, there were 12 different group activities that students could participate in. My involvement in building JFR day and planning the events that lead up to JFR day was evenly split between attending committee meetings and doing my own research. Doing research was easy enough on its own, but the biggest problems came up at these meetings. Since we needed to plan a bunch of different events, there was constantly disagreement between students and faculty about pretty much any idea that came up. The biggest problem we had for pretty much the whole course of this project was actually getting students to care about environmental justice. I mean, how many students actually pay attention to their school wide assemblies, right? At the end of the day, we just had to understand our audience and come up with ideas that made the most sense for them and not necessarily what made the most sense for us. For example, we came up with a schoolwide competition where students recorded their environmentally conscious contributions to an app and received a proportional amount of points. At the end of the competition period, the top scorers were rewarded with gift cards. We also ""hired"" a group of students in charge of digging through the trash cans during lunch periods to remove recyclable items from them and put them in their proper bins. In the end, our goal was to turn a seemingly boring series of assemblies and seminars into an engaging continuous event that actually had students participating in environmental justice! We were proud of the work we accomplished and even though we probably didn't engage every single student's interest, we at least had everyone participating in our JFR day! ",,7,4,10,12,1,8,11,2,3,5,9,6,"I tried ranking my preferences based on the projects I feel like I identify/resonate with the most. I'd like to continue serving people from low-income backgrounds and I feel like I'm most strongly suited to working in these sorts of environments. I know I've said this ad nauseum already, but I really want to do my part in helping everyone get their fair shot at living a better life regardless of their financial circumstances!",,"Thank you for this opportunity! Regardless of how this goes, you guys do awesome work :)",Nope!
9/20/2024 23:03:16,Claire Zhang,,she/her,claire.zhang@tufts.edu,2027,Yes,"I hope to join JumboCode because it would be an amazing opportunity to apply my coding skills and learn more about web development while gaining a community and supporting a good cause. What stood out to me at the GIM was how excited all of the project managers, tech leads, designers, and executive board members were to introduce JumboCode and the organizations they would be helping. Not only that, but every single project mentioned how they were looking forward to bonding with their team members and would answer any questions we had, whether it be about the project itself or homework for the classes that they were TAs for. 

Developing my CS community was a goal of mine coming into my sophomore year, and seeing how determined the PMs, TLs, and designers were to build a family as much as create web-apps that will help non-profits really resonated with me. In fact, Tufts' value of collaboration over competition was one of my main reasons for choosing Tufts. I would love to join the JumboCode family and help to foster that supportive culture.

Additionally, I'm excited by the prospect of giving back to the local community through something that I'm passionate about--computer science! I would learn so much about working with a team, an extremely important career skill, and about the paths I could take within the CS field from all the mentors I would gain as a JumboCode developer. From there, I could take what was given to me and pay it forward to the community. Community service has always been a value of mine, and it would be incredibly meaningful to be able to make an impact through coding.

I've heard nothing but praise about JumboCode from past members, and I would be and honor to join the organization.","Throughout middle school and high school, I was a part of the National Charity League with my mom, which brought together mothers and daughters to practice philanthropy. My mom and I would volunteer at non-profits based in mine and neighboring towns. This would range from driving meals to locals who were unable to leave their homes for Meals on Wheels to one of my favorites, manning the pretzel stand at the Oktoberfest event held by Founders Hall, an education and recreation center for seniors in my town (many of whom were drunk).

My senior year, I was also the secretary for my high school's National Honor Society chapter, and helped organize events such as a Red Cross blood drive and food drives for local pantries. But my favorite event we did by far was our ""Senior"" Senior Prom at Ridgefield Crossings, a senior living home in my town. We had live music, food, garden decor, and of course, lots of dancing.

In high school I was a member of the Youth Against Cancer Society (YACS). We mainly volunteered at Ann's Place, an organization a short walk from my house that provides services for cancer patients and their families such as counseling, yoga, and kitten therapy. We would often help them clean up and garden, raking leaves in the fall and weeding their gardens in the spring. ",Yes,Yes,Monday 7:30-9:30pm | Tuesday 3-10pm | Wednesday 7:30-9:30pm | Thursday 9am-12pm 4:30-8 pm | Friday 1:30-9pm | Saturday 9am-10pm | Sunday 9am-1pm 4-6pm 8-10pm,"CS 11: Intro to Computer Science, CS 15: Data Structures","C/C++, Python","Growing up, I dabbled in Codeacademy, but my first real introduction to CS was AP CS my senior year of high school.","Last semester, for my ES2 final project we were prompted to choose any topic and a dataset(s) about that topic, then analyze and visualize it. For this project, I utilized the Python libraries pandas, NumPy, and Matplotlib for data manipulation and visualization. 

First, I chose my topic and datasets. My focus was healthcare accessibility across racial groups, specifically in my lovely home state of Connecticut. I compiled demographic and health-care related data from the Connecticut Health Care Survey and the American Community Survey from 2012-2013, and added all the information I was going to use in a dataframe, which was divided into separate dataframes by race. Then, I isolated and calculated key metrics, such as the percentage of individuals unable to afford prescription medications, and visualized these alongside median income estimates by race using grouped bar charts. I repeated this process to visualize the percent of people who did not receive health care due to cost worries by race. 

A challenge that I faced was assessing bias in my analysis. My analysis could be biased in the sense that starting out, I had expectations for what results I would find. This could have caused confirmation bias by influencing which information and questions I chose to include in the analysis. Perhaps if I decided to investigate responses to different questions from the Connecticut Health Care Survey, I would have found my predictions proven wrong. In part to prevent confirmation bias and in part to ensure that there was enough information to draw valid conclusions from, I chose which information from the survey to explore by looking at whether there were adequate responses to the question. To further prevent this I could have randomly chosen which questions I looked into. 

After my analysis I concluded that race and median income does play a role in the disparity within health care accessibility. For example, race groups with a higher income had a lower percentage of individuals unable to afford prescription medications. Overall, it was really interesting to focus on something that I consider important and in my home state. I really enjoyed creating something mostly of my own accord without strict requirements, like those characterizing many of the projects we do in CS classes.",,11,9,4,2,6,10,8,3,1,7,5,12,"1. I really connected with the English at Large mission. As a daughter of two first-generation immigrants from China who came to the U.S. knowing only a few words of English, I've heard stories about the struggle to assimilate and build a life without knowing the language of your new home. I would love to help further English at Large's reach with a new easy-to-use library system, and help those in the same shoes as my parents were. Also, all the leads seemed very cool and I think I would enjoy working with them.

2. I'd love to learn more about the cultural history of Somerville by working with the Somerville Museum. I've never created anything like a web-app database before, and I think it would be interesting to learn more through the inventory web-app that they are planning to make. The team leads had super chill and overall good vibes.

3.  The idea of using my education to help those in education definitely piqued my interest. It would be an honor to help further students' learning through the web-app to make their tutor-tutee matching process much easier. Plus, as a summer camp counselor for the past few years, I am obligated to live by the golden rule: FTK (For The Kids). Plus, the leads gave off fun vibes and a good team dynamic.",,,N/A
9/20/2024 23:16:02,Tyler Hamerling,,he/him,tyler.hamerling@tufts.edu,2027,No,I am interested to learn how to program in a more practical environment while also helping the local community.,I was in a Habitat for Humanity Club in high school.,Yes,Yes,Thursday afternoon or Wednesday afternoon.,CS 10 equivalency,Python,I took an Intro to CS class at my first college before transferring.,"I worked on the backend for a Wordle Clone in Python as a final for my Intro CS class last year. The project used a merge sort and binary search algorithm to deal with possible words. The most challenging part was learning to use recursion; I'm honestly still a bit confused on how it works, but it does, and that's what's important.",,4,10,8,2,11,6,7,5,3,1,9,12,"I am most interested in working with Bread & Roses, but my runner ups would be the Somerville Museum and English at Large. The other projects are great, but those are my top 3.",It might be a bit awkward for me to work with Seth Morton because of a housing argument.,,
9/20/2024 23:19:07,Mira Kaul,,she/her,mira.kaul@tufts.edu,2026,Yes,"I’m a Math and Economics Major at Tufts, and so I have had a little experience with programming. However, through my internships at FlexTrade Systems and PwC over the past two summers, I have developed a keen interest in coding, particularly in automating Financial and Mathematical Models, and exploring Artificial intelligence. 

At PwC, I automated the Black-Scholes model and calculated volatility parameters by web scraping historical stock data from the National Stock Exchange, replacing manual Excel processes. At FlexTrade, I developed a CS code and mathematical model for algorithmic trading and suggested improvements to enhance both accuracy and interpretability. 

Since my programming knowledge has primarily come from these internships, I’m eager to join JumboCode to further develop my skills and apply them to non-profit-driven tech solutions. Real-life problem-solving excites me, as it allows me to connect my math and tech learnings to impactful projects. I’m enthusiastic about exploring more in the field of analytics and technology, and some of Jumbo Code’s projects such as the Somerville Museum, LCS Tutoring, and Bread & Roses particularly excite me. In addition to coding, I hope to further develop collaborative, communicative, and leadership skills during my time at JumboCode; I believe this community will provide me with the ideal environment to grow and learn from like-minded individuals. ","My interest in volunteering started when I saw firsthand how impactful mentorship can be. During my pre-teen years, I used to bake treats for children at a local NGO, but soon realized that offering my time and knowledge with them could be even more valuable. Many of the children spoke broken English and struggled with basic Math, often voicing their frustration with the abstractness of the subject. Therefore, I started tutoring Algebra and English to seventh graders, and this experience made me appreciate the transformative power of education. It solidified my passion for teaching and helping others grow, especially those who lack access to quality resources.

Thoroughly enjoying this work, I spent a summer in high school teaching elementary students English and basic computer skills, and later joined my school’s Social Service League, where I taught Math to middle and high school students at an underprivileged school every Saturday for a year. These experiences not only left me with a deep sense of fulfillment but also sparked a lasting passion for education and mentorship.

Therefore, I am drawn to projects like ""LCS Tutoring"" at JumboCode. They align with my commitment to education and provide an opportunity to use technology to create meaningful change. I am excited to bring together my teaching experience and technical skills to work on projects that uplift and impact the community in positive ways.
",Yes,Yes,Available at any time as long as it doesn't clash with my classes!,CS 11: Intro to Computer Science,Python,I took computer science as a subject in high school! It was introductory level Python. ,"During my internship at PwC, I worked on a project that I’m particularly proud of—automating the Black-Scholes model and its associated volatility parameter for option pricing using Python. Previously, the process relied on manual Excel work, but my automation reduced analysis time by 40%. By web scraping historical stock data from the National Stock Exchange, I built a model that calculated volatility and Black-Scholes values for user-defined companies.

This experience was particularly exciting for me as I learned new skills at every step and discovered a deep interest in coding.",,7,8,11,2,6,9,10,1,5,3,4,12,"LCS tutoring particularly aligns with a non-profit cause I'm very passionate about. However, I'm happy working on any of the projects!",-,-,Not been a part of JumboCode
9/20/2024 23:19:34,Subhangi Pal,,she/her,subhangi.pal@tufts.edu,2028,Yes,"I really liked JumboCode's dedication to helping the community both local and global in return. I was worried that taking up a major in CS would force me to take up a job that could not give back to the community, but I was happy to see a tech club at Tufts that focuses on the community by utilizing tech skills. I also was happy to see the gender diversity of this club as there were some entirely female-led projects. I'm not exactly sure which area of CS I would like pursue, so I hope this club can provide me with opportunities to see what software engineering is like and learning how to use different tools used in the industry. I also appreciate how each project has some sort of bonding activities, including the chance to meet with the client and see progress, making the task more meaningful at hand. ","In high school I did a lot of volunteering events, such as tutoring students, managing eco initiatives at my school, to creating a fundraiser which took people's old shoes and converted them into money for third-world countries by collaborating with a non-profit. We ended up collecting about 170 pairs of shoes and $1,500 to donate. I even volunteered this summer to help out some biologists compile images of a Petri dish into a Timelapse video of a bacteria growing with the use of programming (python)! I also did a community-service based pre-orientation program (FOCUS) which familiarized me with the social/community issues of the Medford/Somerville area.",Yes,Yes,"Monday: After 6 pm
Tuesday: After 12 pm
Wednesday: After 6 pm
Thursday: 12 pm - 5:30 pm
Friday: After 3 pm
Saturday: Not available 
Sunday: After 6 pm",,"Git/GitHub, Python","I took a robotics class in 9th grade, however since I was doing remote-learning (covid), I ended up learning the basics of Python. I wanted to continue learning this, so I self-taught more of the basics of python by watching tutorials through freecodecaamp.org on YouTube and geeksforgeeks.org. I then took AP Computer Science Principles in 12th grade as it was the only CS course offered in my high school.","This summer, I assisted biologists at Tufts in creating time-lapse videos of bacterial growth on Petri dishes with the help of a computer scientist. A scanner was used to capture images of six dishes over time, but I needed to segment each image so that the videos showed just one dish in its place as the bacteria grew. To do this, I developed a program using OpenCV to detect circles, remove the background outside the Petri dish, rotate the dishes, and organize the frames. The main challenge was the sensitivity of the circle detection, which identified too many false circles, so I researched image processing techniques and adjusted the parameters to improve accuracy until I got one circle.","My GitHub: https://github.com/SPal28   (My bacteria growing project is not included in the GitHub because the research it was used in is still confidential, if you would like to see it, I can request for it to be shown)",2,9,4,8,12,6,7,3,11,1,5,10,"Some of my top choices were those that supported non-english speakers with their journey. Their messages really resonated with me as my mother was an immigrant and needed my help with learning English as well. I also appreciated how I could gain advice on CS classes and internships from groups like Dillar Academy and Tufts General Counsel. I also tried to select projects that had some tech stack that I was familiar with, especially with Tufts General Counsel as they were the only ones who used Python. I also really appreciated Clarence's reassurance that the group will care about others and offer life advice because I think feeling acknowledged and comfortable with others is the best way to make close connections with your team and being successful. ",,,No
9/20/2024 23:22:27,Madeline Lei,,she/her,madeline.lei@tufts.edu,2028,Yes,"I want to join JumboCode because I want to work on an impactful project with a passionate team. I feel like most of the programming I have done has been for myself, so I want to be able to use my skills to make a positive impact on people's lives, something that can be hard to do on my own. I also hope to meet of lot of new people and make good friends, both within the team and the client. I also hope to gain valuable experience working with a team on a real-world project and take advantage of the pre-professional opportunities. Furthermore, I hope to learn a lot about software development and project design in a welcoming environment, as I have found it a bit hard to learn it on my own.","I volunteered with a community fridge for a year (weekly during summer and the school year). We would collect food that our partner stores were planning to throw out (food that was near the best buy date) and distribute it to elderly residents of a building, or just anyone in the area who needed it. We would put the remaining in a community fridge that anyone could take out of. Overall, although it could be frustrating when something went wrong, it was a very rewarding experience and I met a lot of nice people.",Yes,Yes,"I am available all days after 8pm except for Tuesdays and Thursdays. On Tuesdays and Thursdays I am free after 5pm (to 9pm). On Fridays I am free after 6pm. On weekends, I am free most of the day.",,"HTML/CSS, JavaScript/TypeScript, Git/GitHub, Python","My dad introduced me to Scratch when I was in elementary school, and I experimented with it for a little.","In my junior year, I worked on a task-management web app using Express and HTML/CSS with two of my friends and a mentor in a program that my school hosted. The final project had a user login and allowed the user to create tasks they could check off and add a due date and priority for. We all started off with very little coding experience, so we had to learn a lot about how to design a project that we could feasibly make. Although our mentor helped us a little, we had to do most of the coding on our own, which was quite difficult and included a lot of googling. We also had trouble scheduling meetings and sticking to due dates, since we were all busy and underestimated how much time it would take us, but we were able to adapt by the end. Overall, although we made a smaller project than some of the other teams, we were still proud of what we did and learned a lot.",,4,2,11,10,1,8,9,5,6,3,7,12,"My first choice is Dillar Academy because I believe their mission is very important, the persecution of Uyghurs has not received the proper attention, so I hope to help them achieve it. Additionally, educational disparity among ethnic minorities is a big issue, especially where I am from, so I also want to work on this project to help combat that issue. (The schools I have gone to have chosen to ignore it). Also I have always had bad experiences with class-management web apps, so I would like to see if its possible to make a better one.

My second choice is Village Hub Food because the group I volunteered with faced a similar problem with not being able to track when volunteers were doing pickups and what food was in the fridge, which caused a lot of confusion and sometimes resulted in people not being able to receive the food they needed. I hope that by working on this project I will be able to prevent another organization from experiencing this problem, and allow everyone who needs food to get it.

My third choice is Bread and Roses because it's clear from the number of meals served and supplies given that they have been making a big impact on the community, so I hope that by working with them, they will be able to expand even further. The scheduling web-app is also similar to the project I worked on in high school, so I hope I can improve on what I did before with this project.

My fourth choice is West Medford Community Center because we used a similar web-app to upload and store issues while I worked on my school's newspaper, and while I thought it was really cool, I was never able to figure out how it was created. By working on this project I would be able to make something similar, which would be cool. The newspaper was also an important way I was able to connect with other people and be aware of what was happening at my school, so I would like to facilitate the creation of that in a different community through this project.",,,
9/20/2024 23:22:31,Rachel Snyder,,She/Her,rachel.snyder@tufts.edu,2027,Yes,"The most important reason I want to join JumboCode is that I feel genuinely passionate about the mission and personally excited about the work required to carry out that mission. I want to use CS, something I am lucky enough to be trained to do, for the purpose of helping people or bettering their lives in some way. Having a good website is so important to making a business or project look professional. If users get the wrong message, are confused about what services are offered, or whether they are the right fit for those services, the organization loses credibility and, in some cases, the ability to help all the people they could have.

Additionally, I learned the core concepts of some web development frameworks/technologies during my summer internship and I was inspired to get more involved with projects that push me out of the “college-class coding bubble” and into working with more real-world tools.

I am also interested in getting more involved with the Medford/Somerville/Boston community. I am not from the area and I think this would be a great opportunity to become more engaged in the community here.","My most recent experience working with non-profits/doing mission-driven work was this summer, working as a TA at a full-stack software development bootcamp that teaches veterans transitioning out of the military to code. Additionally, I am volunteering as the outreach chair for the Tufts Women in Tech conference because I am passionate about cultivating more diversity within the tech field. I am also a TA for CS10 at Tufts where I care a lot about making people feel confident and excited about coding. 

I have done other non-tech related work in the past such as coordinating a school supply drive, volunteering with an organization that houses and prepares meals for families experiencing homelessness, and tutoring kids who didn’t have access to academic support in an underserved area of Chicago.",Yes,Yes,If I were to get this role it would be a priority for me so I could make changes to some things if needed. I don’t have class until 3:00pm on Mondays and Wednesdays so I have large blocks of time then. I’m also available most evenings and almost any time on Saturday and Sunday.,"CS 11: Intro to Computer Science, CS 15: Data Structures","C/C++, HTML/CSS, JavaScript/TypeScript, React, Git/GitHub, SQL, Python, Django, PostgreSQL, Flask, Vite, Tailwind, Bootstrap","I’ve always been interested in technology, but I started coding in middle school with things like “Hour of Code” etc. In 8th grade (and then 9th/10th) I took a coding class and have been hooked since!","Two summers ago, I worked as a barista at a local cafe and saw firsthand the kind of problems that having a bad website could cause. People came in confused about an outdated menu and an obsolete online ordering system. I offered to remake the website for them and help them transition to Squarespace. I worked on the project for about a month, photographing the space, composing the layout, and writing/editing copy. I also got the experience of working with the cafe owner to create a website that best met her objectives and could help her business grow.

One of the challenges I faced was working with the cafe managers who were often slow to provide me the info I needed to move forward (new menu, rental info, etc.). This was frustrating at times but I was able to work with them to make sure I ended up getting all the info I needed to make their website as good as possible. I’m proud of the work I did for them and that it has made a noticeable impact on the business.

Here is the link to the Squarespace: https://www.tagscafeevanston.com/",,7,9,12,3,8,2,4,1,6,5,10,11,"All of the projects look wonderful and I would feel motivated and excited to work on any of them. 

I would especially love to be part of the LCS tutoring project. One of the reasons I was drawn to this project was because I think it could benefit substantially from having a clear and professional online presence/registration process. With something like LCS tutoring, it’s so important for potential clients (likely the parents of potential tutees) to feel comfortable and confident that their kids would be involved with something safe and well-managed. A new, professional matching system would be a great way to strengthen trust in the organization. 

I am also compelled by the mission of pairing college students with local children. It’s a mutually beneficial relationship where kids who may not otherwise get academic support, are able to get the help of older, more experienced students while the tutors get the opportunity to hone their leadership and communication skills. 

Additionally, the new system would take pressure off those who had to manually manage matching in the past, opening up opportunities for those people to help the community in new ways and allowing the organization to operate at a greater scale.",No,I would be really excited to be a part of JumboCode!!,No
9/20/2024 23:23:19,Kai Kaplinsky ,,He/him,kai.kaplinsky@tufts.edu,2028,Prefer not to answer,"I'm really into coding, and I’ve made a lot of apps already. I want to join JumboCode to learn different programming languages and to find people I can work with on building more apps. Collaborating with others is something I’m excited about, and I feel like this club would be a great place to grow as a developer while working on impactful projects.","I’ve volunteered for steelhead trout conservation and worked with homeless people, giving back to the community through these causes. I'm eager to keep contributing to meaningful projects.",Yes,Yes,I would be more than happy to meet every week. ,CS 11: Intro to Computer Science,"HTML/CSS, JavaScript/TypeScript, Python",I tried making an AI fine tuned on tufts website so that people wouldn’t have to look through the site to find info. ,"I’m currently working on a project with vets to tackle the issue of obesity in dogs, as 69% of dogs are obese, and even being 10% overweight can lead to arthritis. I’m developing an app that helps vets create personalized meal plans for obese dogs and track their weight loss. The app includes profiles for each dog and integrates AI to assist with meal planning. One challenge I faced was ensuring the app could adapt to the individual needs of each dog.",,5,1,10,2,6,8,12,9,4,11,7,3,"I want to work on this project because I’ve seen firsthand the importance of food access through my volunteering experience at the Boys and Girls Club, where I helped provide food. I’m passionate about using technology to help nonprofits streamline their efforts, and this project would allow me to contribute to a cause that promotes food equity and sustainability, both of which are crucial for building stronger communities.",,,
9/20/2024 23:23:42,Sophia Yung,,she/her,Sophia.Yung@tufts.edu,2027,Prefer not to answer," It’s the coolest Tufts organization! I want in. Real project-based service and real experience makes for the realest of team-building experiences. How many other clubs offer those three things? Genuinely, the small teams aspect is a strong part of the appeal. I hope to contribute to a team, learn, and hopefully make a difference. (Maybe even lead my own project someday) (ignore the imperfect grammar… I promise my syntax is always perfect).", I volunteered as a math tutor for our public school district every week throughout highschool and helped out at the local domestic violence women’s shelter watching kids while their mothers attended counseling sessions. I ran a camp that partnered with a non-profit supplemental literacy organization to diversify their summer school offerings creating/teaching a robotics curriculum.,Yes,Yes," Mondays and Wednesdays, weekends, Friday afternoons, Tuesday/Thursdays after 7","CS 11: Intro to Computer Science, CS 15: Data Structures","C/C++, JavaScript/TypeScript, Git/GitHub, Python", Scratch and robotics in middle school became python and java classes in high school. Some Bitcoin stuff. Now I'm in 40 - CS is my life now!," I started the robotics team at my high school! It became a known and established team in the community, and they’re still running to this day. We ended up with around 30 members and brought home a couple trophies. But the best part was the community. Lasting friendships forged through hacking out a project (wink wink). We even put on that summer camp to try and share what we love.",,4,11,8,1,6,2,3,12,9,7,10,5,"I am looking to make an impact on my community. I picked Boston-serving projects to affect change in my small corner of the world. As for my rankings, I love history, my parents are attorneys so I take interest in our justice system, and queer community-building is an important issue!",,,"Igniting Change through Compassion (22-23). I’m ashamed to say that I didn’t see this project through. I struggled with serious health issues which made it difficult to make it through my schooling. I just took a gap year to resolve those issues. JCode was a highlight of my freshman fall, and I have looked forward to rejoining ever since. I only reapply because I am ready to commit."
9/20/2024 23:28:35,Kerem Deniz Ozturk,,he series,kerem.ozturk@tufts.edu,2028,Yes,"I learnt coding by myself and have done several projects by my own. However, I really want to experience the power of collaboration in more comprehensive projects. I'd like to understand the process of developing a project with a team and actually get hands on experience. As I want to become a software developer, I hope to gain the necessary collaboration, teamwork, and organizational skills. 
Apart from that, even though I solve problems from Hackerrank or Leetcode, I hadn't had the chance to apply my knowledge on programming to real world. I'd like to actually contribute to the world with my code. Also, seeing how ideas and projects are applied to the real world will enlighten my own creativity to later come up with my own/collaborative projects.
Lastly, I want to be. part of a community where I form lasting friendships and where we all learn from each other.","In high school, my friends and I renewed a classroom for children with special needs. We identified the needs, contacted some sponsors, raised the necessary funds and did the work.
Apart from that, I worked as a coding teacher for a year in a school and taught the basics of programming to 7-8 years old through Scratch and Minecraft (through redstone circuits).
I also taught programming to a group of girls that were underrepresented in STEM fields in my high school. It was a week long seminar where I taught the basics of C and helped them create some simple projects.",Yes,Yes,"any time that is in weekends, except for 12-2 pm on Sundays

Wednesdays after 3 pm",none,"C/C++, Python",I decided to prepare for the national olympiad for computer science. I had a huge textbook where I learned the syntax of C and learned some basic algorithms. My first introduction was therefore solving coding problems that tested math skills mostly.,"I tried to replicate the video game PacMan in python using the library pygame. I plan to create my own games in the future so this project was the first step I took in that field. Also, through PacMan project, I realized the necessity of collaboration as I saw the independent areas of game developing such as sprite rendering, backend development and the actual user interface of the game. Even though doing all by myself was challenging enough, I was fascinated by the process of how lines of code transformed into a real-life game. The prominent challenge I faced was moving the ghosts so that it followed the pacman. I couldn't come up with an algorithm to make the ghosts follow the pacman, while still being in the boundaries of the game. At the end, I tweak the game to be a 2-player game, where the ghost was controlled by another user on the keyboard and chased pacman manually.",,12,3,1,4,11,9,10,2,5,6,7,8,I don't have any strict preferences. I ranked the choices purely based on interest. I'm willing to work on any project that  I'm assigned.,,,"No, I'm a freshman"
9/20/2024 23:28:43,Kira Furton-Sparks,,She/her,kfurto01@tufts.edu,2028,Yes,"I would like to join a community of people who share an interest in coding that I can grow with to become a better person. I don’t have a lot of experience coding with other people due to my high school not having any classes or clubs related to it, so I’m really excited for the opportunity to collaborate with others. ","I have 100+ hours volunteering in the Emergency and operating room at my local hospital (Cape Canaveral health first), 100+ hours tutoring high school math and science as a volunteer at my high school, and 50+ hours setting up local running races as fundraisers for my high school. ",Yes,Yes,"I’m free all Saturday and Sunday, as well as evenings after 4 pm Monday, Tuesday, and Wednesday. ",,"C/C++, Python",My junior year of high school I followed YouTube tutorials to make a biology project and I have just been self teaching/using free online resources since then.,"For my friend I made an interactive birthday ‘card’ (more of a game) in python that was a “choose your own adventure.” It was one of my first projects so I wasn’t very familiar with coding yet, but it was a really good introduction to loops and logic for me and it really made me happy to work on something for someone I cared for. It was the first project that I worked on that was over 100 lines and it took me about a week, but I afterwards I felt like I was actually able to code.",,5,8,4,12,6,11,2,1,10,9,7,3,I’m really interested in working on a project that will help the local community. The LCS Tutoring project really resonates with my past tutoring experience and makes the impact I want.,,,No
9/20/2024 23:33:29,Mustafa Alp Hosgor,,He/Him/His,mustafa.hosgor@tufts.edu,2028,Yes,"Because I am majoring in Econ and I also have an interest in CS(I learned python this summer). I want to learn about the Java language in a more comprehensive way to use it in the future. Apart from that I have a possibility to switch engineering, so, if it happens, it will be advantageous to learn about coding in general.","I am pretty experienced for working voluntarily, I once raised a campaign for the children who weren't able to pay their school fee and swam in the Bosphorus Cross Continental Swimming Race to swim for a charity. I collected 4 tuition fees to help the children.  ",Yes,Yes,Fridays any time in between 6-9pm and weekends any time except for Saturdays 8 am-12 pm,"I am freshman and I am taking Econ5, Calc1, Eng3, and ENT13",Python,"I was interested in coding so I learned a little bit C sharp in the freshman year of the high school. Also, I learned python in this summer from an app.",We did a math project in high school for the topic probability and I did the basic coding for the condition of 4 dices thrown away simultaneously. It was an amazing experience to acquire in the high school. Since then my interest to coding grew more and more.,,11,1,2,4,6,9,12,3,7,10,5,8,I am ready to work on any project. I don't have a strict preference.,,,No
9/20/2024 23:37:32,Sara AbuHamra,,She/her,Sara.abuhamra@tufts.edu,2027,Yes,"My main source of motivation is inspiration, and the idea of working on projects that provide technical solutions while supporting long term structural changes for nonprofits is truly inspiring to me. I appreciate JumboCode’s focus on redistributing resources and knowledge from the Tufts community to benefit organizations that work to improve social and civic conditions.
By joining JumboCode, I hope to gain a deeper understanding of how technology can be applied in real-world situations to create meaningful and sustainable change. I am eager to learn how to balance the technical complexity of projects with the unique needs of nonprofits, ensuring that the solutions we create are scalable and practical for them to maintain. Collaborating with a group of peers that possess a similar enthusiasm for community focused innovation fascinates me because I think that diverse teams that work together produce better, more innovative solutions.
Additionally, I see this as an opportunity to improve my problem solving skills in real world contexts and to grow into a developer who writes code and designs systems that have lasting, positive effects on society. The prospect of contributing to the creation of technology that empowers organizations to expand their impact aligns perfectly with my aspirations to work at the intersection of technology and social good in the future.
","- Intern at a non-profit healthcare solutions company in Jordan: Worked on electronic healthcare solutions for nationwide services, contributing to QA, integration, pharmaceutical, and help desk departments.
- President of the Jordan Model Parliament Conference forum: Led external affairs and promoted civic engagement, specifically the Jordanian National Commission for Women forum.
- Co-founder of a dance club and leader of a medical club: Engaged the student body in health-related and cultural activities.
- Event Coordinator, Tufts Arab Student Association: Organize and lead cultural awareness events, including Dabkeh workshops.
- sTAAR Arabic Tutor: Provide ongoing language support as an on-call tutor.
- Tufts Pedagogical Partnership Program: Collaborate with faculty to enhance educational practices.
- Dabkeh Instructor (at Tufts): Lead and instruct Dabkeh workshops, fostering cultural engagement.
Volunteer counselor at a summer camp for several years: Helped guide and mentor young campers.",Yes,Yes,"Tuesday: 1:30pm - 5pm
Wednesday: 10am - 2:30pm
Thursday: 1:30pm - 4pm
Friday: 11am - 4pm","CS 11: Intro to Computer Science, CS 15: Data Structures","C/C++, JavaScript/TypeScript, Some Java as I am in cs86","I was first introduced to computer science during my senior year of high school when I took AP Computer Science Principles. Initially, I chose the class because it seemed like an easy AP option, but I quickly realized how much I enjoyed coding. It challenged my problem-solving skills, required creative thinking, and gave me a sense of accomplishment as I worked through different projects.","One project I’m particularly proud of is Gerp, a program designed to search through files and find patterns based on regular expressions, similar to a simplified version of the Unix grep tool. It was my first experience with paired peer programming, and that dynamic introduced a new set of challenges. Collaborating effectively with my partner meant learning to balance our approaches and communicate frequently to solve problems efficiently.
The technical aspect that was particularly challenging was implementing hash tables. I understood them conceptually, but applying them to manage large sets of data with optimal time complexity was more difficult than anticipated. The need to manage memory efficiently and write a solution that would handle real world, large datasets without significant performance drops became a central focus. Debugging, testing edge cases, and ensuring the program’s accuracy were also challenging but rewarding.
We built the program through consistent iteration—testing small parts of the system, refining how the hash table interacted with the rest of the program, and working to ensure it would work accurately and handle different types of regular expressions and file sizes. This project helped improve my skills in working with data structures, optimizing for performance, and working collaboratively to solve complex coding problems.
",,9,1,10,7,3,8,12,5,4,6,2,11,"1. Village Food Hub: I chose this project because it directly addresses the issue of food insecurity, something I care deeply about. Having volunteered at food banks in the past, I understand the challenges of efficiently managing resources and ensuring those in need get timely help. Building a system that tracks pantry inventory and records volunteer and recipient demographics is a meaningful way to give back to a community, ensuring resources are used effectively.

2. A2Empowerment: Empowering women through education is a cause I strongly identify with, having seen first hand the transformative power of education in underserved communities. The idea of creating a streamlined system for managing scholarships and feedback from mentors aligns with my desire to contribute to a project that directly impacts young women’s futures, helping them overcome obstacles to access education and opportunities.

3. Dillar Academy: As someone passionate about education and its role in bridging disparities, I am personally invested in the mission of Dillar Academy. Helping Uyghurs gain access to English education resonates with me because I’ve seen how language barriers can limit opportunities. By building a custom portal to manage class enrolments, this project gives me the chance to contribute to something that has a global impact, providing essential tools for underserved communities to grow and thrive.",,,No
9/20/2024 23:40:00,Nelson Huang,,he/him,nelson.huang@tufts.edu,2028,No,"I am excited about the opportunity to join JumboCode, as it perfectly combines my passion for technology with my desire to make a positive impact on the community. The initiative to develop pro-bono web and mobile applications for nonprofit organizations really appeals to me, as I believe technology should be used to help others. Collaborating with like-minded peers on meaningful projects, especially those that support educational and community organizations, truly inspires me.

Through my previous projects, such as developing predictive models for air pollution dispersion and estimating electrical power requirements for AI adoption, I've realized how fulfilling it is to apply technical skills to real-world challenges. Joining JumboCode will not only allow me to continue enhancing my programming abilities in Python and Java but also give me the chance to explore new technologies like MongoDB and FastAPI, which I’m eager to learn more about.

Additionally, the collaborative atmosphere at JumboCode excites me. Working in teams that include project managers, tech leads, designers, and developers offers a dynamic environment where I can grow both technically and personally. This setting aligns perfectly with my past experiences leading teams in the International Young Physicist Tournament and the New Zealand Physics Olympiad, where I learned the importance of teamwork and clear communication.

By becoming a part of JumboCode, I hope to improve my ability to turn technical concepts into practical solutions that genuinely help people. I look forward to growing as both a team player and a leader, learning from others, and contributing my skills to meaningful projects. I believe this experience will be invaluable for my future in computer engineering and will give me a richer understanding of how technology can support and empower nonprofit initiatives.
","My involvement in volunteering and community engagement has been both diverse and fulfilling. At my high school back in New Zealand, I served as a prefect, leading the Environmental and Wellness Committees. I organized events such as Pride Month, International Women’s Day, and Waste-Free Lunch Week to foster inclusivity, raise environmental awareness, and support student well-being. As President of the Rotary Interact Club, I expanded our community reach by organizing collaborative events that encouraged civic engagement and strengthened our connection with local organizations.

I also took on a leadership role in Physics Pathfinders, a student-run group focused on providing physics and engineering workshops for young New Zealanders due to the lacking educational system. As an organizer and speaker, I coordinated over 19 workshops attended by more than 460 students, supported by a dedicated team of over 40 volunteers. This initiative aimed to make STEM education more accessible and engaging for students across the country.

Additionally, as Head Student Librarian, I launched a reading program to promote student engagement in literature, furthering my commitment to education and community enrichment. These experiences have deepened my belief in the transformative power of community-driven initiatives and the positive impact that dedicated volunteer work can have on society.
",Yes,Yes,I am free anytime in the weekends but not as free in the evenings for weekdays.,Cambridge A-Level Computer Science,"JavaScript/TypeScript, Git/GitHub, Python",I was introduced to coding from my dad when I was 7 and I’ve been coding since.,"I'd like to share a project I worked on during my high school years in New Zealand. I was involved with Physics Pathfinders, a student-run organization we started to make STEM education more accessible and enjoyable for young people.

The project began when some friends and I noticed that many younger students, especially those from underrepresented communities, lacked engaging STEM resources. We decided to create free workshops that combined theoretical concepts with hands-on experiments.

As a key organizer and speaker, I coordinated various aspects of the project—developing content, managing logistics, and reaching out to schools and community centers. We created interactive modules using everyday materials to explain principles like Newton’s laws and basic electronics. I remember how excited students were when they built simple circuits or understood a physics concept for the first time.

One of the challenges was tailoring the workshops to suit different age groups and levels of understanding. We adapted our teaching methods based on feedback to make the content both informative and engaging. This involved simplifying explanations, using visual aids, and adding hands-on activities that interested the students.

Seeing the students understand and enjoy the material was very rewarding. It reinforced my belief in the importance of education and using our skills to help others.

This project strengthened my communication and leadership abilities. It showed me how passion and teamwork can create positive change. Being part of Physics Pathfinders was a valuable experience, and it deepened my commitment to making a positive impact in my community through STEM education.",,4,3,5,7,9,1,12,2,11,10,8,6,"I am passionate about volunteering on projects where I can make a meaningful difference. I want to dedicate my time and skills to help organizations streamline their operations and enhance their services, ultimately creating a positive impact on society. I'm especially drawn to initiatives that tackle social challenges through innovative solutions, as I believe technology and efficient systems can greatly benefit the communities we serve. My goal is to support causes that promote equity and accessibility, and I'm eager to contribute my expertise to advance these important efforts.",,,
9/20/2024 23:45:43,Madison Johnson,,she/her,madison.johnson@tufts.edu,2026,Yes,"I’m really excited about joining JumboCode and I was very inspired by all of the awesome presentations at the GIM. All the projects are working towards great causes, and I would love the opportunity to be a part of making changes in the world, no matter how big or small. All the project leads seemed knowledgeable and experienced, and learning from them would be a great way for me to learn and grow as a programmer while also gaining experience working in a team environment. I really value working in team environments because everyone has a different skill set that they are bringing to the table.  I also loved that all the project leads were excited about creating a team bond because I would love to get to know my team on a deeper level and hopefully come out of the project with new friends. This is a great opportunity to get to know other people that share similar interests and passions as me.","I have always liked working with kids, and during the pandemic I started a beginner coding class for kids, which I held outside in my backyard. I made the class free to attend because I wanted it to be accessible to anyone who was interested. Teaching this class was really rewarding, and I loved getting to introduce so many young kids to coding and seeing how inspired it made them. They were so creative and passionate about the games they made, and I hope that some of them will continue their coding journey in the future. Also, I was a leader for the Tufts CREATE pre-orientation program last summer. I had a group of first-years that I was in charge of, and it was a really unique experience getting to welcome them to Tufts. Some of them were pretty nervous and closed off in the beginning, but I made sure to create a safe and welcoming environment where they could feel comfortable talking to me about how they were feeling. I learned a lot from this experience about leadership and working in groups.",Yes,Yes,"Monday/Wednesday before 3 or after 6, Tuesday/Thursday after 6, Friday any time, weekends generally pretty open","CS 11: Intro to Computer Science, CS 15: Data Structures, CS 20: Web Programming, CS 40: Machine Structures and Programming, CS 105: Programming Languages","C/C++, HTML/CSS, JavaScript/TypeScript, Swift, Git/GitHub, SQL, Python","My first introduction to computer science was through an app called Hopscotch, which is similar to Scratch but it’s an iOS app. I was around 9 years old when I was scrolling through the app store and thought that it seemed interesting, so I downloaded it. I had no idea that this app would be the reason that I realized I wanted to study computer science. The first time I got an object to move across the screen I was so excited, and the possibilities for what I could make seemed endless. The idea that I could turn anything from my imagination into a real game/project was so inspiring. I was instantly hooked on this app and I continued making games with Hopscotch for years. Hopscotch taught me how to think both logically and creatively, and it showed me the endless possibilities that computer science has to offer. ","This summer, I worked on creating a Python program for a professor at Tufts. The goal of the project was to create an interface for an existing semi-working Python program that analyzes data from an input file to predict what areas certain bird species will be present. This project really excited me because I have an interest in ecology and I have always loved bird-watching. I faced some challenges with this project because I had never worked with Python GUIs before, so I did a lot of research before getting started. I watched some YouTube videos, read documentation, and created simple test projects until I felt like I had a good grasp on how Python GUIs work. Another challenge was interpreting the original project script, because it had a lot of complex math-heavy functions. I worked through it slowly, reading the documentation and the given pseudocode, and adding print statements throughout to help myself understand what was going on. I’m proud of the end result because I was able to create a user-friendly, intuitive interface design. I love graphic design and UX/UI, so this project was a great opportunity for me to practice those skills. ",,8,7,12,3,11,2,4,9,6,5,1,10,"I'm really inspired by all of these projects, and love that they all have such an impact on their respective communities, especially the projects that are helping people in disadvantages situations. Women empowerment and access to education are important to me -- I was part of Girls Who Code in high school, where we taught coding to young girls. A2Empowerment would be my top pick. My other 3 top picks would be New England Innocence Project, Somerville Museum, and LGBTQ Senior Housing because I love the missions that they are accomplishing. Although I would love to be a part of any project!!",,My favorite CS joke is... (get ready for it): why don’t CS majors like nature? (drumroll please) it has too many bugs!!!,No
9/20/2024 23:45:49,Seth Gellman,,he/him,seth.gellman@tufts.edu,2026,No,"I honestly think coding is super fun. I hope I can meet other people who enjoy it as much as me, and we can work together on projects for some really cool causes!","Back home, I frequently volunteered at a medical office scanning records and working with their database. At tufts, I was on the Quiz Bowl e-board last year as the Communications director, and I try to find random volunteering events to do frequently (such as helping with varying department and Proctor events, for example).",Yes,Yes,"All late afternoons/nights except Monday would work well, and I would have a lot of free time during the day on Mondays and Wednesdays as well to meet. Weekends I could probably do almost any time.","CS 11: Intro to Computer Science, CS 15: Data Structures",C/C++,CS11,"I'm probably most proud of the first personal project I worked on, which was a database containing various information about different tennis players. I'm a pretty big tennis fan, so it was a fun project to get an initial feel for different parts of programs that I didn't experience outside of cs classes. I learned how to do a lot of error checking and data validation to ensure that everything I imported from the official websites came across correctly and was in a readable format.

For the actual project, I got some hands on experience with C++ and data structures in general. For getting the information, I tried some various web scraping techniques, but I got most of the information by manually inputted information into a file to read in from. I used a hash table to both insert and search for players with the key being the player or tournament name, depending on the information I wanted. I used a different class as a value for things like their height, weight, whether they used a one or two handed backhand, etc, and a second hash table for tracking their head to head matchups against other players. I kept track of their matches and head to heads against opposing players, and other information like their ranking or prize money earned. I kept some other information like the tournaments played in a simple vector in order of when in the calendar year they are played. I faced a lot of challenges related to data validation and updating it with more recent information, but I'm mainly happy because it was a great experience to really get a better understanding of different ways to do the same thing and parsing through a lot of data. I had a lot of trouble figuring out how to store the information outside the running program, so I had to export it to various files and try to read it in again to see what could work.

It was honestly a super fun experience to just learn coding outside of a structured environment with no stakes and at my own pace, especially about something I am really interested in. It was also probably the first project that I really planned out and debugged alone outside of class homeworks, so that was another cool part of it for me personally.",,8,7,10,5,9,2,11,3,4,6,12,1,"As somebody who is very interested in law and legal studies as well, the Tufts general counsel and New England Innocence project sound particularly compelling to me. Honestly, they all sound cool though!",,,No
9/20/2024 23:49:21,Aryaa Modi,,she/her,aryaa.modi@tufts.edu,2027,Yes,"JumboCode is one of the clubs I was most excited about at the club fair! It is inspiring to know that the work done by the club throughout the year goes to supporting local organizations who are working hard to create change in their communities. JumboCode provides a real world application to the concepts I learn about in my classes, and knowing that I am both making a positive impact on my community while strengthening my coding skills makes it an invaluable experience. The club provides hands-on experience with new technologies that would transform and elevate my programming abilities while encouraging personal growth by introducing me to new people. I hope to simultaneously gain more technical skills and long lasting friendships.","My friends and I created a volunteer tutoring group for younger students in our community during COVID. We knew that younger students may be having a harder time adjusting to the drastic shift of having school in-person to transitioning to a completely remote setup. We would each dedicate a couple of hours a week to helping students who signed up with their homework and any challenging concepts they learned in class. In high school, I volunteered my time to raise money for cancer research by canning and running fundraisers for Relay for Life. More recently, I worked with the senior coordinator in my town to run monthly tech classes for senior citizens in my community where they can get help on any technological issues they may be facing. On campus, this will be my second semester as a TA for CS11!",Yes,Yes,"Aside from 12-1:15 on Fridays, and 3-4:15 on Sundays, my weekends are pretty flexible. During the week, I am free on Tuesdays from 1:30 - 5:30 and Thursdays from 1:30 - 5:30. I would also be able to meet past 8:30 on Thursdays.","CS 11: Intro to Computer Science, CS 15: Data Structures, CS 20: Web Programming","C/C++, HTML/CSS, JavaScript/TypeScript","My first introduction to computer science was in the 11th grade where we learned the basics of programming with a javascript open-source library called p5.js. I distinctly remember how much fun I had working on our final project, a multi-stage video game. I had decided to create an obstacle course that the user, playing as a goofy ninja, has to traverse through. I myself faced a lot of challenges in making this game but it was so fulfilling to see it through to the end and be able to play with the final product. This class helped me gain more confidence in my programming skills and was the first rolling stone in showing me the fun aspects of computer science.","     A project that I am proud of is my final project for CS20. We were tasked with creating a web app that served a useful purpose. We decided to create a project that consolidates a wide variety of recipes. Users could filter through these recipes based on their nutritional values and look through the ingredients they required. I am always on the hunt for a good recipe, so this project was really fun to do! To ensure that everyone was on the same page about the layout, I started by creating a rough sketch of how we wanted our website to look, which we then transferred to Figma. 
     We made a lot of progress using HTML/CSS and Javascript to lay out the initial structure of our website along with completing the static pages. At this point, the challenges started to appear. We were having a lot of trouble implementing our API into our website. This required us to deep dive into the API’s documentation and review lots of stack overflow posts. After significant troubleshooting, we were able to use JQuery and Javascript to get it to work. The next big challenge we faced was using Node.js to set up a user authentication system. We used MongoDB to get a user’s login credentials but there was some trouble with distinguishing between someone who may have subscribed to our service and someone who had not. In the end, we ended up simplifying the distinction between the two and were able to finish our project. I am proud of how our website turned out and it was really fascinating to be able to see how far we came from the rough sketch I had initially made on the back of my recitation worksheet.",,11,4,3,7,1,10,9,6,2,5,8,12,"     Education and its accessibility is an issue that is very important to me. Having tutored for several years and recently taken on a role as a TA, I find great joy in helping students grasp concepts they once found challenging. This is why I selected the Dillar Academy Project and the English at Large Project as my top preferences. Additionally, I think contributing to a team as #womeninstem would be both fun and inspiring.
     I am also interested in the Village Hub Project and the Bread and Roses Project, as I admire their efforts in combating food insecurity. As a Girl Scout, I distinctly remember working hard to collect food donations for the homeless during the holidays. It is incredible how Bread and Roses does this year round while fostering connections with those it serves, uplifting their spirits in the process. I would be truly grateful to be given the opportunity to support organizations like these that are dedicated to helping others.",,,I have not been a part of JumboCode before.
9/20/2024 23:50:16,Sela Alonso,,she/her,sela.alonso@tufts.edu,2028,Yes,"I’m interested in joining because I am passionate about computer science and would love to use that to help local nonprofit organizations. This club would help me learn more about how the software development process works, as well as give me experience working with a team and using software designed for web development. I would love to have the opportunity to learn these skills while working on a project that I know will genuinely make a difference! After attending the GIM, I also felt that the club had a supportive and welcoming atmosphere that I appreciated and would love to be a part of. ","I’ve had the chance to work with a few local organizations throughout high school. I volunteered for Bridges Baltimore’s after school program, where I got to mentor and tutor elementary schoolers from Title I schools for a semester. At the Baltimore Hunger Project, I helped pack meals to be distributed to students in Baltimore city to take home for the weekend. I also worked with the Violet Project, where I helped make packs of menstrual hygiene products for those in need throughout the city. More recently, I picked FOCUS for my pre-orientation program, so I got to volunteer at Community Servings and Bread of Life (organizations that aim to support those experiencing food insecurity). ",Yes,Yes,"Monday before 1:15pm and after 7pm; Tuesday after 4:30pm; Wednesday 12-1:15pm and after 5:30pm; Thursday 4:30-5:45pm and after 7:30pm, Friday anytime except 4-5pm; completely free on the weekends ",,"Swift, Git/GitHub, Python, Java, AWS ",An intro to cs course in my freshman year of high school,"In the summer of 2023, I interned at NASA, where I got to work on their Surface Water and Ocean Topography (SWOT) mission. I worked with two mentors on a tool that makes it easier for scientists to create subsets of datasets collected by the SWOT satellite. I built a function in AWS Lambda (in Python) that prompts the user for the information they want included in the subset and the date that the original dataset was collected; my function then locates the correct dataset (in an AWS S3 Bucket), creates a subset, and puts the subset in a separate S3 bucket. I faced a few technical challenges while working on the project. I had issues with uploading libraries to the lambda function as a layer because the layer did not have enough storage, so I had to recreate the same functionality without using certain libraries. ",,6,4,7,3,5,11,12,10,1,8,2,9,It was very difficult for me to rank all the choices since all of the projects sound like a lot of fun! I had a lot of trouble deciding between English At Large and A2Empowerment because I’m really interested in the work both organizations do. I’d be especially excited to get involved with either of these projects! ,,,
9/20/2024 23:53:26,Lisa Dang,,She/Her,lisa.dang@tufts.edu,2026,Yes,"Having been part of JumboCode last year, I experienced firsthand the incredible community of developers and collaborators who share a passion for both technology and positive social impact. My time on the team not only allowed me to improve my technical skills but also introduced me to a group of individuals who were as dedicated, funny, and unique as they were talented. I vividly remember a bonding event where we played Catan—what made it so memorable wasn't just the game itself but how playing with fellow computer science majors turned it into a strategic, probability-based challenge. Experiences like these, both in and out of development, deepened my connection to my teammates and reinforced my belief that collaborative work can be both productive and immensely fun.

JumboCode has shown me how powerful technology can be when applied thoughtfully to meet the needs of local organizations. Last year, I saw how our efforts had a tangible impact, and that gave me a sense of fulfillment that goes beyond personal skill development. This year, I’m excited to build upon the skills I developed while continuing to collaborate with my peers and community partners.

What drives me to reapply is the unique combination of honing technical skills and creating long-lasting, positive changes for local nonprofits. I’m eager to continue contributing to projects that can create systemic improvements for these organizations, while also deepening my communication and technical skills. JumboCode offers a rare opportunity to be part of something bigger than myself, working on meaningful solutions alongside people who share my passion for using technology as a force for good.","In high school, I served on the cabinet for the Community Service Club, where I was able to actively participate in various community engagement initiatives. One of our most significant events was the annual Hunger Banquet, where we not only raised awareness about world hunger but also fundraised for a local organization dedicated to combating poverty and hunger in the Bronx. This event was especially meaningful for me because growing up in the Bronx exposed me to these issues from a young age. I witnessed firsthand how limited access to resources could profoundly impact people's lives. I think this early exposure is one of the main reasons I have always had a strong desire for social justice. In addition to my involvement with the Hunger Banquet, I dedicated my Sundays during high school to volunteering at a soup kitchen. This soup kitchen served food and provided clothes for people in need, including the homeless, elderly, and disabled communities. Despite the early hours and long commute, I really enjoyed giving back to my community while also forming connections with others who shared a similar passion for helping those in need. Moreover, this experience allowed me to interact with members of the communities we served, enabling me to hear their unique stories and gain a deeper understanding of their challenges. My commitment to giving back to my community has not only been fulfilling but also enjoyable. Therefore, I am confident that working as a part of JumboCode will be an even more rewarding experience. With JumboCode, I would have the opportunity to apply my coding skills to make a meaningful impact on my community, merging my two passions into a singular purpose.",Yes,Yes,"Sunday: 12pm - 4pm, 5pm - 8pm
Monday: 3pm - 8pm
Tuesday: 6pm - 8pm
Wednesday: 3pm - 8pm
Thursday: 3pm - 6pm 
Friday: 12pm - 2pm
Saturday: 12pm - 6pm","CS 11: Intro to Computer Science, CS 15: Data Structures, CS 40: Machine Structures and Programming, CS 160: Algorithms","C/C++, HTML/CSS, JavaScript/TypeScript, React, Git/GitHub, Python","My first introduction to computer science was during my sophomore year of high school when I joined Girls Who Code. It was within this club that I wrote my very first lines of code. Leading Girls Who Code during my senior year was particularly meaningful to me because it allowed me to be the one introducing other girls to the world of coding. This experience offered me the chance to empower fellow girls with the knowledge and skills necessary to excel in the field of computer science. Witnessing their progress felt especially rewarding, as I knew I was equipping them with the tools to solve problems and make a positive impact on the world through technology. Additionally, knowing that I was encouraging more girls to pursue computer science made me feel like I was contributing to closing the gender gap in technology. One of the most enjoyable aspects of Girls Who Code was the supportive atmosphere it provided. As the president of the club, I had the privilege of helping foster a close-knit community where girls could connect, share their ideas, and learn from one another. I am excited about working with JumboCode because I am truly passionate about computer science, and I look forward to collaborating with individuals who share the same enthusiasm. Furthermore, JumboCode gives a unique opportunity to be part of a collaborative and supportive team that genuinely cares about my success and growth as a developer.","In high school, I participated in an AI Ethics Lab, during which I learned how to identify and solve ethical issues in artificial intelligence. During this program, my cohort and I prototyped a social media app that I modeled after Instagram but with the intention for it to be more ethical. One way I did this was by making the app’s privacy policy more transparent to the consumer. I’ve always known that I wanted a career in technology, however, I’m also passionate about social justice. I care about improving the lives of others and having a positive impact on society. Before the CreAItivity AI Ethics Lab, I assumed that I had to pick between STEM and social justice. Through the AI Ethics Lab, I explored both of my interests without sacrificing one or the other, which is why I was so excited about this project. My cohort and I worked together on the project, dividing the project into different parts and having pairs tackle their respective components. We drew up a schedule to stay on track and checked in on each other. One challenge I faced was when one of my cohort members stopped showing up to meetings. We tried to contact her to see what was going on, but we were left with no response. The cohort member she was meant to work with now had twice as much work, so we redivided what was left of the project so everyone could contribute equally. Each of the cohorts in the program had the task of tackling a problem in AI Ethics and providing their own solution. No one in my group knew each other before the program, but by the end of it we had all grown really close and we won first place! It was truly fulfilling to see how my cohort grew as a group. The way we collaborated together and supported one another made a huge difference in our success. Through my experience with the AI Ethics Lab, I was able to explore the field I love while creating lasting memories and forging new friendships. What excites me about working with JumboCode is knowing how rewarding it is to collaborate with others toward a common goal. Witnessing a project evolve from an idea to a finished product, all the while observing the personal and collective growth of your team members, is especially gratifying.",,1,4,11,12,3,7,5,10,9,2,8,6,"I am drawn to the West Medford Community Center project because it provides an opportunity to directly support an organization whose mission aligns with my values of community connection and social impact. The Center’s dedication to fostering a sense of belonging among individuals of all ages, backgrounds, and experiences is something I admire, especially in today’s world, where building community feels more essential than ever. By improving their newsletter process through a user-friendly web app, we can help the Center focus on what really matters: the people they serve.
The programs offered by the West Medford Community Center, from senior health initiatives to after-school programs for middle schoolers, embody the Center’s mission to bring people together and create opportunities for growth and connection. By streamlining their communication via a newsletter tool, we can strengthen these initiatives by keeping the community informed and engaged. This solution also reduces the administrative workload of the Executive Director, allowing them to focus more on fostering community-building events like ""Meet Your Neighbor"" gatherings and technology lab workshops.
Ultimately, what excites me most about this project is the chance to use technology to amplify the Center’s ability to bring people together, making their work easier and more impactful in the process.


The Bread & Roses project appeals to me because it combines technology with a cause that is both urgent and impactful—addressing food insecurity while fostering community empowerment. I admire how Bread & Roses goes beyond providing meals, offering a dignified, restaurant-style experience that creates a sense of belonging for every individual who walks through their doors. The idea that volunteers know everyone by name highlights the organization’s commitment to creating a safe, welcoming environment. 
What excites me most about this project is how it aligns with Bread & Roses’ mission of empowerment. By making it easier for volunteers to sign up and stay informed, we help them feel more connected and engaged with the community they’re serving. Ultimately, this project is a perfect blend of my passion for using technology to create practical solutions and my desire to contribute to organizations that make a tangible difference in people’s lives. I am eager to work with the team to build a tool that can help Bread & Roses continue to uplift the Merrimack Valley community.",,,SpeakOUT Boston
9/20/2024 23:55:16,Donatello Sassaroli,,he/him,donatello.sassaroli@tufts.edu,2026,No,"I was a part of JumboCode last year and really enjoyed working with my team as well as my partner who I ended up becoming great friends with! I also learned the fundamentals of back-end development as it was my first time doing web programming, but would like to be part of a team once again as I want to learn more. Although there were moments of chaos along the way, the app building process was very enjoyable and I'd love to do it over again while meeting new faces and gaining more valuable experience.","In high school, I volunteered with the Sunrise Movement, which is a non-profit organization that advocates for political action on climate change. During my time there, I participated in text-banking to advocate for change, local preservation of green spaces, and more. I am also a STAAR tutor here at Tufts for some computer science, math, and Italian courses. Through one-on-one sessions, I do my best to get to the root of the confusion students are dealing with and working through it together.",Yes,Yes,"Sunday 5-7pm
Monday 8-9pm
Wednesday 8-9pm","CS 11: Intro to Computer Science, CS 15: Data Structures, CS 40: Machine Structures and Programming, CS 115: Database Systems","C/C++, JavaScript/TypeScript, Git/GitHub, SQL, Python",My first introduction to computer science was taking AP computer science in my junior year of high school. I ended up really liking it and as a result decided to make it my major.,"Over the summer I did research in a cs lab at tufts. I was working with a PhD student who is trying to read neural data for reinforcement learning. It was really cool to learn about reinforcement learning by training an agent to play flappy bird, then extending this to other games. As I was doing reinforcement learning for the first time, there was definitely a learning curve with picking up the different concepts as well as implementation. I also helped in the experiment design procedure a little and we are running participants now!  ",,9,5,8,7,2,11,12,4,3,1,6,10,"I made my preferences based on which causes spoke to me the most. For me, the language barrier is a meaningful issue that I’d love to make a contribution to because it was a big part of my parents’ transition to life here. I am also friends with a couple of the project leads so it would be great to work with them on a big project like this!",,,"Yes, I was a part of the Sibling Connections project last year!"
9/20/2024 23:56:33,Andrés Ruvalcaba,,he/him,andres.ruvalcaba@tufts.edu,2026,Yes,"I am eager to join JumboCode because it aligns perfectly with my passion for both technology and social activism. Growing up in a rural, predominately Hispanic community, I experienced firsthand the technological inequalities that many underserved communities face: outdated equipment in classrooms, little to no computing curriculum, language and cultural barriers in accessing educational software. These experiences motivate me to use my education and skills to give back to communities like my own. 

Joining JumboCode would give me the platform to contribute meaningfully to socially impactful projects while learning from experienced peers and mentors. It would also help me engage more deeply with the computer science community at Tufts, as I’ve primarily been involved with the affinity centers so far. I’m excited about the opportunity to apply what I’ve learned in my coursework, expand my technical skill set, and collaborate on projects that drive real change.","Community engagement and activism have always been a central part of my life, both growing up and now at Tufts. In high school, one of my favorite hobbies was volunteering with a local organization to provide technical support across the school district. Although I didn’t yet know how to code, I used my passion for technology to assist in other ways, such as freeing up storage on computers or cleaning hardware.

At Tufts, most of my free time is spent divided among the identity centers. As a peer leader at the FIRST Center, I support first-generation students and help organize events aimed at fostering community and solidarity. I also intern at the Latinx Center, where I focus on developing programming for the Latinx community, often collaborating with other identity centers to highlight the intersectionality of our experiences. Additionally, I work with the Indigenous Center as a choreographer for the Tufts Ballet Folklórico team, which is dedicated to preserving and celebrating Indigenous dance styles across Latin America.",Yes,Yes,"Sunday: Anytime
Monday: After 4:30 PM
Tuesday: 3:00 - 8:00 PM 
Wednesday: 4:30 - 7:30 PM
Thursday: 3:00 - 8:00 PM
Friday: After 1:30 PM (subject to change)
Saturday: Anytime

*Weekends or Monday preferred","CS 11: Intro to Computer Science, CS 15: Data Structures, CS 20: Web Programming","C/C++, HTML/CSS, JavaScript/TypeScript, Git/GitHub, SQL, Node.js/Express, Python","Formally—CS 11, but before that a little bit of Scratch!","One of the most exciting projects I worked on was during my internship at a startup this past summer. It was my first time working with a development team, and since it was a small group, I had a lot of freedom to take charge of the project. At first, it was a bit overwhelming—I didn’t have any prior professional experience, and I had to figure out a lot on my own. But I quickly realized this was a great chance to step up and really make the project my own.

The main focus of my project was processing and analyzing data from machine-learning models. This data came from job postings in the clean energy industry, covering things like salaries, benefits, and required skills. My job was to automate the data processing using Python, which I wasn’t too familiar with at the time. The learning curve was steep, but after some serious trial and error (and a lot of Googling), I started to get the hang of it. 

One of the biggest challenges was dealing with messy, unstructured data. The job posting data wasn’t exactly neat, so I had to get creative in cleaning it up and making it usable for analysis. I built scripts that not only processed the data but were also designed to be reusable for future projects, which saved a ton of time in the long run. By the end of it, I had set up automated data pipelines that made the whole process much more efficient. 

As I was wrapping up the data work, I noticed that people were having trouble digging through endless Excel sheets to find specific insights. I suggested building a simple web app to make the data easier to access for both the team and stakeholders. My manager was on board but given the scale of the project we settled on focusing on just salary and benefits, and I spent the rest of my internship building this web application.

I used Flask and SQLite to build the app—nothing too grand, but it made sense for the small scale of the project. The trickiest part was designing an interface that was easy to follow, but after a few iterations and feedback from the team, I came up with something that worked well. In the end, I delivered both the data pipelines and the web app, which ended up helping many people within the company. 

Looking back, this project was very rewarding because I could see the direct impact of my work. I learned a lot along the way and came out of the experience feeling more confident in my skills.",N/A,7,4,10,12,6,5,2,9,1,8,3,11,"When ranking the projects, I considered three main factors: the mission of each nonprofit, the team dynamics, and the potential for personal growth.

I first focused on the mission of each organization and whether I felt a personal connection to their values. Many of my top choices reflect nonprofits whose missions resonate with me, especially those serving communities similar to the one I grew up in. As someone deeply committed to giving back to underserved communities, I was naturally drawn to projects where I felt I could make a meaningful impact.

I also factored in the vibes of each group and their leaders, based on my experience attending the JumboCode GIM and hearing from the project leads. While it’s tough to get a full sense of a team from a short presentation, I tried to assess how well I might fit into each group’s culture. Feeling comfortable within a team is important to me, and I want to be part of a group where I can thrive and contribute meaningfully.

Lastly, I considered the technical aspects of the projects. I’m eager to expand my skills, so I took into consideration projects that involve technologies or approaches that I haven’t worked with before. This would allow me to push myself outside of my comfort zone and help me grow as a developer.

That said, I believe in the mission of every organization represented, and I’d be happy to contribute to any project. Regardless of the ranking, I know each one offers a chance to make a real difference.",N/A,:),N/A
9/20/2024 23:56:47,Kabir Goklani,,he/him,kabir.goklani@tufts.edu,2028,No,"I want to join JumboCode to apply my CS skills for a better cause. Through working on a project at JumboCode, I hope to learn new technical skills (i.e. learning TypeScript and NEXT.js) as well as learning to collaborate with peers when solving a problem. Most of my previous projects have been done independently, so I am excited to be working with others as I believe this will improve our overall team productivity while also making some friends along the way! From a technical standpoint, I have limited experience with front and back end development, so I would like to build upon those skills through understanding how to operate new softwares and potentially learn new languages as well! ","Throughout high school, I led a club called Codivate where we taught foreign workers programming skills in Python. Through helping them build their programming background, they were able to get better employment opportunities in the future. Furthermore, in my senior year of high school, I was a teaching assistant for the AP Computer Science course, helping students understand various Java programming concepts as well as helping the teacher with creating the lesson plans. Lastly, in my summers in high school, I would hold weekly basketball clinics where I taught younger children around the local area in Singapore basic skills to improve their game. Along with helping them develop these skills, I also raised 300+ dollars for a local charity which runs free basketball programs for underprivileged kids. ",Yes,Yes,"Monday (after 2:45pm), Tuesday (2-6pm), Wednesday (11:20 - 1:15pm, 5:45 - 9pm), Thursday (2-6pm), Friday (1:15 onwards), Saturday (Anytime except 1-3pm and nights preferably), Sunday anytime",,"HTML/CSS, JavaScript/TypeScript, Git/GitHub, Python, Java","I was first introduced to CS in my freshman year of high school, where I took an Intro to CS class in Java. I loved the course as I was able to build some really cool projects, such as a Subway self-checkout system, and I really enjoyed getting into the “flow” of programming. Since then, I took every CS course available to me in high school, including AP Computer Science (was a TA for the course as well), a game design course, and a Data Structures course. ","While it definitely wasn’t the most challenging piece  I’ve worked on, my most cherished programming project was when I built a fantasy basketball team simulator in Java. This was the project that truly made me fall in love with CS. I loved it so much as I was able to connect CS with one of my passions–obsessing over NBA player 2K ratings. I used a database of NBA player 2K ratings and searched through them when the user was prompted which players they wanted to build the team, subsequently building a ‘player’ object with their stats. Once the team was built, I generated random basketball teams that the team would go against, and the season would end once the user’s team had finished playing all the randomly generated teams. My biggest challenge during this project was using static/non-static variables, as I remember not understanding the concept fully and having to go to my teacher’s office hours for help (it took me hours to debug). I remember the satisfaction after finishing the project; after hours of planning, coding, and debugging, I had this amazing thing–though simple now that I look back at it–that I was truly proud of. ","Here are some cool things I've worked on: https://github.com/kubsgok/polotno-demo-test (for an internship where I built a certificate-designing application in an education platform called Teamie), fun crossy road game I built in JS: https://openprocessing.org/sketch/575595 ",6,5,9,3,4,12,11,2,1,10,7,8,"I am very interested in the English at Large project as I remember doing a similar project in my AP Computer Science where I organized book objects in a 2D array and I want to build on this idea further. Additionally, I think it would be interesting to utilize data science to organize textbooks as I care for this field. LCS tutoring would also be very compelling as I have tutored others and see the value of matching mentees with mentors with similar interests as this can make a difference in the quality of the tutoring experience itself! Lastly, the Somerville Museum seems really cool (for the reasons mentioned above), but also I really really want to meet Ben Stiller! ",,,
9/20/2024 23:57:04,Karla Armoush,,she/her,Karla.Armoush@tufts.edu,2027,Yes,"As someone deeply passionate about both technological innovation and community service, I find the opportunity to combine the two incredibly exciting. JumboCode provides the perfect platform to merge these interests—using technology to create meaningful solutions to real-world problems while contributing to the greater good. 
My journey in computer science began when I took CS11. From the very start, I was struck by the strong sense of community I found in the CS department. I found myself going to office hours regularly, not only to ask questions but because I genuinely enjoyed the collaborative environment. I appreciated how students supported each other, whether by solving tough problems together or explaining tricky concepts. That spirit of teamwork and shared learning is something I have come to value deeply, and it is what I am confident that JumboCode offers. 
What excites me even more about JumboCode is the opportunity to apply my skills in a real-world setting while working on impactful projects. As a sophomore, I am eager to gain hands-on experience, simulating the dynamics of a professional development team. This is a chance to not only grow technically as a developer but also to learn how to effectively collaborate on a product that has tangible outcomes.
Beyond the technical work, I’m excited to get to know my teammates on a personal level. I believe that a team’s success isn’t just about the code we write but about the relationships we build along the way. There is so much to learn from each other’s experiences, and I am looking forward to sharing my own perspectives while gaining new insights from other team members. Working with like-minded people who are equally passionate about using technology to make a positive impact is something that I find both inspiring and motivating.","CS11 Teaching Assistant: The most rewarding part of being a CS11 TA is being able to support students as they begin their CS journeys. It's fulfilling to help them navigate challenges I once faced and see their progress. Being a TA also reminds me not to doubt myself—I went from having no programming experience to doing very well in the class to TAing it in a relatively short time. Seeing current CS11 students’ growth helps me reflect on my journey as well!

StAAR Center, Peer Tutor: As a peer tutor at Tufts, I currently tutor CS11, CS15, Calc 1, and Arabic. Back in high school, I also tutored math and French. Tutoring has always been a rewarding way for me to share my knowledge and help others succeed in their academic journeys.

AILEM App, Volunteer: In high school, I collaborated with a group of students to develop an app called AILEM, which aims to help refugees and asylum seekers learn the languages of the countries they are seeking asylum in and integrate into their new societies. I wasn’t a developer at the time, as I didn’t have programming experience. I contributed by designing English and French language curriculums by providing translations to Arabic. 

Tufts Arab Student Association (ASA), Event Coordinator
• Coordinated diverse cultural events welcoming both Arab students and those eager to explore the culture.

UWC Atlantic's Peace Council, Chair
• Organized school-wide events: notable events include TEDxYouth@UWCAtlantic, themed The Day After Tomorrow, which included themes about Future Technological Developments.
• Planned fundraisers, raising £1700+ for earthquake relief in Syria and Türkiye, and £600+ for combating period poverty in Bangladesh.

Syria Trust for Development, Volunteer
• Organized national debate tournaments for teams representing different states in the country.
• Drafted debate curricula for Syrian students and mentored younger debaters.",Yes,Yes,"I'm pretty flexible generally and happy to discuss availabilities, but I am free on Wednesday and Thursday at any point after 1:30pm!","CS 11: Intro to Computer Science, CS 15: Data Structures","C/C++, I have some experience with Java as I'm currently taking CS86 (OOP for Graphical User Interface)","My first introduction to computer science was in CS11. Before that, I had no formal coding experience, just the occasional curiosity-driven google searches about programming but never actually writing a program. I initially came to Tufts planning to major only in Cognitive and Brain Sciences (CBS) and hadn’t seriously considered pursuing CS. I have always enjoyed math, and I figured CS would have a similar problem-solving appeal (side note: I know some people who LOVE math but HATE CS so I know that this does not apply to everyone, but in my case it worked out). To my surprise, I found that I truly enjoyed the problem-solving aspect of computer science, much more than I expected. The logical, structured approach to tackling complex problems resonated with me, and I quickly became drawn to the subject. What started as a required course ended up sparking a new passion, and now I am double-majoring in both CBS and CS!","One project I’m particularly proud of is Gerp, a utility designed for searching text files within a directory hierarchy, much like the ""grep"" command in Linux. Gerp reads all files in a specified directory recursively and stores their contents in a hash table for efficient searching. 

I worked on the project through pair programming. It was also my first time programming with a partner, which turned out to be a really enjoyable experience. Pair programming gave us the chance to learn from each other’s different ways of thinking. It wasn’t just about getting through problems faster—it was about exploring different approaches and fine-tuning our solutions together. It made the whole process feel more engaging and rewarding, and it definitely improved the quality of the final product.

One of the hardest parts of building Gerp was planning for efficiency, especially given the scale of the project. Since Gerp had to recursively read through large directories of text files, it was crucial to consider the time complexity of the algorithm. Managing the algorithm's efficiency was essential to ensure that the program could scale well and handle large datasets without crashing or suffering from poor performance.

As with any large-scale project, debugging presented its own set of challenges. Despite our extensive planning, we encountered persistent bugs, especially when dealing with edge cases in larger directories. To address these issues, along with unit testing, we also created custom input files to thoroughly test edge cases, ensuring Gerp’s functionality across different scenarios. Additionally, we used Valgrind to detect memory leaks and other potential issues, ensuring that the program ran efficiently and reliably without memory mismanagement.

Overall, working on Gerp was a deeply rewarding experience that strengthened both my technical skills and my ability to collaborate effectively on complex projects.",,5,1,10,11,2,3,12,7,4,9,6,8,"1 Village Food Hub: Having attended a United World College, where our mission emphasized promoting a sustainable future, I developed a strong commitment to reducing food waste. This aligns perfectly with my desire to work on a web app that tracks the Village Food Hub’s pantry inventory. I am excited about the opportunity to contribute to a project that directly supports community needs while fostering sustainability, reflecting values I deeply resonate with!

2 Dillar Academy: I have experience working on developing an app (called AILEM) aimed at helping refugees and asylum seekers learn the language of the countries they seek asylum in. This has given me a deep understanding of the challenges faced by marginalized communities in language acquisition. I care passionately about these issues and believe I have valuable ideas to contribute to an app designed to help Uyghurs learn English!

3 New England Innocence Project: Ethics in the criminal justice system has always been a topic I have reflected on and been deeply interested in exploring. I feel strongly about preventing wrongful convictions and ensuring justice within criminal justice system. I am eager to further investigate ways to improve the system and contribute to meaningful reforms!",,,
9/20/2024 23:57:20,Henri Comer,,he/him,Henri.comer@tufts.edu,2027,No,"This past summer, I interned at a startup, and one of the things that left a lasting impression on me was how the three founding members talked about leaving big companies to start something they genuinely cared about. They wanted their work to have a real impact on people’s lives, and that wasn’t something they were finding at their previous jobs. I could relate to that sentiment, especially after experiencing the rewarding feeling of seeing my own work positively affect users. Even the smallest contributions—like building a new feature or improving a workflow—gave me a sense of purpose. I realized that I want my career to be about more than just writing code; I want it to be about making people’s lives better. That’s why I want to join JumboCode. I see it as a unique opportunity to use my computer science skills in a way that has a tangible, positive impact on people. The chance to work with non-profits and help build applications that serve meaningful causes is exactly the type of work I want to be involved in. I hope to learn more about how technology can be leveraged for social good and to collaborate with like-minded people who share that passion for making a difference. Ultimately, I want to continue growing as a developer while contributing to projects that genuinely help communities, and I believe JumboCode is the perfect place to do that.","My journey into activism was largely inspired by my sister, who always emphasized the importance of standing up for what you believe in. She founded the Sunrise Movement branch at our school, as well as the Queers and Allies club. After she graduated, I took on leadership roles in both clubs, organizing walkouts for climate change protests and leading panels that focused on queer visibility and representation. Growing up in a city as progressive as New York City, I’ve had the privilege of being surrounded by social movements, and I’ve participated in numerous protests over the years. Living in NYC has also made me aware of the glaring disparities in wealth and privilege. My parents instilled in me the importance of giving back from a young age, often having my siblings and me volunteer at soup kitchens on weekends. These experiences shaped my understanding of community and social good, and reinforced my belief in the power of collective action to create meaningful change. Whether it’s advocating for climate justice or supporting marginalized communities, I’ve always felt a strong sense of responsibility to engage in causes that promote equity and social good.",Yes,Yes,"Monday: 11:30AM, 4:30PM, 7:30PM, Tuesday: after 2PM, Wednesday: Between 11:30AM and 6PM, Thursday: Between 2PM and 6PM, Friday: After 2PM, Weekends: All day","CS 11: Intro to Computer Science, CS 15: Data Structures","C/C++, HTML/CSS, JavaScript/TypeScript, Python","My first introduction to computer science happened the summer after 8th grade when my parents insisted I take an introductory Java course at Haverford College. At the time, I wasn’t particularly excited. I had always leaned more toward subjects like English and never saw myself as someone interested in coding or anything math-related. But as soon as I started learning how to write code, everything changed. I quickly fell in love with the logical yet creative nature of programming. One of our final projects was to create a tic-tac-toe game, and I remember the moment I completed it, I was filled with a sense of accomplishment. It was the first time I fully understood the rewarding feeling of building something from the ground up. That experience made me realize that coding wasn’t just about solving problems—it was about creating new possibilities. From then on, I was hooked, and my love for computer science has only grown deeper as I’ve explored the endless things I can create with it.","This past summer, I interned at a startup that provides software to manage audiology practices, and one of the most exciting projects I worked on involved developing a new tagging system for providers. The task was to enable practice-level management of tags, allowing providers to create their own filters for patients, which was crucial in improving their workflow. Technically, I started by updating the existing Tag model to make it more flexible. This involved removing and adding new fields. I also had to extend our API to support listing, creating, updating, and deleting tags. This meant implementing filters that allowed users to fetch either verified global tags or tags created by their practice. Additionally, when a tag was no longer needed, I had to implement a system where the tag could be deleted if unused, or dissociated from the practice if it was shared across multiple practices. One of the main challenges I faced was ensuring data integrity while adding the flexibility needed for practice-level management. For instance, I had to ensure that the verified field defaulted to True for existing tags while allowing new tags to be unverified, and I needed to manage cases where multiple practices might use the same tag. Another challenge was designing the UI for the new tags management page, which needed to align with existing settings pages and provide a user-friendly interface for administrators to manage their tags. Despite the complexity, it was incredibly fulfilling to build something I knew would make a real difference for our users, helping them manage their practices more efficiently. This project excited me because it wasn’t just about implementing features—it was about solving real-world problems that impact people’s day-to-day work. It was the first time I truly felt like my code was making a difference, and it gave me a deep sense of pride in what I was creating.",,10,4,8,11,7,1,2,9,6,5,3,12,"Ranking all these projects was extremely difficult for me because these are all projects that I would be honored to be a part of. I feel particularly passionate about wrongful convictions, queer visibility, and food insecurity because these are all things I've been witness to over the course of my life. I Also really enjoy the idea of the projects helping immigrants learn English because my father immigrated to the US and struggled for the first few years before he became fluent in English.",No.,"No, thank you for considering my application.",I have not.
9/20/2024 23:58:06,Paul Wang,,He/him,paul.wang@tufts.edu,2027,No,"For the longest time I thought coders and the coding community were super exclusive. I was intimidated, because I felt like everyone knew more than me. After going to the GIM and talking to Julia, a former member, I've realized that Jumbo code is exactly the opposite of that. From the late-night grind seshes, to the team dinners, I’ve realized that Jumbo Code is the perfect place for me. I hope to find the community that Jumbo Code has cultivated. I think this community is where I can really succeed. 

Second, I would like to improve the skills of front-end programming. As a computer engineer, my large experience with coding has been low level, and its relationship with hardware. I haven’t had much experience with front-end programming, and I think this opportunity will help me be a better programmer. Furthermore, I think these learned skills will transcend programming, and will make me a better computer engineer. Lastly, I want to learn the process and the work of managing a project. I am a big people person, and the best part of the project is the ability to work with people. I want to learn from the project leads on how they organize tasks, and bring people together. 
","I have two main experiences. The first is Engineering Without Borders. My project is the Malawi project where we bring water and education access to a small village in rural Malawi called Solomoni. I helped plan an event called Malawi the Journey. At this event, I led a workshop teaching the Malawi language Chichewa. Additionally, I helped communicate with the village residents, and worked with the NGO there to help solve problems. The events that I helped organize and attend were the most fun and rewarding work I’ve done here at Tufts. I got to learn about the culture, the amazing people, and, most importantly, to see how our project really made a difference.


The second experience is working as a Sustainable Core Fellow. Ever since sophomore year of high school, sustainability has always been a huge passion of mine. Climate Change, and sustainable equity are some of the most important issues for our generation. Core Fellows has been an unforgettable part of my time at Tufts. Beyond the amazing other fellows, I’ve had the opportunity to work with multiple culture clubs, and many student organizations to educate people on sustainability. 
",Yes,Yes,"I am ideally free tuesday, thursday evening and evening.. I can meet also friday from 12 to 1:15. I have other free parts in the day that I can work my schedule around.",CS 11: Intro to Computer Science,C/C++,CS11. I also learned some Matlab for a math modeling competition.,"The best project I've been on is the water automation system at EWB (Engineers Without Borders). In this project, we had three groups to set up an automation system for the plants in the Tufts greenhouse. I helped in the electrical group. The hardest problem of the project was communicating between groups. Our electrical group was responsible for coding the motors and the pump to feed water to the plants according to each plant’s necessary water intake. We had to make an interface for students to put in plant watering information. I was also responsible for the wiring for the system. We had to connect the wiring such that each motor would run depending on which plant needs watering. This was extremely rewarding because I had to learn a little bit of everything. From 3D printing to soldering, I learned a lot of skills for the whole project to come together. It was rewarding to see all the pieces I helped work on slow being brought together. It was almost miraculous that everything worked in the end.


The most challenging part of the project was easily the work across groups. Our group relied on every other group to work, and vice versa. As such, we were often forced to make changes to fit the confines of another group’s design. For example, the motors that I initially wired were too weak to move the water gates; As a result, I had to change the motors which caused us to completely redesign our wires and our coding. This project taught me the key to success in a project is communication. If one group was kept in the dark, no group would have succeeded— each group excels with the help of others.
",,7,6,1,8,5,4,10,9,12,2,3,11,"The top 5 are in no particular order. I see many similarities between A2Empowerment and some of my work in EWB. To reiterate, Social and Sustainable Equity is incredibly important to me, and think that a project like Bread and Roses, and the New England Innocence project align with my interests very well. I also recognize my privilege to able to attend Tufts. I want to give people the same opportunity I was given, and I think the Wily Network is perfect for that. Lastly, as a child of Chinese immigrants, I understand the difficulty of learning a new language while under a new environment. My parents were fortunate enough to get help to learn English through a non-profit organization, and I hope to provide the same help my family has received by working with Dillar Academy. The last 7 choices were all incredibly interesting, and it was so difficult to decide, but the top 5 are definitely the ones I prefer the most. ",,,no
9/20/2024 23:58:25,Lydia Chen,,she/her,lydia.chen@tufts.edu,2026,Yes,"It's a great opportunity to refine my technical skills as well as a cool opportunity to work on a meaningful project that our local non-profit organizations will get to use! I hope to gain some new friends and new memories, plus better fluency with new and old tools/frameworks!","I am a TA for CS20 (the web programming course) and have helped out at the various events that our cultural clubs host throughout the year (e.g. serving food and setting up the decorations at Matsuri (hosted by JCC). I am also a part of our annual WIT conference as a member of the Outreach Committee (check it out if you're not already going!) and when I'm back at home during the holidays, I help out at my family's small restaurant. I was also part of JumboCode last year, and got to help create an awesome webapp for a very cool non-profit (#welovebiwomenquarterly)!",Yes,Yes,Mostly Friday evenings but can be flexible with the rest of the team :) ,"CS 11: Intro to Computer Science, CS 15: Data Structures, CS 20: Web Programming, CS 40: Machine Structures and Programming, CS 116: Introduction to Security, CS 160: Algorithms","C/C++, HTML/CSS, JavaScript/TypeScript, React, Git/GitHub, SQL",CS11! ,"One of the coolest projects I had the pleasure to work on was actually something me and 3 other friends created during a hackathon. Our project “MyVoterInfo” was a web app designed to target voter suppression by providing up-to-date information ranging from the user’s registration status to nearby ballot locations, polling hours, and more. 

The user’s voter status was scraped from the state’s online public voter registration website using Puppeteer (given the limited time, we were only able to set it up for the state of Massachusetts), and a lot of the location data was sourced from the Google Civic API (a very cool find!). We integrated all this information with the Google Maps API to allow the users to see the various locations relative to their own home address. 

In terms of the actual process, our awesome co-lead was able to set the barebones React Native framework before the start of the competition. From there, the designer of our group made awesome POCs and wireframes as the rest of us went off to do some research on what resources we could use. This included finding the right APIs, learning more about the style library that we were using, and overall getting familiar with the React Native framework. And then from there, we moved on to the implementation steps.

As someone who had more experience with the frontend side of things, I went about setting the API calls for the Google Civic API and started implementing the various components and layouts that my designer friend had created. My other two friends went about setting up all the backends and tirelessly fixed any last minute bugs before our demo time. 

All in all, the 2-day project was a huge success! Our demo went smoothly and we even went home taking the big prize! (Overall Winner!!) In retrospect, I wished I polished up my backend skills more and familiarized myself more with the framework since the biggest challenge we had was debugging when we began combining the various components. Additionally, given such a short timeframe, we had to sacrifice some functionalities in order to focus on our primary features. So, taking this all into consideration, when I begin my next project, I hope to bring both a solid technical background and a strong sense of organization and prioritization (plus a cheerful spirit) to ship a product from its early development stage to deployment!",https://github.com/lydiachen01,8,1,6,12,3,9,10,7,5,4,2,11,"As someone who grew up in a low-income community where getting healthy and nutritious food was not accessible for many, I really resonate with Village Hub Food and their mission of making such a quintessential part of living accessible while also promoting sustainability and waste reduction. As a fellow foodie that recently got into cooking, I realized how essential it is to eat well and have a well-balanced diet and if the software we create can help others better their own life through food, I am 100% all-in. This is why I would love to be a part of this project and help expand this non-profit so that they can create a lasting effect on more people!",Nope!,Nope!,"Yes, I was part of JumboCode last year, working on a webapp for Bi Women Quarterly."
9/20/2024 23:58:59,Hanah Kim,,she/her,hanah.kim@tufts.edu,2028,Yes,"Joining JumboCode would be an opportunity to get a glimpse of what it is like to work on a project that is more than “just another school assignment.” JumboCode would both deepen my experience as a software developer and enable me to use my abilities to benefit local communities. By being a part of JumboCode, I hope to gain experience that will help me lead projects on my own, and look forward to spending hours brainstorming, designing, and problem solving alongside other passionate club members.","The first time I volunteered was on a Saturday morning in 2019 at the FSUMC food pantry. As I distributed fresh produce, helped patrons with their luggage, and organized donated clothes with other determined volunteers, I realized I wanted to continue serving the East Harlem community. After volunteering bi-monthly until the pantry closed in 2022, I took a more front-end role in organizing non-perishable goods and conversing with guests for The Father’s Heart soup kitchen until my senior year of high school. 

During my senior year I tutored for two hours weekly for students grades 1–6 in geometry and English, developing my ability to explain concepts to those who learn in different ways than I do. Although tutoring was difficult at first, I grew to enjoy helping someone build confidence and learn to solve questions on their own.

Outside of tutoring and volunteering for food distribution centers, I have experience managing a food stall for the Flat Rock environmental education center, participating in local park cleanups, and organizing community tree plantings to spread awareness of environmental issues such as deforestation and food waste.
",Yes,Yes,"Mon: 3:00 PM - 8:30 PM
Tues: 12:00 PM - 4:30 PM
Wed: 4:30 - 5:30 PM; 8:30 - 11PM
Thurs: Any time after 12:00 PM
Sun: Any time after 12:00 PM

Free anytime: Fridays, Saturdays",Currently taking CS 11,"Git/GitHub, Python, JAVA","In third grade I created a simple game about asteroids, sparking a curiosity in programming that only grew after joining my school’s STEM Academy. After learning JAVA and Python (and going down an AI video essay rabbit-hole) I decided to create my own machine learning program that predicts a student’s likelihood of dropping out of college. Although I had studied computer science for years prior to this personal project, learning about random forest classifiers, neural networks, and other unfamiliar concepts that once confused me reinvigorated my initial spark for coding.","During my senior year I had the opportunity to intern as a research assistant for the Stevens Institute of Technology’s Coastal Engineering Research Group. It was amazing assisting and learning from graduate students and professors that had more programming experience than me. The notion that the program I helped make (a program that analyzed New Jersey shoreline changes using public satellite images, Anaconda, and Jupyter Notebook) could shape research that affected local environmental policies excited me. So despite the challenges of debugging and brainstorming solutions to seemingly “insurmountable” problems, the idea that my work had purpose drove me to spend countless well-spent (albeit tiring) hours contemplating problems in my code in pursuit of those satisfying light-bulb moments.",Research Paper: https://doi.org/10.58445/rars.653,8,5,9,11,1,12,10,7,4,3,2,6,"Dillar Academy: As a person born and raised in the United States, I understand how lucky I am for receiving an education and having basic human liberties. Everyone should have the right to learn skills that enable themselves to better their life, which is why I strongly believe in Dillar Academy's goal of teaching Uyghurs English. I can personally relate to sub-optimal class management systems (in high school there would be many issues of the class sign-up website crashing and bugs leading to scheduling conflicts) and would love to assist in any way I can to help the Uyghur people. I am also really intrigued by the project idea, and am curious at how the team would make a better SIS. 

A2Empowerment: I would love to assist in any way to further the education of women in Cameroon. Any nonprofit that works to educate women is one I would like to for. 

Bread and Roses: Bread and Roses' project mission is a message I strongly resonate with due to my previous experience volunteering for a food pantry and soup kitchen. This is particularly the case because the soup kitchen I volunteered for (Father's Heart) had a large amount of volunteers and served thousands of patrons weekly, which led to frequent confusion during the chaotic serving hours, which caused a lot of headache for the volunteers and higher ups. I therefore understand the importance of organized volunteer data and clear communication, and how it could lead to a better served community.",n/a,n/a,"No, I have not been a part of JumboCode before."
9/20/2024 23:59:28,Belema Roberts,,He/Him,robertsbelema007@gmail.com,2028,Yes,"Being a member of JumboCode and engaging in meaningful projects that help the society not only allows me to significantly contribute to the welfare of others, but also helps me in develop my programming skills and propels my career in the future","Volunteer - EducationUSA college fair
Mentor - Artificial Intelligence and Robotics Lab, Unilag",Yes,Yes,I'll will be available to participate in these meetings,,"HTML/CSS, Python",I was first introduced to programming during a summer school program where I learnt block programming with scratch,"I developed a Python program to analyze DNA sequences, implementing algorithms for DNA transcription and translation to amino chains with 100% accuracy, and I'm in the process of improving it to detect colors for the DNA sequencing and detection of disease-carrying genes",https://github.com/RBelex-007,3,1,8,2,4,6,12,7,10,11,5,9,I chose Village Hub as my major preference because food is a necessity of life and helping the people in the aspect of providing food is a great addition to the community also helps to save lives,,,
9/20/2024 23:59:45,Yuxin Zeng,,she/her/hers,yu.zeng@tufts.edu,2028,Yes,JumboCode offers me an opportunity to combine my love for service alongside my love for creating programs. Becoming a member of JumboCode allows me to broaden my skills involving programming through creating products geared more towards clients rather than simply solving an issue that's presented.,"Throughout my time in high school, I've participated in various volunteering organizations (Key Club, Science National Honor Society, Chinese Class TA, etc.) and have also created software applications that worked to solve issues that I cared about. One particular project was an app using MIT app inventor (a block-based programming language) to create an app that included more access to basic needs and resources for low-income and immigrants within our city.",Yes,Yes,I'm available most weekdays after 3PM except for Wednesdays. My weekends are completely free as well.,"CS 11: Intro to Computer Science, AP CSA; Data Structures, Advanced Java","C/C++, HTML/CSS, Python","My first introduction to computer science was through the MIT Beaver Works online course where I learned the basics of python. Soon after, I took on my school's AP CSA curriculum, where I learned the basics of programming in Java.","During the summer before my senior year, I attended a program under Northeastern University where I learned to storyboard, design, and program a virtual reality game using C# on the Unity engine. Due to the short time constraint (two weeks) and the lack of knowledge each of our team members, including myself, had on the C# language and the Unity engine, it was difficult to fulfill all the goals my teammates and I originally had in mind, yet we managed to create a virtual reality game that was somewhat playable in the end. What made the experience stand out was that I'd never truly created a program where I had to really evaluate who the audience is and how I should cater to said audience, yet it was insightful to be able to add that part to the brainstorming process.",,11,4,10,8,6,12,9,5,1,2,3,7,I really resonated with the issues that my top choices had presented and I want to be able to give back towards those communities.,,,
9/21/2024 0:01:03,Togzhan Zhumadil,,she/her/hers,togzhanzhumadil@gmail.com,2028,Yes,"     Working with real clients on meaningful projects through JumboCode will challenge me to grow professionally and provide tangible help to affected communities. No other campus club offers such impactful work, and the level of responsibility, carefully chosen projects, and year-round commitment shows how dedicated the members are. 
     After researching and speaking with Lilian, I am confident that JumboCode is the perfect fit for me. The level of personal responsibility expected, the careful choosing of the projects and year-round commitment expected reinforces my idea of the club as a group of people who are dedicated to the mission at hand. JumboCode is the place where the new members are taught real skills, taught how to communicate with the client and gain invaluable practice working on a team project that has real consequences and rewards, outside of the college bubble. 
     I am tired of participating in student organizations whose sole purpose turns out to be putting the founder in the limelight with zero work accomplished behind the scenes (i.e. the nonprofits my high school classmates founded dissipated the moment application season was over). In college, I want to dedicate myself to only a few of my passions at a time, but really explore the fields I choose in depth. At JumboCode, I hope to successfully become who I want to be, professionally and personally, by fully committing myself to the mission of the club and the unique people who make the club into what it is.  
     I dream of opening my own business of creating websites and helping on projects to the small businesses around me especially in my native country Kazakhstan. There is scattered infrastructure in place in rural areas for entrepreneurs, preservers of culture heritage and ordinary people. My ultimate goal for pursuing data science, computing skills and the knowledge of jumpstarting projects from the ground is to use my experience to craft smart public policy. For example, many of the rural villages hold the cultural heritage of my nomadic culture but there is barely anywhere online to preserve the historical records and pass them down to later generations. I want to personally build change, with my own two hands if needed, to help so many different people around me who don’t have the money to hire a professional team. But I don’t know where to start and I recognize that I need help, experience with making mistakes and failing and getting back up in the end to help my goals come true. I know that I can’t truly achieve the impact or change that I seek without a team, and my motivation remains incomplete without actual experience and mentorship. The more I read about the JumboCode members, the team leads and project managers, I see just how inspirational and well-rounded they are, and I hope to embody the spirit of the club as a member of the team. ","I believe that one of the truly effective ways to improve the lives of others is active help. It’s not enough to take action within a bubble of comfort, such as sympathizing with a cause - an action has to be taken for compassion to be meaningful. 
My first real step out of my comfort zone was during quarantine. Actually, it was more of a sprint. 
Cut to me walking in the smoldering heat, hanging posters on the fences, bulletin boards and bus stops as the tape slipped through my sweaty fingers and the stack of paper occasionally pierced my skin. 
I had decided to host a food drive, despite being the definition of an introvert. On the day of the food drive, I nervously waited under my school’s entrance, listening to the drumming of rain. My doubts dissipated as car after car pulled into the driveway, and with every donation, I remained incredulous that people had come to support a rogue food drive organized by a freshman. But when I advertised my food drive in my Zoom classes, emailed my English teacher whom I’d never met in person to sponsor it and asked the school for a table, words flowed out of me in waves. 500+ food items were collected and on the drive to the food pantry, I knew I had fallen in love with community involvement. 
 I realized that I was worried people wouldn't show up because, in all honesty, I was unfamiliar with the US and the city that I called home for the past six years. I decided to get to know my new community better and signed up to be a camp counselor at the Jewish community center across from my house. The unfamiliar faces became family as I danced the mornings away with the entire camp, learning how to celebrate Shabbat with challah and grape juice every Friday. The exhaustion after entertaining competitive eight year olds was worth every minute when I got to know their personalities and stories.
Involving myself in my surrounding community has helped me understand that even the smallest actions can help someone and motivates me in dedicating my career to aiding those in need.
In partnership with the county executive’s office, I helped organize Middle Eastern American Heritage Month celebrations and when I saw the astonishment on guests’ faces, marveling that the government saw their heritage as worthy of celebration, I felt even more motivated to continue engaging in community work. 
Last summer, I tutored English at a children’s house in Almaty, Kazakhstan. Initially, it was really hard to find any organization that offered volunteering opportunities and upon that discovery, I started calling place after place looking to be useful and using my English knowledge for good. When I eventually found a home willing to let me teach, it was some of the most rewarding tutoring I have yet performed. 
After witnessing my goals come to fruition as a result of my passion and commitment, I’m only further imbued to experiment with ideas ahead of me and my future team. 
",Yes,Yes,"Mondays: 4-10pm, Tuesday 5-10pm, Wednesday 3-4:30 8-10pm, Thursday 3-4:30 8-10pm, Friday: 12-4pm, 8-10pm, Saturday all day , Sunday all day",,"C/C++, Python, Java",I took AP COMP Java in High School and taking CS 11 now. ,"In the pursuit of a direct impact on my local community, I founded an environmental woodworking club and took it upon myself to master the art of crafting birdhouses. I started the team from the ground up and recruited passersby on word-of-mouth and enthusiasm only. It’s incredible to remember that I’d drag 30 people each weekend to random creeks to pick up trash. I relished my time within the team and devoted myself to the responsibility of hosting study sessions, fundraising and astonishingly many hours carpooling. ",,3,10,5,11,1,2,9,7,4,6,8,12,"I am a tutor for the Petey Greene program, where I come in to tutor incarcerated students once a week and I am really passionate about changing the carceral system. As for Dillar Academy, this issue is very close to me. I come from Kazakhstan, right near the border with Xinjiang and my grandpa actually emigrated from Xinjiang in the 50s. He brought 100,000 people with him, who now make up over a million Kazakhstan citizens to this day. In other words, those 1 million people would have been in Xinjiang at this time, right now. I would be there too. In fact, at one of the local gatherings by the Kazakh community, I met a Uighur concentration camp survivor. I didn’t know it at the time, but when I found out later on, my heart felt heavy. I wanted to cry on the spot. There are a million of Turkic Central Asians suffering alongside Uighurs, and I have no doubt that if my family had remained in Xinjiang, I would have undergone the same fate. This project means a lot to me. I want to be a part of it to help the Uighurs specifically globally. I have donated to dozens of GoFundMes but helping individuals can’t compare to the scale of the Dillar Academy. 
",,,
9/21/2024 1:48:35,Aarush Ganji,,He/Him,aarush.ganji@tufts.edu,2026,Prefer not to answer,"Through my various volunteer work, I understand how important personal connections are while trying to make strides in social welfare. Still, I want to build on that by learning how to improve the lives of everyday people on a larger scale. Additionally, as a private sports instructor with my own LLC, I am eager to learn how to build a website for my business. I believe JumboCode would provide me a great opportunity to acquire these skills. From speaking with friends who are currently in the club, I understand that the club’s experience is highly customizable, which is an aspect that is very appealing to me. Above all, I look forward to collaborating with peers and developing my technical, teamwork, and professional skills. 
","I spent two years working with Tennis Memphis, a non-profit organization that provides opportunities for underprivileged children pursuing college scholarships through tennis. With Memphis being one of the most statistically dangerous cities in the U.S, I helped organize and run an after-school mentorship program that ensured a safe environment and academic support for children aged 5-18, a factor that greatly played a role in overall success both on the court, in the classroom, and beyond. So if you are ever looking for a free lesson, you know who to call. ",Yes,Yes,Very flexible with timings and should be able to make all the meetings,"CS 11: Intro to Computer Science, CS 15: Data Structures, CS 40: Machine Structures and Programming","C/C++, JavaScript/TypeScript, Git/GitHub",First introduced to CS with CS11 and enjoyed it enough to switch my major from Econ.,"My tennis coaches had a website from the early 2000s that aimed to make the sport more accessible by making the online material free. I saw that it had the potential to reach a much wider audience but much of the instructional material was highly outdated and not easily accessible to the current level of software technology. I aided in transforming it into a more user-friendly, contemporary platform. My main roles involved video production, where I took charge of video reshooting and editing for multiple courses that totaled 48 hours to match the updated website. The new website now serves as a valuable reference for aspiring tennis players. Here is the site for reference:  https://greatbasetennis.com/",,9,1,11,12,4,6,10,7,3,2,5,8,"Village Hub Food/ Bread & Roses 
When my family first immigrated to America, I experienced food insecurity, often missing meals at school because my family couldn’t afford it. Knowing the feeling of hunger and not being able to eat along with my peers, I wish to become a part of a team that supports initiatives similar to the food shelters I volunteered at during the holidays. Through these experiences, I know such efforts need to have continued support to be able to succeed long-term. This is why I want to help JumboCode make a sustainable impact on a larger scale. 

English at Large/ Dillar Academy 
Growing up, watching my parents navigate a new job market in a foreign country emphasized the challenges of communicating in a second or third language. I was able to witness how the language barrier demanded them to work twice as hard to access the same opportunities as native speakers. I attended an elementary school that discouraged my parents from speaking our native language at home in an effort for me to ‘assimilate,’ which only hindered my sense of identity. This experience made me realize how crucial it is to preserve one’s own culture, even if it requires having to learn a new language and adjusting to living in a foreign country. I see these two projects as a way to help people that have been in positions similar to my family as education doesn’t have to come at the expense of identity. 

A2Empowerment 
Coming from a country where women are often discouraged from pursuing higher education such as a bachelor's or master's degree, I have seen how gender discrimination limits both academic and professional opportunities. When my mother was expecting, she was refused employment at many companies despite her qualifications due to the chauvinism surrounding maternity leave and her responsibilities as a soon-to-be mother. Due to this, she was forced to work until absolutely needed, and without the guarantee of paid leave. Unfortunately, even though times are changing, I still see my female relatives within my extended family having to fight for the right to attend college and gain independence, and escape the need to rely on a partner for financial support. If women were able to succeed with little to no support before, we can only imagine the great impact this project can make by the same time next year. ",N/A,"Along with the free tennis lessons, I got you for room lockouts as well. ",N/A
9/21/2024 0:03:20,Leann Dinh,,She/her,Leann.Dinh@tufts.edu,2026,Yes,"I want to join JumboCode because it offers the hands-on experience I’ve been looking for, especially in building projects that make a real impact. I love the idea of seeing something I create come to life and make a difference. 

JumboCode is a chance for me to apply and grow my coding skills while contributing to meaningful solutions for nonprofits. Knowing that the work I do could benefit others is really motivating, and I’d really want to be part of a team where I can contribute to meaningful projects that make a difference in people’s lives while developing my skills in a real-world setting.","I’ve had experience working on impactful projects through my role as co-chair of the Women in Tech (WiT) 2024 conference at Tufts. Leading this event has given me a deep understanding of how meaningful community engagement and collaboration can be. We brought together speakers, sponsors, and attendees to focus on supporting and uplifting women and non-binary individuals in tech, which had a direct positive effect on the community.

From coordinating logistics to managing outreach and promoting the conference, I saw firsthand how much effort goes into creating something that benefits others. I am so excited to be a part of the event on September 29th (register and come if you are interested -- learn more at tuftswit.com!)

I want to bring that same passion for creating something meaningful to JumboCode, where I can apply my technical skills to build solutions for nonprofits. ",Yes,Yes,"I will be busy on September 29th for the Women in Tech conference, which falls on a Sunday, but after that, my Sundays will be free, and I’ll be available for the one-hour weekly team meeting.","CS 11: Intro to Computer Science, CS 15: Data Structures","C/C++, HTML/CSS, Swift, Git/GitHub, Python",My first introduction was CS11!,"One project I’m really proud of is an interactive currency-exchange app called currentc.wiki that I helped create during the Wellesley hackathon. The app provides real-time exchange rates between two currencies, displays a one-month historic rate graph, and even evaluates whether the current rate is favorable. Our goal was to build something practical that could help people make more informed decisions about when to exchange currencies (which was inspired by my struggle with reloading Flywire everyday to figure out the best exchange rate to pay my tuition).

We built the app using a prediction algorithm powered by a Python-based backend and Shiny’s GUI system to keep the interface simple and intuitive. I worked on the web-based components using Web Assembly, which was a challenge but ultimately improved the app’s speed and performance. One of the biggest technical hurdles we faced was scraping the currency data efficiently, and me and my team solved this by using regular expressions to handle large sets of data. Throughout the process, we used GitHub for version control to manage updates and keep everything organized, and we successfully deployed the app as a fully interactive website.

What made this project exciting for me was not only solving technical challenges but also seeing how the app could be useful in the real world. It ended up winning three awards at the hackathon, including “Most Readily Employable” and “Best Financial Hack” with Capital One, which was really rewarding after all the hard work we put in.",Linkedin: www.linkedin.com/in/leann-dinh,5,10,2,4,9,1,12,6,7,11,3,8,"I’m particularly drawn to projects that have a real, positive impact on people’s lives. My top choices are all aligned with that focus, whether it’s working to bring justice to those wrongfully convicted, supporting students navigating challenges without a safety net, or empowering women through education.

What I find exciting about these kinds of projects is the opportunity to make processes more efficient and help organizations achieve their missions more effectively. I want to contribute to work that not only uses my technical skills but also makes a tangible difference in people’s lives. Each of these projects offers a chance to do just that, and that’s what motivates me.",None.,None.,I have not been a part of Jumbocode.
9/21/2024 0:20:33,Skylar Gilfeather,,she/her,sky01100111@gmail.com,Graduated ho,Yes,I want to say hi to new board as a washed up member of old board,"One big philanthropic project I took on was spending hours of my free time, unpaid, on this damn club",living in brighton,Taking a gap semester,"Guys that’s such a late time for the GIM, you really should try to move it up to 7 at least","CS 11: Intro to Computer Science, CS 15: Data Structures, CS 40: Machine Structures and Programming, CS 105: Programming Languages, CS 116: Introduction to Security, CS 121: Software Engineering, CS 160: Algorithms, CS 170: Computation Theory, Working full time as a software engineer at a hybrid cloud data storage company in seaport","C/C++, HTML/CSS, JavaScript/TypeScript, React, Swift, Git/GitHub, SQL, Node.js/Express, Python, Agile",Jackson Parsells,"The Legacy Project and the Legacy Project pt 2, but if Arielle comes back and makes you guys do a Legacy Project pt 3 I will take down the site myself in retaliation",,7,12,6,1,10,2,5,3,9,8,4,11,Woooooo Holden and Siara,Really feel uncomfortable working with Ben Borgers :/,,"I was developer, project manager, and then head of project management :)"
9/21/2024 0:23:00,Jordan Anthony Pauzie,,He\Him\His,jordan.pauzie@tufts.edu,2026,No,I want to gain more experience working in a collaborative environment where I can contribute to a meaningful project,I used to make sandwiches for my hometown's women's shelter and was a reading buddy for little kids.,Yes,Yes,"monday, Tuesday, Wednesday -> 6pm - anytime | Friday -> 10 am - 4 pm | Saturday, Sunday -> 10 am - anytime","CS 11: Intro to Computer Science, CS 15: Data Structures, CS 40: Machine Structures and Programming, CS 152 Computer Vision, MATH 87 Mathematical Modeling","C/C++, Python",CS 11,"I really enjoyed working on Arith in CS 40; this project involved lossy image compression,  two-way conversion between full-color portable pixmap images and compressed binary image files and was written in C. My partner and I worked together on this for about a week and a half, and used techniques such as bit manipulation. ",,5,7,9,6,1,3,12,4,10,8,11,2,"When I lived in Indonesia, I met many people with competent English ability due to the education programs available to them. Hearing their stories, it was apparent that English allowed them to better connect with the wider world and expose them to more educational opportunities. I think what Dillar Academy is doing is really impactful, and that giving Uighars English learning opportunities is a great thing.  ",Nah I'm friends with the people I know there like Donatello Sassroli,,No
9/21/2024 0:28:00,Darsh Damani,,he/him,ddaman01@tufts.edu,2028,No,"By joining jumbocode, I hope to gain experience on how to work on a large scale project ( ie the project spanning over a year) as well as learning and getting familiar with different programming languages. I've never worked in a group coding project and I feel that through jumbocode, this will be a great way to experience this. Since I am an aspiring CS major and most people in the project would be too, it would be a great way to learn the tips and tricks of computer science as well as gaining information about the professional side of things ( finding internships, networking etc).","
Worked with Thinksharp foundation- a foundation which aims to bridge the rural-urban education gap where I developed a methodology to distribute 20 education tablets among 15 schools, conducted a market study to discover cost effective tablets and raised 1 lakh for purchasing said tablets. The method to distribute the tablets among students involved distributing tablets based on different school timings for older and younger students. Apart from this, I analyzed the National Education Policy of 2020 and conducted workshops with  15 thinksharp teachers to administer the policy which affected 300+ students. Conducted a clothes drive and raised 150 pairs of clothing, which were donated to the different schools ThinkSharp works with.

Fitucate initiative 
Started an initiative to spread awareness about fitness, launched a website which sells custom designed clothes and gym accessories.
Visited the Ratna Nidhi Charitable Trust with Dr. Niti Desai, a renowned nutritionist, and changed the diet for 300 children. The 2 lakh rupees raised through the 4 charity football tournaments helped enact the changes.
Hosted a pushup competition with 200 participants, profits raised were used to buy a vegetable cutter for the Ratna Nidhi Charitable Trust.

Ratna Nidhi Charitable Trust Internship
Spent approximately 4 weeks sorting and cataloging 500 educational books  to set up mini libraries for 25 schools.

Pavna Project
Teaching experiences 
Conducted mathematics classes in the rural village of Pavna (4 hours from Mumbai) with 15 students. 
Developed an application using Swift to visualize and solve basic geometry problems, and used this application to supplement the classes.
Conducted Cybersecurity workshop with 15 students and 5 teachers on online safety and password protection.
The money raised through Fitucate website was used to repaint the school  and provide higher quality books to the students.
Ratna Nidhi Charitable Trust was contacted and a mini library was set up in the school and ThinkSharp foundation was contacted to add Pavna to its list of schools which it rotates tablets with.
",Yes,Yes,"Yes, I am available.",,"Swift, Python","My first introduction to computer science was also my class held via zoom. In Mumbai, online school had started on the first day of 9th grade, which happened to be my first computer science class. This class happened to be a nightmare. The teacher dived into java, expecting us to have set up BlueJay from before, and made us go straight into coding. I struggled the entire time learning things from the internet while simultaneously rushing on Whatsapp to check if anyone knew what they were doing, while hoping everything I had previously written was correct. This was my first true experience of computer science: hectic and chaotic. As the classes went on, I did get better at it and ended up taking it as a standard level in the IBDP program, but that first experience is what made me enjoy the subject of computer science."," 
In my 11th grade, I wrote a research paper under an IIT delhi professor where I used R studio to conduct a bibliometric analysis on “Review and content analysis of textual expressions as a marker for depressive and anxiety disorders (DAD) detection using machine learning”. It was a 9 month long process where I learned a lot about academic writing, and the process of collecting, analysing data and about R.",,10,1,11,9,8,6,3,4,12,7,5,2,I choose the preferences based on what I liked and found interesting from reading the descriptions and the slides.,,,Nope
9/21/2024 1:43:29,Colin Keegan,,He/Him/His,colin.keegan@tufts.edu,2025,No,"I have been wanting to gain more real-world coding experience for a long time, and JumboCode is a great way to do that while also helping the local community. I want to use my comp sci powers for good instead of evil :). I hope to improve my skills as a programmer, especially in a real-world setting. I also want more practice working with a coding team, since most of my projects have been solo or with one partner. Lastly, I hope that I can gain more of a connection with the local community and give back!",In high school I volunteered at a soup kitchen and at two different food pantries. I was also a classroom assistant at a Montessori school for pre-k and k students (assisting the same teacher I had when I was in pre-k!!!). ,Yes,Yes,"Fridays before 7, anytime Saturday except 1-3, anytime on Sunday, Mondays after 3, and maybe Thursdays after 4","CS 11: Intro to Computer Science, CS 15: Data Structures, CS 20: Web Programming, CS 40: Machine Structures and Programming, CS 116: Introduction to Security, CS 160: Algorithms, CS 23: Game Design, (also currently taking Intro to App Development for what it's worth)","C/C++, HTML/CSS, JavaScript/TypeScript, Git/GitHub, SQL","I started out making scratch projects in middle school (I actually recently rediscovered my old account), and I made a version of Pong for iPads in 8th grade.","I'm really proud of my final project for cs 20: web design. I worked with a team and it was a good challenge to split up tasks and coordinate with everyone. I liked that we could all play to our strengths when contributing to the project. We built it using HTML, CSS, javascript, PHP, and an SQL database through SiteGround. I think that working with databases and figuring out how to store, pull, and then display data from our database was one of the biggest challenges we faced. We split up the task so that people could work to their strengths and we were able to work much faster. I am particularly proud of designing our ""products"" and ""ordering"" pages. We were making a website for a fictional pokemon rental service, and I made the pages that handled orders match with trading interfaces from the games and made the page that displayed the Pokemon resemble the trading cards. In the end I think it turned out really great!","https://colink.sgedu.site/ has links to my most polished projects, including my cs20 final. Pardon the appearance please...",5,11,7,2,9,10,3,4,8,1,6,12,"I've heard of Bread & Roses and they seem like a really great organization to work with. I like that this project would have an immediate and direct positive impact on the local community, and I think this project has a lot of potential! I'm also interested in game nights haha",,,No!
9/21/2024 10:10:57,Peter Wolfe,,he/him,peter.wolfe@tufts.edu,2025,Prefer not to answer,"Participating in JumboCode would mark my first long-term software engineering project. I’ve found that the best way to learn something is to experience an intense — but safe — microcosm of it. The project formats are exactly that. Literally couldn’t be a better fit for the experience I’m looking for.

Teambuilding is also something I value deeply. Over many years of working on theater and film sets I’ve experienced miraculous bouts of creative synergy, rivaled only by horrifying disasters that somehow, even more miraculously, were salvaged in the end. No matter which way it goes, there’s a certain magic

Also the club culture looks really chill overall which is a huge plus.","In high school, I was part of a mother-son volunteer organization called Service Corps. My mom and I volunteered throughout San Francisco, spending time at food banks, animal shelters, tutoring centers, and doing field work. This experience brought us closer, which I'm really grateful for.

I also volunteered at a retirement home where I ran a tech support booth for seniors. This experience opened my eyes to how delicate usability can be. A single weirdly-named button or badly designed sync system (I’m looking at you, iCloud) can cause a world of pain for someone whose life is already hard enough. My ultimate goal was to empower the residents to troubleshoot on their own, making my role eventually obsolete. It was a huge challenge, as I had to synthesize many disparate CS concepts and terrible UX decisions into simple, usable metaphors. This experience made me an immensely better communicator.

While studying abroad in Madrid, I worked on a short documentary focused on interviewing subway musicians. This project was particularly enjoyable because it introduced me to a hidden world of underground (pun intended) performers. Many of the musicians were immigrants with incredible stories, and I felt honored to document their words and songs.

Most recently, I helped finish a promotional video for Eleanor Lives, an organization dedicated to incorporating Eleanor Roosevelt’s Universal Declaration of Human Rights into the UN Charter. The project had a tight deadline and involved an active line of communication with multiple parties. It came together beautifully and I’m so excited for it to be shown at the NY Summit of the Future.

While not technically a volunteer role, my favorite job I’ve ever worked was as a receptionist at a hostel in San Francisco. Beyond being efficient and solving logistical problems, a large part of the job was creating a welcoming atmosphere and fostering a sense of community among travelers. Some of the guests I met have since become lifelong friends, whom I even visited while studying abroad.",Yes,Yes,"Monday 3pm till end of day
Tuesday 3-6pm
Wednesday 3pm till end of day
Thursday 6pm till end of day
Friday, Saturday, and Sunday I usually get work done so I'm very flexible to schedule around meetings","CS 11: Intro to Computer Science, CS 15: Data Structures, CS 40: Machine Structures and Programming, CS 121: Software Engineering, CS 23: Game Design","C/C++, HTML/CSS, Git/GitHub, Python","When I was 10 I got really obsessed with Minecraft command blocks. This kickstarted my map-making career, where I produced bangers like Alien Apocalypse and Explosive Diamond PVP. My biggest project, Herobrine’s Threat, received an insanely impressive 3 downloads.","Probably my coolest flex is that when I was 14, I did a commission project for a big Minecraft animation channel. I worked on it in Blender for about 2.5 months. With 17 different scenes — each one with a different environment, lighting setup, characters, rendering — it was by far the biggest self-directed project I had done in my life. While I was mainly self-taught at that point, this project required me to seriously brush up my workflow by taking a formal animation class. In the end it was a huge labor of love and probably the only project I can look back on without finding something I wish I’d done differently.",https://www.linkedin.com/in/peter-wolfe-ab8625213/   The legendary Minecraft animation: https://youtu.be/wU4p2LvSfRw,1,6,9,12,5,4,2,8,11,7,10,3,"I feel the urge to work on an ambitious project, especially one where usability is a challenge. (I think this will be my biggest strength.)

I also picked based on which project leaders I thought I’d vibe well with.",Just the Somerville Museum project. A close friend of mine is opps with one of the project leads and I’d rather not be between that. A classic Tufts dilemma.,"As a senior majoring in CS, my relative lack of experience is due to my year abroad, where unfortunately, very few CS classes were offered to me. I’m making up for lost time by taking CS 170, 105, and Web Design this semester. I expect my tech stack familiarity to grow immensely this year.

Also, I wrote this application wearing Lightning McQueen crocs.",
9/21/2024 16:29:42,Brendan Graziani,,he/him,brendan.graziani@tufts.edu,2027,No,I want to join JumboCode because it will provide me with an opportunity to work on meaningful projects. I will definitely learn more about web-app design (as I have very minimal knowledge in that) and learn to deal with real-world problems. I hope to improve my teamwork abilities and increase my understanding of software development in general.,"I don't have too much experience volunteering in college (I was going to be a TA for physics this semester but that ended up not working out because of how many classes I'm taking) but I did do a lot of community service in my hometown with the public library - every summer they would have a large sale and I would help set up, bring out and organize books, etc. This provided me with team skills and I genuinely felt good helping out.",Yes,Yes,I am available most times one Wednesday and all times on Friday and Saturday. Tuesdays and Thursdays are especially bad for me.,CS 11: Intro to Computer Science,"C/C++, Git/GitHub, Python, I have a little bit of experience in Swift but not enough to be ""comfortable""",I have been interested in computer science ever since I took a Python class in 9th grade.,"I don't necessarily have one ""big"" project that I've worked on for months at a time, but one of my deep interests is game development. Since I was in 9th grade, I have been working on games (either already thought of or ones I made up). Some examples include making tetris, chess (but my own version with a couple different rules), and asteroids. I have also always been interested in simulations; some I have built are a softbody physics engine and a boid simulator. All of these have been in python, but I also did build a very rudimentary version of flappy bird in Unity (which I partially learned last summer). I have been very passionate about all of these projects and I hope to continue with that passion with software development through JumboCode.",N/A,7,6,10,8,9,5,11,2,4,3,12,1,My first choice is Tufts General Council because they are the only group that will use Python (!) and I have been using Python for quite a while. My second choice is LCS because I think tutoring is something that's really impactful to a demographic I'm familiar with (students) because I am one. My third choice is Bread and Roses because I think food insecurity is one of the biggest problems our world faces and making progress on that is very important. The rest of my choices are just based on level of interest with the topic.,Nope :),Thank you for extending the deadline 🙏 I've been slammed with work this week.,No
9/21/2024 19:39:03,Isabel Francis,,she/her,isabel.francis@tufts.edu,2025,Yes,"Since the majority of my programming experience has been for coursework, I'd like to gain experience working on a project with real impact on my community. I'm excited in a large team structure that resembles industry programming projects. I'm excited to see a project from ideation to completion.","I've been a tutor for LCS for a few years, tutoring elementary school students in Math and English. As business director of The Tufts Daily, I've spent a few years building relationships with local business and working with alums to ensure the Daily is financially accessible to members of the Tufts community.",Yes,Yes,"I'm free Mon-Wed after 8pm, Saturday before 4pm, and Sunday before 4pm and after 6pm.","CS 11: Intro to Computer Science, CS 15: Data Structures, CS 40: Machine Structures and Programming, CS 105: Programming Languages, CS 116: Introduction to Security, CS 160: Algorithms","C/C++, HTML/CSS, Swift, Git/GitHub, SQL, Python",I made games and plays in elementary school in Scratch.,"In freshman year, I made an app for my middle school that was used used my parents to view their children's artwork if they couldn't make it to the physical exhibition. I'd never used Swift before, so I taught myself how to design IOS apps. I was essentially a designer and a dev for the app, communicating with the school's art department to. make something we were all proud of.",,11,1,7,6,9,2,5,10,12,8,3,4,"When I was in high school I volunteered at a food bank, so I'm familiar with how much administrative work people had to put in to organize and distribute all the food they received.",,,No
9/21/2024 20:25:58,Emilio L. Aleman,,He/Him/His,emilio.aleman@tufts.edu,2027,Yes,"I want to join JumboCode because of the impact it has on uplifting voices and organizations in the local community. I have always wanted to combine my interests in using technology and volunteer work to help others and organizations in the communities I am involved in.
I hope to improve my web development skills as an engineer, whether it be front-end or back-end technologies. I also hope to join a welcoming and growing community of technology enthusiasts who love to give back and develop their knowledge in all things tech.","I volunteered and worked with non-profits all throughout my high school career. I tutored for a non-profit math company called YMath, tutoring elementary, middle, and high school kids in math topics ranging from pre-algebra to calculus. I also created my own organization in high school with a friend called ""DEAS Academy"" to create resources for students who come from underrepresented communities. This allowed them to have new study materials and another way for students to learn content.",Yes,Yes,"I would be available every evening each week, except for Tuesdays and Thursdays from 8 PM to 10 PM.","CS 15: Data Structures, CS 40: Machine Structures and Programming","C/C++, HTML/CSS, JavaScript/TypeScript, React, Git/GitHub, SQL, Node.js/Express, Python","My first introduction to computer science was in 9th grade for my ""Introduction to Computer Science"" in Python and Java","The project I am most proud of is the BCA Research Hub that I made with two of my classmates for my CS Capstone in high school. This was similar to a learning management system where students and teachers could collaborate and communicate together on the progress of a research project that is currently being done. There was also a page for file uploads so students could upload research competition PDFs and other documents for their projects.
The tech stack was: HTML/CSS/JS, node.js + Express, Bootstrap, EJS, SQL, Auth0, Google Drive API.
The main challenges my group faced was communication and we realized that having a centralized place to communicate with each other from the very beginning would've been better for efficiency. We also sometimes faced ""dead ends"" where we spent a lot of time trying to solve one small problem on the way, before implementing other major features. This cost us some time and we realized that finishing the ""meat"" of the project first, and focusing on the details later, is a better way to approach projects like these.",https://emiliolaleman.com/,3,8,2,7,4,11,12,5,6,1,9,10,"I would like to join Bread & Roses because of the solution to the current problem: a scheduling web-application. I love anything and everything that has to do with organization and scheduling, and the fact that this application helps those with food insecurities only makes the project even more impactful. Thus, it would be an honor to join this team.
I would also like to join The Wily Network because of its support to fellow college students. By helping others around my age with emotional and financial support, they would be able to navigate college a bit easier with less troubles and worries. The fact that this web-application is also somewhat organizational also drew me towards it.
Lastly, I would like to join the West Medford Community Center group because of its solution to a common problem for newsletter and publication organizations. By creating a web-app that facilitates templating and histories of past publications, this would take the burden off of the Executive Director and make the Community Center more efficient.",N/A,I would truly love to join the JumboCode community and heavily contribute to the project I would be involved in!,No
9/21/2024 21:18:09,Gabriela Dozortsev,,she/her,Gabriela.Dozortsev@tufts.edu,2025,Yes,"I want to join Jumbocode to use coding to make a direct impact in our local community! Oftentimes programming can feel very disconnected from anything related to social good, especially since the internships and classes I have done coding before were all very low level projects. I have always been especially interested in finding a career in CS that is more directly related to social good, and this would be a great opportunity for me do just that! Also, since most things I've done in the past has been very low level/ backend, this would be a great opportunity to learn some front end/ web development skills. ","I've done Tufts Food Rescue since sophomore year. For that, I did both on-campus (packaging up leftover food in the dining hall once a week) and off campus (driving leftover food from a Whole Foods to a local food bank) shifts. Besides that, I was also a TA for CS10 for a year, and now I am a CS40 TA (and I was also a tutor at a math school in high school for 3 years, where I ran an session for helping kids with their homework). I am also the Vice President of Computer Science Exchange (CSX) at Tufts this year, which works to foster community among CS students at Tufts! I also participated in their mentorship program last Fall, which pairs upperclassmen students (as mentors) with underclassmen students (as mentees). ",Yes,Yes,"I am available most days in the morning/ early afternoon (M/W, free until 3, Tuesday free until 4:30, Friday is also pretty free)","CS 11: Intro to Computer Science, CS 15: Data Structures, CS 40: Machine Structures and Programming, CS 105: Programming Languages, CS 115: Database Systems, CS 121: Software Engineering, CS 160: Algorithms, CS 170: Computation Theory","C/C++, Swift, Git/GitHub, SQL, Python, Go, Java",I've been taking coding classes since freshman year of high school!,"For my internship last summer (2023), me and two other interns built a API microservice application to automate dataset summary and improve search for NASDAQ DataLink! Before this project, all of the one line summaries for the datasets were done manually. These summaries were then fed into the search algorithm, so they were resulting in poor search results. We started completely from scratch, designed our own architecture, tested a bunch of different text-summarization LLMs (ChatGPT, Falcon40B, and T5, to name a few), and then spent the last couple weeks of the internship getting our application deployed. The main challenge we faced was that we were given almost no direction with this project, so right from the gate we had to pull together whatever combined knowledge the three of us had from classes and past experience to make something that none of us had ever done before. We also had to figure out how to delegate amongst the three of us, and play into our individual skills to get the project done in the 10 weeks we had. We started the application having only one service (just a Flask app), but then realized about halfway in that, because of the way we had delegated the project, we could have three distinct services and turn the project into a microservice application. One of the services communicated with Databricks, which hosted the model. The second one (the one I worked on) communicated with Gitlab API, which would use a Gitlab Webhook to trigger our summarization every time an update was made to the dataset repo. The third acted as a ""master"" service, and also facilitated the front end of the application. We actually ended up finishing ahead of schedule, and decided to take on the challenge of trying to deploy our service. Only one of us had ever worked with Docker before, and none of us had done anything with Kubernetes before, so this involved a lot research and asking for help. Besides this, we were also able to add some bonus features (such as keyword generation) to also feed into the search algorithm and further improve results.",github.com/gdozortsev,5,12,11,9,4,1,6,10,2,3,7,8,"Criminal Justice and Law have always been a passion of mine that I want to explore more, which is why the New England Innocence Project aligns directly with my interests. If I had not studied Computer Science, I would have gone to school for something related to criminology. For my 2nd choice, I chose the English at Large project because this is a project that definetely hits close to home as somebody who grew up with immigrant parents who very quickly had to learn English when they moved to the US. Programs like these can be crucial for non-English speakers to be able to get a job or find a community. For my 3rd and 4th choices, I chose something related to food insecurity because it aligns with my previous experience working with Tufts Food Rescue. ",no,no,no
9/21/2024 21:55:06,Hengxu Li,,He/him/his,hengxu.li@tufts.edu,Masters Student (non-Tufts undergrad),No,"I want to join JumboCode because it offers a unique opportunity to use my technical skills to make a real impact on the local community. The chance to collaborate with non-profits on meaningful projects aligns with my passion for social good, and I’m excited about working on software that creates long-term structural change. JumboCode’s focus on centering community needs and fostering authentic relationships really resonates with me.

I hope to gain hands-on experience in modern web development and client collaboration, learning from PMs, Tech Leads, and designers in a practical, supportive environment. The year-long project cycle and the opportunity to grow my skills through teamwork make JumboCode the perfect place for me to develop both technically and personally while contributing to causes that matter.","This past summer, I worked with the City of Boston on a project to improve the categorization and routing of 311 service requests. I trained on-device image classification and object detection models to help the city respond more efficiently to community issues like potholes and trash storage.

During my undergraduate years, I served as a project lead in the Engineers Without Borders UCL Chapter, where I helped organize and deliver engineering workshops to k-12 students in London. I also volunteered as an A-Level Math tutor with CoachBright.org and provided mentorship for college preparation through Brightside.org.uk for over a year.",Yes,Yes,"Monday: 12:00 PM - 4:15 PM, after 6:00 PM
Tuesday: Before 12:00 PM, 2:45 PM - 5:45 PM, after 7:30 PM
Wednesday: 12:00 PM - 4:15 PM, after 6:00 PM
Thursday: Before 5:45 PM

I am also open to discussing other time slots if needed.","CS 15: Data Structures, CS 121: Software Engineering, CS 160: Algorithms","C/C++, HTML/CSS, JavaScript/TypeScript, React, Git/GitHub, SQL, Node.js/Express, Python","My first introduction to programming was a C course in my first year of undergrad, but I consider my true introduction to computer science to be a second-year course in computer networking. My official CS introduction was through CS 15 at Tufts.","I’m particularly proud of the first web app I ever built and shipped, especially since my background during most of undergrad was focused on AI systems and pipelines, not web development. Although I had some experience building interfaces with Django and PyQt5, this was my first true web app—a simple Gradio interface integrating a Stable Diffusion model.

What made it special was the immediate reception. I shared it with my friends, and it quickly gained popularity within my circle. Seeing people actively using it and discussing the images it generated brought me a lot of joy. It was a great feeling to know something I built was bringing value to others. That experience solidified my decision to dive deeper into web development, though I had a brief moment of regret a month later when I realized I hadn’t shut down the AWS instance for the app.",https://github.com/williamli-15,10,3,7,5,11,12,4,9,8,2,6,1,"While I have experience with both Next.js and FastAPI, I prefer Python development, which makes the Tufts General Counsel project my first choice. I am also drawn to projects involving scheduling, inventory management, and communication, which is why Bread & Roses, Village Hub Food, and LGBTQ Senior Housing are projects where I believe I can contribute meaningfully given my background. Additionally, I am equally interested in working with NoSQL databases like MongoDB, as well as relational databases using ORM. ",,,"No, I have not been a part of JumboCode before."
9/21/2024 22:52:36,Lierbag Snoisses,,he/him,gsess7732@gmail.com,2028,No,"I'd like to to use my skills to leverage synergistic paradigms to optimize our core competencies and maximize cross-functional alignment at JumboCode. By learning how to  streamline end-to-end solutions, I'd like to improve my key competencies to achieve scalable growth and deliver on key performance indicators while fostering a culture of innovation and agility. I'm super excited to work on JumboCode projects that enhance stakeholder value and push the boundaries of what's possible.","At JumboCode I’ve had the incredible opportunity to immerse myself in a diverse range of impactful initiatives that are truly at the intersection of community empowerment and social good. By leveraging key partnerships with mission-driven organizations, I’ve been able to drive holistic engagement and foster a culture of inclusivity and sustainability. Through a hands-on, grassroots approach, I’ve contributed to scalable volunteer-driven outcomes, ensuring alignment with organizational objectives while catalyzing transformational change across the board. My experience is centered on creating synergistic collaborations that amplify the voices of underrepresented communities, all while navigating the ever-evolving landscape of non-profit ecosystems.",Yes,Yes,Anytime after 7:15pm on weekdays,"CS 15: Data Structures, CS 115: Database Systems, CS 116: Introduction to Security, CS 121: Software Engineering, CS 160: Algorithms","C/C++, HTML/CSS, JavaScript/TypeScript, React, Git/GitHub, SQL, Node.js/Express, Python",AP Computer Science in High School,"Last year in JumboCode I had the privilege of spearheading a dynamic, forward-thinking project that truly pushed the boundaries of innovation and creativity. It was a transformative initiative where I applied cutting-edge methodologies to craft a solution that delivered tangible impact across multiple verticals. By employing an agile, iterative process, I seamlessly integrated cross-functional inputs to build a scalable, user-centric product that resonated with key stakeholders.

Throughout the lifecycle of the project, I encountered challenges related to resource optimization and aligning diverse team goals. However, by leveraging a data-driven approach and fostering a culture of adaptability, I was able to overcome obstacles, deliver on critical timelines, and ensure the project’s success. This experience was both a game-changer and a catalyst for my professional growth.

This year I made an AI-powered application management and selection system designed to optimize decision-making with data-driven insights. Leveraging machine learning algorithms, we streamline candidate evaluation, delivering personalized recommendations for each applicant. With intuitive dashboards and seamless integrations, I'm providing real-time analytics, ensuring a scalable, user-friendly experience for leadership and administrators alike. From application intake to final selection, I empower teams to make faster, smarter choices, reducing bias and driving success in talent acquisition and program management.",https://jam.gsess.dev,4,10,11,1,5,9,8,6,2,12,3,7,"My choice for the Somerville Museum was driven by its unique positioning as a dynamic cultural hub that fosters community-centric innovation while preserving historical narratives. The museum embodies a strategic alignment with core values of inclusivity and accessibility, creating a scalable platform for impactful engagement. By curating diverse, immersive experiences, it facilitates a multi-stakeholder approach that empowers local voices and maximizes cultural equity. This choice is a testament to the museum’s ability to act as a catalyst for driving forward-thinking initiatives that resonate with both contemporary audiences and traditional community frameworks.","pls don't make me work with Gabe, he's the worst...","If you plan on accepting my application, please chat with eboard :)",Dress for Success last year
9/21/2024 22:53:33,Hunter Niimi,,he/him,hunter.niimi@tufts.edu,2027,Yes,"I want to be able to meet other people who have similar interests regarding computer science, web development, and volunteering! I hope to gain some more coding experience as well as some real world experience by working with a team for a stakeholder. I’m also interested in meeting other STEM people that represent other underrepresented communities!","In high school I volunteered as a junior high math tutor! I worked with students on understanding pre-algebra topics as well as helped students catch up on make-up homework. I also worked as a Co-Project lead for a project in my STEM capstone high school class. Our team partnered with a Title I, free lunch, non-profit elementary school with more than 26% of the student body having been diagnosed with special needs. We collaborated with the Principal to design, develop, and produce 8 sensory boards from scratch, incorporating stakeholder engagement to ensure the boards met the students’ specific needs. I also have volunteered for my Japanese Buddhist Temple in Arizona and am an active member of the Arizona and national Japanese-American Citizens League. In addition, I am a current member of Tufts Tutors for Hope where I have been tutoring an 8th grader in math for the past year. 

",Yes,Yes, Very available!,"CS 11: Intro to Computer Science, CS 15: Data Structures, Discrete Mathematics","C/C++, Python",My first experience with computer science was my junior year of high school when I took AP CSA. I then took CS11 spring of sophomore year and really enjoyed that! I also participated in Tufts ACE++ program this past summer and really enjoyed CS15 and discrete mathematics as well as getting to meet and get close with other individuals apart of underrepresented STEM groups  ,"I’m really proud of the project I worked on in my high school STEM capstone class. My team and I worked with a stakeholder that we really cared about. We met with the principal to tailor the sensory boards he asked for to his students’ specific needs. ASU, who sponsors the class and projects, ran into some legal issues that shortened our time frame and cut our budget. This made us adjust our whole plan by changing our timelines and deviate from our original blueprints for the sensory boards. We had to budget things differently and look for less expensive, but still good quality, items for the boards. Overall, we met our stakeholders expectations and am really proud of my team’s communication, dedication and passion, and discipline. I really enjoyed getting to work on a project that was helping a cause I am really passionate about. ",github.com/hkniimi,7,9,3,5,6,11,2,1,4,10,8,12,"I’ve done volunteer work in tutoring both in high school and here at Tufts and really enjoy it. I am very passionate about the ability to give back to my community and really enjoy working with kids! In addition, as a member of the LGBTQ+ community, I find the senior LGBTQ housing very important and something I would love to be a part of. It would be an honor to be able to give back in some way to my community. ",No!,,No
9/21/2024 23:07:42,Marcus sang,,Him/he,marcus.sang@tufts.edu,2027,Yes,I would like to work with jumbo code because I am super interested in developing applications to assist businesses in furthering their reach. I hope to gain experience in bridging the connection between clients and their clientele within the business realm. ,I have worked mostly with homeless non profit companies providing food to the less fortunate. ,Yes,Yes,Complete available ,"CS 11: Intro to Computer Science, CS 15: Data Structures","C/C++, JavaScript/TypeScript, Swift, Python","Personal projects with web scraping in high school, self taught. ",I am currently working on an IOS to help students maximize their closet and find inspiration based on clothing items they own. ,Theuniformapp.com,7,5,11,3,9,2,8,10,12,6,4,1,"I prefer general counsel because they handle a variety of legal matters in one place, making it easier to manage issues like compliance and risk management. This allows the Office of University Counsel to efficiently track disclosures and ensure that legal requirements are being met across the university.
",I feel comfortable with everyone,N/a,I have never been apart of jumbo code
9/21/2024 23:21:31,Jordan Andrew,,she/her,jordan.andrew@tufts.edu,2025,Yes,"Throughout my experience as a CS major, I have worked on many large projects, spent tireless hours in the JCC, and gained a lot of valuable experience coding in languages like C, C++, HTML/CSS, and more. However, all of these projects and assignments simply allowed me to code for a grade. Up until now, I have never had a chance to use what I have learned in a real-world environment that would allow me to work with and help out local non-profit organizations. I have had plenty of opportunities to program assignments that have been completed again and again by thousands of Tufts CS students, but through JumboCode, I finally have the chance to apply my skills to real-world projects that benefit local non-profits, making a tangible impact with my work.","When the pandemic began, I started working as a math tutor, helping kids who were struggling with their coursework due to online learning and other challenges. I have continued to work with the same three kids since then (over four years) and have been able to watch their math skills grow immensely. One of the kids I work with initially had difficulty focusing on lessons for more than 15 minutes at a time, and I was recently told by her mom that she ended up placing into advanced math this year. When I started tutoring those kids, I never really thought about the impact much, but seeing their progress over the years has shown me how meaningful and rewarding it is to help others succeed.

I have also been a member of Tufts Public Harmony since the beginning of my sophomore year. Public Harmony is a service club that aims to provide joy and comfort to our community through music. We have weekly service concerts where we go and perform at local nursing homes, pediatric cancer facilities, and other places where music can bring comfort and healing. These performances have allowed me to connect with others in a meaningful way, using music to brighten someone’s day and make a positive impact on the community.
",Yes,Yes,"Mondays, Wednesdays, Thursdays 6:30-9pm
Fridays: anytime before 4:30 and anytime after 7","CS 11: Intro to Computer Science, CS 15: Data Structures, CS 20: Web Programming, CS 40: Machine Structures and Programming, CS 105: Programming Languages","C/C++, HTML/CSS, JavaScript/TypeScript, SQL, Node.js/Express",CS11!,"Over the summer, I was a fellow in the Make-A-Play Program, which is designed to help under-represented athletes gain professional experience. For the second half of the fellowship, the fellows were divided into six groups for a case competition, where we were given a business problem that we needed to solve and present on. I was selected as the “scrum master” of my group, and was in charge of planning our meetings, delegating tasks, and essentially ensuring everything came together at the end. I was completely brand new to this kind of work, as it was essentially a consulting project (we had to come up with a budget, a KPI framework, a risk assessment, etc), and there were a lot of moving parts. We all agreed on the phases we were responsible for, and we scheduled weekly meetings to go over our progress. One issue we ran into was that a lot of the content we were responsible for was unclear, and when we sent out messages to the company, they did not respond. So, it was up to us to investigate and complete additional research to ensure we were going in the right direction. One big challenge I faced was when one of our group members stopped responding one week before the presentation. I worked with another group member to complete his part and we ended up getting everything done in time. 

This project was the first time I was the leader of a real-life business project, and it taught me a lot about leadership, teamwork, and problem-solving under pressure. I learned how to manage unexpected challenges, communicate effectively with a team, and take initiative when things didn’t go as planned. Despite the obstacles, I was proud of how we pulled together and delivered a successful presentation. This experience gave me confidence in my ability to lead and adapt in a professional setting. After our presentation, all of my group members texted in the group chat about how proud they were and how they appreciated me “keeping everything together.” Of course I was incredibly proud of the outcome, but hearing that my group members enjoyed being a part of our team and felt that I had done a good job leading was the most rewarding part of the experience. It reassured me that not only had we delivered a solid project, but I had also created a positive and supportive team environment.
",,2,4,6,12,9,10,3,1,8,7,5,11,"For my first choice, I chose LCS Tutoring. As I mentioned previously, I have worked as a math tutor for over four years, and I also briefly volunteered as a tutor during the early stages of the pandemic for a five-year old kid who really just needed some companionship and someone to talk and color with. Being a tutor has been one of the best experiences and it has been so rewarding to watch my kids grow stronger and more confident in their abilities. Being able to work on a project that would aid in giving other tutors the same amazing experience and give kids the support they need would be incredibly fulfilling. I know firsthand how impactful tutoring can be, not just academically, but emotionally as well, and working on this project would help me expand that impact.

For my second choice, I selected the West Medford Community Center. I chose this because anyone who knows me knows that one of my biggest values is communication. I am always saying that good communication is the basis for successful projects, relationships, and community engagement. The West Medford Community Center plays a vital role in connecting diverse individuals through various activities, and effective communication is key to that mission. By streamlining their newsletter creation process, I believe I can help ensure that vital information reaches the community more efficiently. I'm excited about the opportunity to contribute to a project that enhances communication and strengthens community ties.",,Nope!,Not yet!
9/21/2024 23:42:05,Adin Lamport,,he/him,adin.lamport@tufts.edu,2026,No,"I have always enjoyed working with others, whether it be coding on a project together or even teaching. From discussing how to approach a new problem to communicating with the clients to figure out their preferences, the whole collaborative process is something I love. By joining the club, I hope to keep this while working to help the different groups in our community as well.","I have several years of experience volunteering and teaching violin and STEM subjects to children around my community. It's always enjoyable to see how everyone learns and also figuring out how to help each individual. No one person is the same, and everyone has their strengths and weaknesses you have to account for, but finding a way that's ""just right"" for each person is what makes helping everyone gratifying. Since high school, I have TA'd various classes such as data structures and even taught in the Tufts pre-college program called ""Engineering with Artificial Intelligence."" Now, I am a TA for EN1 Robotics.",Yes,Studying remotely,"Mon - 1 pm -> 3 pm | 7 pm - 10 pm
Tue - 3 pm - 4:30 pm | 6 pm - 10pm
Wed - 12 pm - 1pm | 2pm - 4:30 pm | 6 pm - 9 pm
Fri - 12 pm - 3 pm
Sat - 10 am - 2 pm 
Sun - 2pm - 4pm | 5 pm - 6 pm | 9:30 pm - 11 pm","CS 11: Intro to Computer Science, CS 15: Data Structures, CS 40: Machine Structures and Programming, CS 105: Programming Languages, CS23 / CS 61 / CS 151 ","C/C++, HTML/CSS, React, Git/GitHub, Python","It was my high school senior year when I enrolled in summer classes at Harvard. There, I took an introductory course on coding called CS 50, where I unfortunately began with C.","This summer, I worked on creating a digital portfolio that allowed the user to customize a template website through ChatGPT. As it was geared toward users without much coding experience, each decision made with the site kept the main goal of ""ease of access"" and ""accessibility"" in mind. On top of this, I had the interface on PyScript instead of a GitHub repository since it's much easier to navigate and see changes side by side. What I love about this project is that it has been used by students, and I have had the chance to get feedback directly. Even now, the students in EN1 are using the interface, which has been updated since the summer. In the end, I love seeing the real-world impact of the work I have, so I have always appreciated any opportunity that allows me to do so.",https://github.com/Alamport,10,8,9,7,1,3,12,11,5,2,6,4,"As English was not my first language, language learning has always been an integral part of my life, and it's frustrating how there are often restrictions or overcomplications. Learning a language changes lives, so there shouldn't be such restrictions. One of the goals of the project is to incorporate it into many different languages, and as a bilingual student, I hope my experience will be able to help out as well. As everyone knows, SIS has had many issues, from just signing in to its lack of functionality. I have experience working with the front end and keeping designs simple (while, of course, retaining the website's tasks). By working with others, I hope to share my experience and collaborate with the other team members!",N/A,,No I have not
9/21/2024 23:47:48,Elena Jin,,she/her,yuhan.jin@tufts.edu,2027,Prefer not to answer,"I hope to contribute more to the local community and develop more of my technical skills as  a Computer Science and Arts major. Meeting more people in the CS community and gaining access to mentorship, bonding and growth sounds so great!","I've volunteered with a tutoring non profit for over 4 years, helping match tutors to tutees for free access to education support outside of public schools, we managed to help over 400+ students over the course of the years from underserved communities. As a CS student in college now, I'm excited to further develop and apply my technical skills through JumboCode.",Yes,Yes,"For fall semester anytime after 4pm, except Mondays.","CS 11: Intro to Computer Science, CS 15: Data Structures","C/C++, HTML/CSS",CS11,"I'm proud of an app prototype I collaborated on for a hackathon, the app that we made helped users have a fun time logging their sleep schedules. It was my first time using React, and there was a big learning curve, but it was so interesting.",,2,1,4,10,9,6,8,3,12,5,7,11,"I'm really interested in sharpening my skills in react, and I would love to contribute to food related issues since I worked in Tufts Dining before. I would love to learn more about how backend, and how AWS can be used to optimize newsletter delivery, since the nonprofit I worked with before also had manual newsletter delivery by hand and I'm curious to optimize. I've also done volunteer work for tutoring as well, thus I would love to be able to continue helping match students to tutors in the Tufts area.",,,
9/21/2024 23:54:37,Charlie Fitzpatrick,,He/him,charles.fitzpatrick@tufts.edu,2027,No,I want to join JumboCode because not only will I be getting hands-on experience working with a group of other programmers  but I will also be working for a good cause. When someone typically thinks of programming they do not think of philanthropy work but JumboCode proves that programming can in fact help others and I want to be part of an organization with those values.,"In HighSchool, I was part of the Service League of Boys(SLOBs) club where members would sign up to do volunteer work in the community. At one SLOBs event, I wrapped and delivered gifts to kids as part of Circle of Friends, a non profit organization that reaches out to children, teens, and young adults with disabilities and involves them in a full array of social experiences. Also here at Tufts, I am a water automation tech lead for the greenhouse project for Engineers Without Borders. The purpose of the greenhouse(which is in the student garden) is to educate a local preschool and current Tufts students on sustainability.",Yes,Yes,"Sundays: Anytime
Mondays: 12-2 pm and 7-9 pm
Tuesdays: 11am-1pm
Wednesdays: 1-2 pm
Thursdays: 11am-1pm and 8-9 pm'
Friday: 2-3 pm","CS 11: Intro to Computer Science, CS 15: Data Structures","C/C++, Python",Intro to Programming class in High School!,"Last semester for Engineers Without Borders, me and another member of my tech group were tasked with building a temperature and humidity sensor using arduino for the greenhouse. The first challenge we faced was finding an arduino sensor that works as the first few that we bought produced worrying results (99999 degrees fahrenheit). By reading many reviews of sensors and forums we eventually found a sensor that was not only effective but also fit our budget. Once we found a sensor that worked, we had to code the sensor to fit the arduino as the arduino we were given was not the one that the sensor was meant for. It took many meetings to code the sensor correctly, we encountered many linking errors, compiling errors, and errors we have never heard of before which were especially frustrating as there are no office hours for club projects. After countless hours, we eventually got the correct temp and humidity to be displayed in the terminal, now how do we display that in the greenhouse? We scoured through Nolop to find a lcd display (that we were allowed to use) and had to figure out the correct wiring to display what the terminal was outputting onto the display. I have minimal experience working with wires so it was a lot of fun learning about circuits hands on. By the grand opening of the greenhouse we got the sensor up and working for everyone to view!

I am very proud of this project as it was my first time working on a programming related project outside of school and the fact that it will be playing a part in teaching sustainability to others excited me even more! 
",,2,3,9,11,10,7,4,1,5,8,6,12,"I chose LCS tutoring as my first choice because of my experience being tutored for the SAT. I have never been a great test taker so when it came to standardized tests I always had trouble focusing and finishing. After seeing my first scores, my parents and I decided it was best that I got a tutor. By the first session I already felt more confident in my abilities as my tutor taught me a more streamlined and strategic approach as opposed to my previous brute force approach. Because of tutoring I was able to increase my score from below average to Tufts University level! Because of this experience I have the utmost respect for tutoring and would be ecstatic to have the opportunity to play a part in developing a web app that can perfectly match tutors and tutees’ so that more students can reap the same benefits of tutoring as I did.

I chose West Medford Community Center as my second choice because I believe that connecting with others with diverse backgrounds is one of life’s greatest pleasures. Coming from a majority white area, Tufts has presented me with the opportunity to meet and befriend so many people with so many different backgrounds and it has really given me a more worldly perspective. Not only have my interests broadened from meeting all of these people, but also my values. I hope developing a web-app for the West Medford Community center allows people to build connections with others that will allow them to gain new perspectives and new experiences.
",,,I have not
9/21/2024 23:59:22,Kelly Tsidji,,she/her,kelly.tsidji@tufts.edu,2025,Yes,"I would like to join JumboCode for several reasons! I would love to apply my technical skills to create meaningful, lasting change in the community by working on projects for local non-profits. JumboCode would also give me the opportunity to grow my abilities in software development through hands-on work on real-world projects. I also love that in JumboCode, I would get to work closely on a diverse team of project managers, designers and developers. This collaborative experience would allow me to simulate a professional software development environment. Overall, being part of Jumbo would also give me the opportunity to engage with and give back to the local community while improving my own skills!","I have been a TA for CS11 at Tufts for the past 4 semesters. As a TA, I grade homeworks, and run Office Hours and Labs (my favorite part of a being a TA)!

This summer, I worked part time as a mentor for the ACE++ (Access to Computing Equity) Program at Tufts. As part of this summer program/fellowship, undergraduates from underrepresented communities in Tech are given guidance on how to begin their career in Tech (through workshops on technical and behavioral topics that are not taught in a classroom), all while taking 2 courses: CS11 / CS15 and Discrete Math.
I participated in this program 3 summers ago, and decided to come back as peer mentor this summer. As a mentor, I ran Office Hours for the courses that this summer's cohort was taking. I also assisted in running weekly sessions called ""CS Enrichment"", where the students were taught the basics of data science (with each student getting to implement and present a data science project).
Coming back as a mentor for ACE++ was super meaningful to me because I had first-hand experience of what the program was like as a participant, so I was able to apply that knowledge to support this summer's cohort as much as I could!",Yes,Yes,"My schedule is pretty flexible and we can definitely talk about it more once I am hopefully accepted. But in general, I am free Mon - Wed after 6pm; Thu after 1:30pm; Fri after 3pm; Sat anytime; Sun before 5pm.","CS 11: Intro to Computer Science, CS 15: Data Structures, CS 20: Web Programming, CS 40: Machine Structures and Programming, CS 105: Programming Languages, CS 116: Introduction to Security, CS 160: Algorithms, CS 170: Computation Theory, CS135 (Intro to ML); CS152 Computer Vision; CS111 (Operating Systems) ","C/C++, HTML/CSS, JavaScript/TypeScript, React, Git/GitHub, SQL, Node.js/Express, Python",My first introduction to CS was in middle school when we were taught how to use Scratch (does that count??). My first proper introduction to CS was in high school when I took a CS course in JavaScript.,"Last summer, I created a website for Tufts Conference & Event Services (CES) to be able to easily view and loan furniture on campus for various events they organize. This project was super interesting and challenging to me because before that, my only experience with web programming was taking CS20 (Intro to Web Dev). I got to learn and use technology I had never used before: React.js for the frontend, Node.js & Express.js for the backend, and MySQL for database. My biggest challenge by far was piecing together all these different technologies to connect the frontend to the backend, and the backend to the database; I learned from watching many Youtube videos of people doing full-stack web programming. I implemented features allowing users of the site to view, create, and update the furniture inventory, work orders, and CES event details. To connect the backend to the database, I ended up using an ORM called Sequelize to convert the tables from mySQL database into objects that could be more easily manipulated using JavaScript. This was a super cool aspect of the project to me because I did not even know that it was possible to do that. To connect the frontend and backend, I learned to make API calls.",https://github.com/kelly-tsidji,12,8,9,5,2,1,4,7,6,3,10,11,I don't have any other preferences besides my ranking.,,,No
9/22/2024 0:07:33,Melinda Telford,,she/her,melinda.telford@tufts.edu,2027,Yes,I'm interested in software development and want to gain real-world experience with it.,"I have coached lego robotics teams in the past, as well as volunteered at robotics competitions and habitat for humanity.",Yes,Yes,"Monday, Thursday and Saturday nights",CS 11: Intro to Computer Science,HTML/CSS,AP cs during junior year of high school,"I made an app with a team that pulled from a weather api and used an algorithm we developed to display what some appropriate clothing to wear for the day, with the intent of it being used by someone who may have trouble determining what clothes are appropriate for the weather. This project was challenging because it was my first time using Android Studio, as well as using an API and github and putting everything together with java. ",,2,7,8,12,6,10,9,3,5,4,1,11,"I'd be happy to work on any of the projects, but I put A2Empowerment as my first choice because I think it's a really important cause and would love to be able to help make it easier for this program to continue to support women's access to education.",,,
9/22/2024 0:14:30,Roger Burtonpatel ,,Royal We,roger.burtonpatel@tufts.edu,SuperSenior,No,I want rite code ,I was in jumbocode ,Mongolia,Taking a gap semester,Absolutely not! Thanks :) ,I was art major,There’s this one eggbeater I’m pretty good at,"Yeah actually! Me and my buddies Brian and Dennis made this lightweight systems programming language once, it did ok",The ENC website working by the end of year JumboCode Muckbang was kinda nice ngl,https://docs.google.com/forms/d/e/1FAIpQLSeEIjTCx7bljcZjOTP4sw2Db7SQFpFDeMYLQwdk4YwOnCzuQw/viewform?fbzx=-4720336180713807491,2,7,4,1,5,12,10,8,9,11,3,6,Gimme Holden or gimme death,Yeah the president Ben Borgar once got the tech leads bubble tea and I was gonna bring one extra for my friend but he took it for his girlfriend and it really killed the whole vibe at the function so yeah probably Holden I’d rather not see Holden ,https://old.reddit.com/r/rust/comments/5penft/parallelizing_enjarify_in_go_and_rust/dcsgk7n/,"POTÉNCIA NÚMERO UNOOOOOOOO


and enc with “Big” Ben “Skinhead” Skinner"